{
"type": "FeatureCollection",
"crs": { "type": "name", "properties": { "name": "urn:ogc:def:crs:OGC:1.3:CRS84" } },
"features": [
{ "type": "Feature", "properties": { "OBJECTID": 1, "CommunityNumber": 2, "CommunityName": "Parkwood - Union Hill", "GlobalID": "baa3fada-cf8c-4384-899e-b296a3f0d634" }, "geometry": { "type": "Polygon", "coordinates": [ [ [ -86.753749138758906, 36.404313657924497 ], [ -86.753624309406803, 36.404274262088698 ], [ -86.753210195214805, 36.404276839184497 ], [ -86.753094625637402, 36.404317731082401 ], [ -86.752746599596094, 36.404346677433999 ], [ -86.752498385572096, 36.404375002437398 ], [ -86.752274996890506, 36.404423259145403 ], [ -86.752122979111405, 36.404517425461798 ], [ -86.751856082016999, 36.404591188520399 ], [ -86.751367124823602, 36.404763843120598 ], [ -86.751263301083398, 36.4047893809078 ], [ -86.751113336910294, 36.4047868778067 ], [ -86.750968957271894, 36.404746227099402 ], [ -86.750875122864102, 36.404705434422603 ], [ -86.750760733487297, 36.404647086182798 ], [ -86.750603581687898, 36.404648060607201 ], [ -86.750495889640703, 36.404668814702397 ], [ -86.749923623878402, 36.404567121479097 ], [ -86.749715465200893, 36.404519482123199 ], [ -86.749475653156196, 36.404538134853397 ], [ -86.749311253436602, 36.404536233924198 ], [ -86.7491364657606, 36.404603583758899 ], [ -86.749045845164801, 36.4046777948287 ], [ -86.748880768982104, 36.4047390754315 ], [ -86.748743405959303, 36.404811343562699 ], [ -86.748399968780802, 36.404742048535098 ], [ -86.748284701787796, 36.404635633227798 ], [ -86.748149027775, 36.4044823038261 ], [ -86.747964348294602, 36.4042223209102 ], [ -86.747697541899896, 36.404036323628901 ], [ -86.747389494302396, 36.403890924971599 ], [ -86.747230589635095, 36.403751128907999 ], [ -86.747076477513104, 36.403624007319799 ], [ -86.746996853813101, 36.403558402143602 ], [ -86.746847015527806, 36.403478980710098 ], [ -86.746713868322004, 36.403412847122503 ], [ -86.7465967154548, 36.403286183669898 ], [ -86.746463207227094, 36.403226747521501 ], [ -86.746240621750502, 36.403315161094902 ], [ -86.746040839063397, 36.403209264551897 ], [ -86.745981704499698, 36.403109196600496 ], [ -86.745889313596905, 36.402995770858197 ], [ -86.745805040389897, 36.402842293773602 ], [ -86.745771091370898, 36.402755461535399 ], [ -86.745824858825301, 36.402286274270203 ], [ -86.745874498995505, 36.402100211474 ], [ -86.745953456582001, 36.401870189783601 ], [ -86.745993390174505, 36.401735862187401 ], [ -86.746029969592001, 36.4016061905822 ], [ -86.746107616444306, 36.401507511503503 ], [ -86.746164176706102, 36.401379776854 ], [ -86.746283007004493, 36.401189338727299 ], [ -86.746345670273399, 36.401033239261899 ], [ -86.746343956865402, 36.4008516130706 ], [ -86.746181211211606, 36.400618960676397 ], [ -86.746238657386797, 36.400495169114002 ], [ -86.746237773283497, 36.400401437622499 ], [ -86.746178274145606, 36.400307552388099 ], [ -86.746095108452096, 36.400181193896998 ], [ -86.746109208128004, 36.399919810951502 ], [ -86.746132073327701, 36.3997321961075 ], [ -86.746043404919703, 36.3996077599489 ], [ -86.745906293632601, 36.399525855351897 ], [ -86.745688270684596, 36.399376292282597 ], [ -86.745547991480606, 36.399273633579398 ], [ -86.745332225414501, 36.399092981985703 ], [ -86.745139827081005, 36.399048327975599 ], [ -86.745040635319597, 36.3990690249748 ], [ -86.744825389497706, 36.399123913472202 ], [ -86.744721129057595, 36.3989671248519 ], [ -86.744673356206206, 36.398810160352902 ], [ -86.744590181565101, 36.3986824274075 ], [ -86.744480772730299, 36.398610308205797 ], [ -86.744305935716298, 36.398490864305998 ], [ -86.744214121019596, 36.398437864786203 ], [ -86.744137917053095, 36.398373781752703 ], [ -86.744136452579994, 36.398218077468997 ], [ -86.744095279406594, 36.398130430656899 ], [ -86.744044771010806, 36.398043699602901 ], [ -86.743745308753603, 36.397904762614402 ], [ -86.743683459899003, 36.397831492079902 ], [ -86.743627541136306, 36.397711316581002 ], [ -86.743478487984206, 36.3977591005984 ], [ -86.743304786560202, 36.3977601672741 ], [ -86.743130534663393, 36.397747846079199 ], [ -86.742973286135296, 36.39778228878 ], [ -86.742865837541999, 36.397782948187299 ], [ -86.742541825496204, 36.397697894557197 ], [ -86.742417263462002, 36.3976852675369 ], [ -86.742216933228903, 36.397518936775199 ], [ -86.742050673615296, 36.397453001023898 ], [ -86.741874602011293, 36.397246519662502 ], [ -86.741773213099705, 36.397032713256799 ], [ -86.741754955293501, 36.396852046592002 ], [ -86.741841755368498, 36.396597085625899 ], [ -86.741942250528496, 36.396489170016302 ], [ -86.742015565222005, 36.396381420926197 ], [ -86.7418561070142, 36.396134664623403 ], [ -86.741708147463996, 36.396027069783301 ], [ -86.741610769638697, 36.395923800241597 ], [ -86.7414883483751, 36.395822057457202 ], [ -86.741403713313105, 36.395628234545597 ], [ -86.741386146767198, 36.395521214062803 ], [ -86.7414083784345, 36.395219608506601 ], [ -86.741415129939199, 36.395078961543597 ], [ -86.741496751077804, 36.394951246999497 ], [ -86.741510927758, 36.394696559248203 ], [ -86.741449530522303, 36.394308424250198 ], [ -86.741340156413301, 36.3941484019497 ], [ -86.741206965184205, 36.394075395302899 ], [ -86.741188960224406, 36.393921508867798 ], [ -86.741344004667397, 36.393652567421299 ], [ -86.741382814336902, 36.393397900392301 ], [ -86.741357303364097, 36.393304147823301 ], [ -86.741347743461603, 36.393190382708298 ], [ -86.741263740400996, 36.393063682455299 ], [ -86.741064052965697, 36.392964472457301 ], [ -86.740956311621403, 36.392978523023103 ], [ -86.740682242948694, 36.392872900480398 ], [ -86.740631128969795, 36.392766085065901 ], [ -86.740637113979105, 36.392498056341601 ], [ -86.740684293376802, 36.3922299472137 ], [ -86.740615662138595, 36.3919757660153 ], [ -86.740439103639901, 36.391715549479599 ], [ -86.740486283241907, 36.3914474403581 ], [ -86.740509707698706, 36.391273042030697 ], [ -86.7404497119079, 36.391079239143103 ], [ -86.740206456694594, 36.3907256929729 ], [ -86.740205515608096, 36.390625094325401 ], [ -86.740146084694601, 36.390491547435701 ], [ -86.739892448715594, 36.3903445949638 ], [ -86.739762722814802, 36.390232594165298 ], [ -86.739646500839498, 36.390202230337898 ], [ -86.739554426112093, 36.390120043221003 ], [ -86.739396252739496, 36.390054054362402 ], [ -86.739213136828894, 36.389954740043201 ], [ -86.738662678091003, 36.389582979839901 ], [ -86.738501195889199, 36.389480785541103 ], [ -86.738146915215196, 36.389379080182401 ], [ -86.737698500758995, 36.389247216818802 ], [ -86.737150225127095, 36.3890629108962 ], [ -86.736697354047095, 36.388816903821301 ], [ -86.736416922277598, 36.388618603159003 ], [ -86.736180331276202, 36.388430851046202 ], [ -86.735857857317797, 36.388186622866698 ], [ -86.735707499076995, 36.3880469309739 ], [ -86.735531276656303, 36.387820182638798 ], [ -86.735421912553804, 36.387613286072998 ], [ -86.735254260997706, 36.387440392753902 ], [ -86.735154331587296, 36.387380396692599 ], [ -86.734886797931694, 36.387060979702902 ], [ -86.734689132244796, 36.3868568503663 ], [ -86.734218098065398, 36.386481840821702 ], [ -86.734101238715596, 36.386381945131198 ], [ -86.734009000080903, 36.386235203051399 ], [ -86.733878139264107, 36.385953411194301 ], [ -86.733619734042193, 36.385747244808499 ], [ -86.733364315323001, 36.385542433210503 ], [ -86.733180845222194, 36.385402938732199 ], [ -86.732911842639794, 36.384969187207197 ], [ -86.732833882050699, 36.384621320313599 ], [ -86.732823766446899, 36.384400257557701 ], [ -86.732870533445094, 36.384085284692603 ], [ -86.732841633168704, 36.383669993687398 ], [ -86.732723913390899, 36.383476536119403 ], [ -86.732530954355894, 36.383182929225399 ], [ -86.732276898234602, 36.382848831778198 ], [ -86.732114230962907, 36.382616159062302 ], [ -86.731953725751694, 36.382617129833399 ], [ -86.731728623979194, 36.382566643513201 ], [ -86.731529983812706, 36.382438740740902 ], [ -86.731340139474398, 36.382205716187897 ], [ -86.731306669378199, 36.382076128163902 ], [ -86.731193717376101, 36.3819384363156 ], [ -86.7310191227958, 36.381839058025598 ], [ -86.730885166175696, 36.381725871344798 ], [ -86.730816021732394, 36.381595640194 ], [ -86.730782839185096, 36.381405103771201 ], [ -86.730689015312294, 36.381223345782303 ], [ -86.730672443872095, 36.381084213110803 ], [ -86.730494520908806, 36.380669992461598 ], [ -86.7304258453713, 36.380498383263102 ], [ -86.730282552320702, 36.380155372259303 ], [ -86.730255948278199, 36.379941275708603 ], [ -86.730225651344895, 36.379695097190002 ], [ -86.730194007761696, 36.379533050155501 ], [ -86.7300654506207, 36.379038012740097 ], [ -86.730029676228398, 36.378750320483903 ], [ -86.730027018902206, 36.378462256754197 ], [ -86.730107404338199, 36.378200474208001 ], [ -86.730037707526805, 36.3778257728342 ], [ -86.729883828694, 36.377439218101202 ], [ -86.729797880877399, 36.377235951659102 ], [ -86.729705083398898, 36.376796322367298 ], [ -86.729587930685895, 36.376662431139799 ], [ -86.729490114613398, 36.376507306535302 ], [ -86.729261431357003, 36.3762964875961 ], [ -86.728903356157304, 36.376097778513603 ], [ -86.728652569969896, 36.375837990890801 ], [ -86.728542261127799, 36.375570833292699 ], [ -86.728548435910994, 36.375319112376502 ], [ -86.728529999962404, 36.375115266803597 ], [ -86.728511099511806, 36.374860949908403 ], [ -86.728582501734806, 36.374545657786001 ], [ -86.728601982765596, 36.374125094581302 ], [ -86.728535058484098, 36.373865916306002 ], [ -86.728542170810101, 36.373762178357303 ], [ -86.728464233658798, 36.373367438556997 ], [ -86.728304622759097, 36.373140578917301 ], [ -86.728173883514401, 36.372959727451601 ], [ -86.727947856325301, 36.372805372844198 ], [ -86.727844751513899, 36.372674485556203 ], [ -86.727752718832903, 36.372547136889096 ], [ -86.727623069274898, 36.372392202046903 ], [ -86.727558243897107, 36.372314648734999 ], [ -86.727395851971906, 36.372108062895897 ], [ -86.727233459316906, 36.371901305153401 ], [ -86.727223680721707, 36.3718074545314 ], [ -86.727358337907106, 36.371537278100398 ], [ -86.727401753764994, 36.371364306256503 ], [ -86.727352137621395, 36.370862609760103 ], [ -86.727304435301093, 36.370661514837799 ], [ -86.727277785510793, 36.370487418938801 ], [ -86.727000123043794, 36.369980053566998 ], [ -86.726839416445301, 36.369632678400798 ], [ -86.726821260531594, 36.369458703013997 ], [ -86.726727465172601, 36.369231274076398 ], [ -86.726597109127695, 36.368998570791497 ], [ -86.726474122792396, 36.368643586276399 ], [ -86.726414791425896, 36.368516555183199 ], [ -86.726408645110794, 36.367846864595201 ], [ -86.726328353008498, 36.367702619472801 ], [ -86.726256190425602, 36.3674726566774 ], [ -86.726204122407296, 36.367211670648501 ], [ -86.726161210903598, 36.366976896828803 ], [ -86.726158591676594, 36.366691406963497 ], [ -86.726148674827002, 36.366582277319601 ], [ -86.7260912746938, 36.366341581535202 ], [ -86.726054629959904, 36.366234500738599 ], [ -86.726088773852396, 36.366068966981601 ], [ -86.726134157779697, 36.365879158721398 ], [ -86.726189803413106, 36.365651003959798 ], [ -86.726116277112595, 36.365549809965998 ], [ -86.725954378336596, 36.365395066578202 ], [ -86.725838001331297, 36.365204340245199 ], [ -86.725786243143901, 36.364976829824201 ], [ -86.725691592861594, 36.364747859794399 ], [ -86.725650475990193, 36.364615911878097 ], [ -86.7255822867928, 36.364402062678302 ], [ -86.725530898083704, 36.364214723278202 ], [ -86.725504930980605, 36.3641144454756 ], [ -86.725374347077306, 36.363438632696798 ], [ -86.725478858434897, 36.3630762737629 ], [ -86.725442554102401, 36.3627281501441 ], [ -86.725432223083303, 36.362527344987903 ], [ -86.725260649392794, 36.361871864206101 ], [ -86.725399621929, 36.361656772849798 ], [ -86.725687592892001, 36.361440616116802 ], [ -86.725868415601596, 36.361298924481702 ], [ -86.725950579617802, 36.3612314758266 ], [ -86.726138600043001, 36.360948961859997 ], [ -86.726242802970404, 36.360599994929501 ], [ -86.726257206862698, 36.360365391671799 ], [ -86.726180647143494, 36.360118114885999 ], [ -86.725862845028601, 36.359811853622197 ], [ -86.725662645431996, 36.359645493366997 ], [ -86.725387982887199, 36.359506533200999 ], [ -86.725113991122299, 36.359394350697997 ], [ -86.724913737546103, 36.359268162981898 ], [ -86.724709480297605, 36.359121912181898 ], [ -86.724702591592106, 36.358369473490399 ], [ -86.724672583908401, 36.358244840760896 ], [ -86.724698552416598, 36.357928276179102 ], [ -86.724758634865907, 36.357674857709497 ], [ -86.724861858640693, 36.357218768169901 ], [ -86.724885002414695, 36.3570110664852 ], [ -86.724916761400095, 36.356863401722698 ], [ -86.724988463547007, 36.356534716876702 ], [ -86.724860718234098, 36.356167053502602 ], [ -86.724884295551504, 36.356053087323801 ], [ -86.724941038373501, 36.355898748917497 ], [ -86.725005844389798, 36.355744190477402 ], [ -86.725102718000997, 36.355475786548602 ], [ -86.724968625768597, 36.355295637608997 ], [ -86.724678344568105, 36.355257203102802 ], [ -86.724577608991197, 36.355103807953 ], [ -86.724625922069393, 36.354956044034097 ], [ -86.724790606712006, 36.354861319389997 ], [ -86.724939099871506, 36.354759995946402 ], [ -86.724937381555407, 36.354572358124798 ], [ -86.724795661685505, 36.3544861645602 ], [ -86.724637387955994, 36.354400069976002 ], [ -86.724601436029403, 36.354321483383302 ], [ -86.724709027739195, 36.354064689810301 ], [ -86.724789152932104, 36.353775269442998 ], [ -86.724745663310998, 36.353568825112198 ], [ -86.724677729658794, 36.353381583846797 ], [ -86.724624430294995, 36.353309110005 ], [ -86.724492878835804, 36.353081389363503 ], [ -86.724284577514496, 36.352955248638899 ], [ -86.724094603994303, 36.352976472535801 ], [ -86.723962173023196, 36.352977265052402 ], [ -86.723961009684899, 36.352850055797603 ], [ -86.723826438824901, 36.352663212753399 ], [ -86.723709827699295, 36.352583563260197 ], [ -86.723634691068, 36.352490274413498 ], [ -86.723582825133306, 36.352249371651901 ], [ -86.723440437876306, 36.352089528950302 ], [ -86.723016944820003, 36.351964844277603 ], [ -86.722917009892797, 36.3518983138556 ], [ -86.722767232420907, 36.351812166027798 ], [ -86.722665954870607, 36.3515985120683 ], [ -86.722714755217197, 36.351503967220602 ], [ -86.722738337369705, 36.351390344631803 ], [ -86.722646343914604, 36.351263677881498 ], [ -86.722569806025206, 36.351063095539999 ], [ -86.722544454754996, 36.350982899822398 ], [ -86.722501942339306, 36.350882719801902 ], [ -86.722549584536097, 36.350661308984499 ], [ -86.722641423784694, 36.350492168813602 ], [ -86.722640475722798, 36.3503883069125 ], [ -86.722606274703395, 36.350129099792298 ], [ -86.722572595864705, 36.349973585422099 ], [ -86.722567290668096, 36.349857388426003 ], [ -86.722549331996902, 36.349703496965901 ], [ -86.722622263081902, 36.3495555865589 ], [ -86.722760793298306, 36.349293630741499 ], [ -86.722949743636903, 36.349114810903501 ], [ -86.723048420755603, 36.349044003252601 ], [ -86.7233269459675, 36.348727473480402 ], [ -86.723549093706893, 36.348558755091098 ], [ -86.723617633200007, 36.348487955515999 ], [ -86.723711622630105, 36.348229526853203 ], [ -86.723677231657902, 36.348089124968602 ], [ -86.723600816613498, 36.347901933542602 ], [ -86.723492150678098, 36.347761975826501 ], [ -86.723299867187706, 36.347575477074699 ], [ -86.723191450552406, 36.347509169208401 ], [ -86.722997718377997, 36.347349804400999 ], [ -86.722634214731698, 36.347237807662601 ], [ -86.722450424632299, 36.347051428496897 ], [ -86.722348663762801, 36.3467840403653 ], [ -86.722271827121702, 36.346550153023799 ], [ -86.722221312898498, 36.3464565444717 ], [ -86.722120837549994, 36.3463299277945 ], [ -86.722025126667901, 36.346213755205902 ], [ -86.721844821835703, 36.346036796798501 ], [ -86.721702133729806, 36.345982023095402 ], [ -86.721570210478404, 36.345850958135998 ], [ -86.7215606237191, 36.345730494434498 ], [ -86.721602715559001, 36.345645260692301 ], [ -86.721749843707499, 36.345581890685501 ], [ -86.721882140237, 36.345567710106799 ], [ -86.722031355397405, 36.3455936020381 ], [ -86.722171957054897, 36.3455592847573 ], [ -86.722253863573201, 36.345465057302697 ], [ -86.722194618986805, 36.3453448900922 ], [ -86.7221772101407, 36.345251083852901 ], [ -86.721968382231594, 36.345017984089402 ], [ -86.721949084063098, 36.344763494520897 ], [ -86.721880673304497, 36.344475819969901 ], [ -86.721829615937295, 36.344368994909999 ], [ -86.721820392333697, 36.344241833395103 ], [ -86.721711796843493, 36.344155266726297 ], [ -86.721527466930894, 36.3439086287717 ], [ -86.721376545469795, 36.343695097670597 ], [ -86.721225260448605, 36.343441566564401 ], [ -86.721149343551403, 36.343307935278503 ], [ -86.7211478799601, 36.343147249365501 ], [ -86.721152497208294, 36.343001806920597 ], [ -86.721126132941706, 36.342856549158398 ], [ -86.720912477211698, 36.342511711024997 ], [ -86.720911243896595, 36.342376261003999 ], [ -86.720891336951098, 36.342240922259798 ], [ -86.720884194091994, 36.342155638693399 ], [ -86.720846311587806, 36.342050451466299 ], [ -86.720789057719401, 36.341915335233999 ], [ -86.720700608236797, 36.3417101867349 ], [ -86.720631322345497, 36.341605358199899 ], [ -86.720556048211705, 36.341495414820301 ], [ -86.720437106777297, 36.341390710253002 ], [ -86.720293232105902, 36.341251130822002 ], [ -86.720130729853494, 36.341116640899202 ], [ -86.720043196284493, 36.341011920643403 ], [ -86.719892774468704, 36.340852292854997 ], [ -86.719829854729198, 36.340747254274298 ], [ -86.719742170673101, 36.340672579113601 ], [ -86.719662998028696, 36.340600428488798 ], [ -86.719460153182396, 36.340322994497797 ], [ -86.719272409781595, 36.340072596185401 ], [ -86.719102627210702, 36.339883724803698 ], [ -86.718820707307501, 36.339544267328101 ], [ -86.718720353692902, 36.339429492996899 ], [ -86.718469380992204, 36.339036919933797 ], [ -86.718245889966795, 36.338636906091203 ], [ -86.719418952371498, 36.339245073602399 ], [ -86.719523872087095, 36.339301791520498 ], [ -86.720383276896101, 36.339625963602103 ], [ -86.720665245662801, 36.339830131380801 ], [ -86.720888114037095, 36.340068987211197 ], [ -86.721085783868105, 36.340383533116899 ], [ -86.721197631703504, 36.3406230981657 ], [ -86.721257804129806, 36.340742864470997 ], [ -86.721404547520507, 36.341038832950197 ], [ -86.721759980255101, 36.3417586373197 ], [ -86.722051399913695, 36.342113654219297 ], [ -86.7232565112933, 36.343108393353297 ], [ -86.724019896111301, 36.343183487459903 ], [ -86.724325871658493, 36.343457720994898 ], [ -86.724601987118703, 36.343251593747901 ], [ -86.726032893222694, 36.3434073143641 ], [ -86.726162300284798, 36.343957809644998 ], [ -86.728454498937495, 36.343893725581303 ], [ -86.728882551332305, 36.342995995232201 ], [ -86.729345245145694, 36.342035733457003 ], [ -86.7295615406764, 36.3406826010308 ], [ -86.729399042648296, 36.338707342457496 ], [ -86.730071292309802, 36.338936603745701 ], [ -86.730243995400201, 36.339025351316998 ], [ -86.730395658642195, 36.3391336258236 ], [ -86.731168012752903, 36.339218234799503 ], [ -86.733103476529195, 36.339419235307503 ], [ -86.733213177274806, 36.338676413605697 ], [ -86.733234882140195, 36.338554286591297 ], [ -86.733338787343101, 36.337331692105799 ], [ -86.733514422086301, 36.335217211291599 ], [ -86.733862357014104, 36.3352563047508 ], [ -86.734762240900295, 36.335367586146802 ], [ -86.735395098934504, 36.3354419360547 ], [ -86.735585210566697, 36.335467825865102 ], [ -86.735596001538894, 36.335319227040998 ], [ -86.735608051770697, 36.335156954588598 ], [ -86.735630268406794, 36.334744766658801 ], [ -86.735639761926294, 36.334598748641497 ], [ -86.735671093555993, 36.334065015436401 ], [ -86.735731322803701, 36.332877614292698 ], [ -86.735281044903999, 36.332784381523503 ], [ -86.734614791490003, 36.332511333360799 ], [ -86.734425412638501, 36.332374528041797 ], [ -86.734337189636904, 36.332317279748302 ], [ -86.733894004829807, 36.33203156263 ], [ -86.733649314188696, 36.331958364916197 ], [ -86.733399109291796, 36.331931211212002 ], [ -86.733195550791393, 36.331946179960902 ], [ -86.732874678712903, 36.332078432051901 ], [ -86.732704232587096, 36.332186423238802 ], [ -86.732572389170201, 36.332246967542403 ], [ -86.732148780828197, 36.332347158286503 ], [ -86.731872871441894, 36.3323679467061 ], [ -86.731534438975501, 36.332299432299898 ], [ -86.731255520807096, 36.332150037807601 ], [ -86.7310500610281, 36.331959166457104 ], [ -86.730946696844399, 36.331794975416102 ], [ -86.730812263295405, 36.331482981199699 ], [ -86.730805334629807, 36.331238031301503 ], [ -86.730727731298501, 36.331014110355802 ], [ -86.730518508745604, 36.330736904185699 ], [ -86.730269746665201, 36.330497534977901 ], [ -86.730128575472605, 36.330420786475202 ], [ -86.730180647239905, 36.330315230370402 ], [ -86.730344340896295, 36.329993869847499 ], [ -86.730656678463006, 36.329377105865298 ], [ -86.730780590743706, 36.329108623018698 ], [ -86.730902743895101, 36.328872163845901 ], [ -86.7312332740877, 36.327902730842403 ], [ -86.731539095231895, 36.327337073540903 ], [ -86.732011591655294, 36.326716154725297 ], [ -86.732430969694605, 36.326317198843199 ], [ -86.732578627630303, 36.326204284572597 ], [ -86.733082182131099, 36.325848961961903 ], [ -86.733728746602594, 36.325417265581002 ], [ -86.7340299786364, 36.325183493363703 ], [ -86.734338509810897, 36.324867611344303 ], [ -86.7351131764744, 36.323844478575197 ], [ -86.735347152579493, 36.3234517893288 ], [ -86.735615221528704, 36.323120869980997 ], [ -86.7361690025066, 36.322486219662402 ], [ -86.736490998193204, 36.322205788322599 ], [ -86.737289495405193, 36.321697203061397 ], [ -86.738199337687007, 36.321208534830902 ], [ -86.7389918907799, 36.320883675956502 ], [ -86.7393944383508, 36.320738747707502 ], [ -86.740263329175093, 36.320406344849197 ], [ -86.7406591790363, 36.320221764616001 ], [ -86.740899322291895, 36.320038823827502 ], [ -86.741045839875696, 36.319871564465998 ], [ -86.741178137121594, 36.319681043063802 ], [ -86.741334330073599, 36.319323669979198 ], [ -86.7413878067795, 36.319007958847401 ], [ -86.741365262419805, 36.318820618234199 ], [ -86.741244218068402, 36.318399876207401 ], [ -86.741089553939304, 36.318194975076104 ], [ -86.740764002723196, 36.317819608360601 ], [ -86.740412701076806, 36.3174579614397 ], [ -86.739937417691706, 36.317086427742403 ], [ -86.739704233736902, 36.316878056475602 ], [ -86.739292618542706, 36.3164630380682 ], [ -86.738949151531401, 36.315984765469402 ], [ -86.738804592656194, 36.3157331106733 ], [ -86.738700066398906, 36.315538100380003 ], [ -86.738534993341403, 36.315205103026599 ], [ -86.738226034581999, 36.314877527797101 ], [ -86.738076136438394, 36.314781221533202 ], [ -86.7378670957699, 36.314649833509797 ], [ -86.737611693773104, 36.314560055716001 ], [ -86.737224332025903, 36.314458498647703 ], [ -86.736133231713296, 36.314209901739197 ], [ -86.735011967896497, 36.313854125437302 ], [ -86.734569264955198, 36.3136509662571 ], [ -86.734200284437804, 36.313436713455303 ], [ -86.733989580703096, 36.313270064916097 ], [ -86.733677540234893, 36.313019775188799 ], [ -86.733467358781994, 36.312772451625101 ], [ -86.733329803353996, 36.312533271478102 ], [ -86.733136716465197, 36.312011238269399 ], [ -86.732615812397498, 36.310520138470601 ], [ -86.732527373709701, 36.310103440332497 ], [ -86.732495316294504, 36.309979779215503 ], [ -86.732377402228394, 36.309512937646801 ], [ -86.732065584597095, 36.307860990713998 ], [ -86.731775894785898, 36.3058935239224 ], [ -86.732759394091602, 36.305908169823603 ], [ -86.733887122137801, 36.305921760723997 ], [ -86.733839842043693, 36.3063133166374 ], [ -86.735308057819296, 36.3064992290604 ], [ -86.735790766736699, 36.306554935459999 ], [ -86.737108463795906, 36.306714576845401 ], [ -86.737171970750893, 36.306345546407798 ], [ -86.737268014062195, 36.305715945293997 ], [ -86.737476909523195, 36.3042577787525 ], [ -86.737551777532701, 36.303772860042201 ], [ -86.737761076502295, 36.302220356848501 ], [ -86.737024741134604, 36.302088713089503 ], [ -86.7368692874402, 36.302062175023003 ], [ -86.735791235527998, 36.301875427999299 ], [ -86.735593403153501, 36.301859119927997 ], [ -86.735200856478201, 36.301796782395698 ], [ -86.734746693003103, 36.301677131980597 ], [ -86.734635950082904, 36.3016287030797 ], [ -86.733638813296494, 36.301326755246897 ], [ -86.732973109619806, 36.301129749985598 ], [ -86.732432086167506, 36.300928552133897 ], [ -86.731940065493404, 36.3007049078861 ], [ -86.730703773243604, 36.299950792327202 ], [ -86.730862933566698, 36.299730245464701 ], [ -86.730956689282905, 36.299639200785101 ], [ -86.731433315832504, 36.299411633194502 ], [ -86.731693140090599, 36.299302563447199 ], [ -86.731802975756395, 36.2992646568064 ], [ -86.732613843266193, 36.298977626624897 ], [ -86.733015854968897, 36.298863203334797 ], [ -86.733119252880002, 36.2988323117901 ], [ -86.733379352192202, 36.2987491290747 ], [ -86.735467498665898, 36.2980759520064 ], [ -86.735775515118803, 36.297996748684703 ], [ -86.736179235314594, 36.297896474117898 ], [ -86.736344580151794, 36.297858712878799 ], [ -86.737184297671007, 36.297677659747002 ], [ -86.738123149219604, 36.297463849250498 ], [ -86.738508976869198, 36.297308006650802 ], [ -86.738682389191496, 36.297208571723402 ], [ -86.738939155133295, 36.297041154889399 ], [ -86.7390896279164, 36.296892757644301 ], [ -86.739428645516696, 36.296494092150802 ], [ -86.740259821108694, 36.295155126763902 ], [ -86.740498593861503, 36.294772477631597 ], [ -86.741407905687893, 36.293325538370198 ], [ -86.739964523158704, 36.293174737278598 ], [ -86.739422570266797, 36.293118206077203 ], [ -86.738711065421398, 36.293041499760797 ], [ -86.738217666036505, 36.292987939937198 ], [ -86.7372685326404, 36.2928936623968 ], [ -86.736527859310399, 36.292830141741398 ], [ -86.735265174612195, 36.292732820710803 ], [ -86.735087135795794, 36.292721297137597 ], [ -86.733925242976795, 36.292637070301701 ], [ -86.733695574319995, 36.292569790300902 ], [ -86.731736828582996, 36.293398196724397 ], [ -86.729957584240395, 36.294274863888198 ], [ -86.729848443127395, 36.2943276509939 ], [ -86.728328944538006, 36.2950873072202 ], [ -86.727872901303897, 36.295316655060702 ], [ -86.725433806537794, 36.2965515785435 ], [ -86.724700640765803, 36.296995145479201 ], [ -86.724428300339696, 36.296900634136598 ], [ -86.723859537359701, 36.296814764718903 ], [ -86.723340359309901, 36.296584552377702 ], [ -86.722957743356702, 36.296351461038903 ], [ -86.722829105044397, 36.296292655566603 ], [ -86.722622344027499, 36.296179206089498 ], [ -86.722612712720803, 36.295960365437402 ], [ -86.722553563937097, 36.295800193590502 ], [ -86.722389440305605, 36.295617643229498 ], [ -86.722114551685394, 36.295428886894001 ], [ -86.721911632443806, 36.295131538701298 ], [ -86.721769360311399, 36.295019247811901 ], [ -86.721535869639794, 36.294811357643802 ], [ -86.721417266378396, 36.2946896540845 ], [ -86.7211635540515, 36.2943103705921 ], [ -86.721071356815699, 36.294200355423698 ], [ -86.720978991104403, 36.294071799211501 ], [ -86.720903933577901, 36.293701063902098 ], [ -86.720845971659799, 36.293624151280099 ], [ -86.720659543859895, 36.293553326731598 ], [ -86.720472603264199, 36.2934727189078 ], [ -86.720063121547, 36.293221236451501 ], [ -86.719900315902194, 36.293089150172896 ], [ -86.719683678126401, 36.292914291215702 ], [ -86.720638197501998, 36.292152250101502 ], [ -86.721739940214704, 36.291277720104397 ], [ -86.722507982135795, 36.290709146581598 ], [ -86.722879379421201, 36.290396370723997 ], [ -86.723804264113497, 36.289596277465598 ], [ -86.724299298610902, 36.289160942615403 ], [ -86.725344182505793, 36.288219434518901 ], [ -86.725587284108897, 36.287993930811901 ], [ -86.726371932421102, 36.287224277821998 ], [ -86.726596254079794, 36.2870062558532 ], [ -86.727179090214804, 36.286444853651801 ], [ -86.727277248965095, 36.2863535903209 ], [ -86.728794445567701, 36.2849347384374 ], [ -86.729056906260098, 36.284683692068299 ], [ -86.732151296719707, 36.281700817789996 ], [ -86.732954204740395, 36.2806557075968 ], [ -86.733229993734696, 36.280257028618401 ], [ -86.734093954556201, 36.278847119308899 ], [ -86.734529538194707, 36.277983124593099 ], [ -86.734690779255303, 36.277629117005901 ], [ -86.734881898419204, 36.277200326488902 ], [ -86.735090432896001, 36.276548368292403 ], [ -86.735195843315793, 36.276215933520298 ], [ -86.735218638498296, 36.276125126295298 ], [ -86.735398250292107, 36.275400818456397 ], [ -86.735596438611594, 36.274593390284799 ], [ -86.735624327566498, 36.274463025195097 ], [ -86.7358460736003, 36.273407352634798 ], [ -86.735943160601494, 36.272946566808002 ], [ -86.736420816703401, 36.270591614154 ], [ -86.736705631362895, 36.269239978937897 ], [ -86.736869378239504, 36.268401695429098 ], [ -86.737012217609703, 36.267696893637499 ], [ -86.737136463571005, 36.267067273165999 ], [ -86.737394136424101, 36.265812269884101 ], [ -86.737755459946001, 36.2641300187586 ], [ -86.738092622141096, 36.2624443443922 ], [ -86.738139180048606, 36.262164228785899 ], [ -86.738215055660405, 36.261714497421103 ], [ -86.738321417646205, 36.260797726360998 ], [ -86.738345743351701, 36.260305280341399 ], [ -86.738342495728901, 36.259813137781002 ], [ -86.738348439436905, 36.259329122735501 ], [ -86.738378361915096, 36.256351542759298 ], [ -86.738455414570694, 36.2557937753758 ], [ -86.738508700009803, 36.255546446807699 ], [ -86.738529029893598, 36.255452363878703 ], [ -86.738600135902004, 36.2551526303995 ], [ -86.738686840849297, 36.254801414357601 ], [ -86.738839513492707, 36.254291739582001 ], [ -86.738898826128704, 36.254105439591399 ], [ -86.739108314422793, 36.253654632997304 ], [ -86.739335330616797, 36.253202164374798 ], [ -86.739508320592705, 36.252877962742197 ], [ -86.739558600895293, 36.252793480135701 ], [ -86.739684239228893, 36.252590323745899 ], [ -86.740134925278397, 36.251869233102802 ], [ -86.740184816360298, 36.251792240446598 ], [ -86.740255672811102, 36.251684403303202 ], [ -86.740389795791899, 36.251481649653698 ], [ -86.740703584965004, 36.251009943853298 ], [ -86.741534824305603, 36.249785431443101 ], [ -86.741639609196099, 36.249658648337402 ], [ -86.741733206115399, 36.2495313935732 ], [ -86.742612539509594, 36.248346594711101 ], [ -86.742973171094206, 36.247939964000103 ], [ -86.7431117864501, 36.247799399000399 ], [ -86.743947941795895, 36.246996640508698 ], [ -86.746705733813997, 36.244725539108302 ], [ -86.748330653271907, 36.2433890247246 ], [ -86.7484093308708, 36.243324342105197 ], [ -86.7493939931163, 36.242514379331702 ], [ -86.749933929066302, 36.242113255318998 ], [ -86.750402486179098, 36.241733394515002 ], [ -86.750947291602102, 36.241294928898299 ], [ -86.751619486324003, 36.240777664624098 ], [ -86.752126128376503, 36.240431135268203 ], [ -86.753270755492295, 36.239733302287298 ], [ -86.754683626223198, 36.238941414514102 ], [ -86.755740961540894, 36.238428667739498 ], [ -86.756175130893197, 36.238270767578598 ], [ -86.756986191437804, 36.237980403964897 ], [ -86.758334695639206, 36.237506243068999 ], [ -86.759416340973701, 36.237190581006999 ], [ -86.760787382439503, 36.236776941486198 ], [ -86.761699144953496, 36.236472114787098 ], [ -86.762649117477395, 36.236262670402098 ], [ -86.763590326157896, 36.235847934441303 ], [ -86.763774194787501, 36.235751141572102 ], [ -86.765383848206099, 36.2350332535974 ], [ -86.766830041306804, 36.234201865258797 ], [ -86.768251526411603, 36.233185707617103 ], [ -86.769611741473895, 36.232021595428499 ], [ -86.769795704566405, 36.231855869832103 ], [ -86.770667797915195, 36.231043950804199 ], [ -86.771156269160898, 36.230480477555702 ], [ -86.772166552047196, 36.229094809835601 ], [ -86.772484157471098, 36.2284916227295 ], [ -86.773016692401995, 36.227525457057901 ], [ -86.773279808079593, 36.227025048211601 ], [ -86.773684261688203, 36.226421457121198 ], [ -86.774011175014905, 36.225959022926297 ], [ -86.774353993572703, 36.2255092732047 ], [ -86.774618773451195, 36.225149532516099 ], [ -86.775727701869698, 36.2255771808532 ], [ -86.776187233218906, 36.2257660376183 ], [ -86.777091648783596, 36.226258924549597 ], [ -86.778282872496206, 36.227192006268901 ], [ -86.778899049239698, 36.227678335185203 ], [ -86.779228413131605, 36.227970955329397 ], [ -86.779726078354699, 36.228389881592499 ], [ -86.783218184676699, 36.231723444188503 ], [ -86.783413515107696, 36.231935566361898 ], [ -86.784999191001603, 36.233988971199601 ], [ -86.785891231849703, 36.236510627929199 ], [ -86.785968478206499, 36.237150471862499 ], [ -86.786103204666603, 36.238020842349698 ], [ -86.785990184420299, 36.239387851094698 ], [ -86.785667869988799, 36.241161233776701 ], [ -86.785520782230506, 36.241719118102203 ], [ -86.784642182212195, 36.244683761067499 ], [ -86.784528511018095, 36.245069268874303 ], [ -86.784145022894194, 36.246446597181802 ], [ -86.784084306725404, 36.246697411148702 ], [ -86.783842635297006, 36.247856599717203 ], [ -86.783914885274498, 36.248663637683201 ], [ -86.783930264490905, 36.249713802253702 ], [ -86.784045834719606, 36.250271105036298 ], [ -86.784453095961993, 36.251192095279599 ], [ -86.784499540715899, 36.251322977125596 ], [ -86.784955030242699, 36.252248065847297 ], [ -86.785118325171098, 36.252581366102604 ], [ -86.786776602219504, 36.256219698469401 ], [ -86.787036216978706, 36.256747254902798 ], [ -86.788382818386594, 36.259838033024501 ], [ -86.788492573640198, 36.260083489527901 ], [ -86.789111873954795, 36.261402290891702 ], [ -86.789734943265998, 36.262726784696298 ], [ -86.790137695917906, 36.263458626579201 ], [ -86.790237705458694, 36.263747902437402 ], [ -86.790763368646907, 36.2647293455639 ], [ -86.791344611268599, 36.265875033849099 ], [ -86.791774697801102, 36.266652595421803 ], [ -86.791847906547801, 36.266804528342 ], [ -86.792278657453195, 36.267580813131303 ], [ -86.793162365563703, 36.269147049381303 ], [ -86.793537855589506, 36.269836628234302 ], [ -86.793586682884694, 36.269940018145803 ], [ -86.7937211568929, 36.270153393826497 ], [ -86.794586798745399, 36.271233299728202 ], [ -86.795615162362793, 36.272590073554298 ], [ -86.797265488443998, 36.274375077167903 ], [ -86.797554939907798, 36.274732403115102 ], [ -86.797698407963395, 36.274914236596103 ], [ -86.797851152133703, 36.275105025669099 ], [ -86.798735151185696, 36.275953542637801 ], [ -86.799039748188704, 36.276236504519701 ], [ -86.799625303230101, 36.276795799564397 ], [ -86.799789757021003, 36.276947336574899 ], [ -86.800832489893395, 36.278031511738298 ], [ -86.800961936526306, 36.278149232414698 ], [ -86.801312334097005, 36.2784895008025 ], [ -86.801564076511895, 36.278739911418498 ], [ -86.802039783494706, 36.2792399791104 ], [ -86.802352880199905, 36.279661615108203 ], [ -86.803503284199707, 36.280633803579299 ], [ -86.803876618886804, 36.280997172071601 ], [ -86.804175837094107, 36.281354007091799 ], [ -86.804613011334197, 36.281745773594302 ], [ -86.804772035418694, 36.281888277102503 ], [ -86.805477697526996, 36.282796590842104 ], [ -86.805535499330205, 36.282870994676301 ], [ -86.8058096818595, 36.283209532630302 ], [ -86.806012752051501, 36.283410253953797 ], [ -86.806340948977507, 36.283612200548497 ], [ -86.807175710653198, 36.284661101220301 ], [ -86.807636847843099, 36.285151704838498 ], [ -86.807758087013895, 36.285312284737202 ], [ -86.808136187397196, 36.2858130808781 ], [ -86.808811123268796, 36.286825294674699 ], [ -86.809023446201493, 36.287455059944698 ], [ -86.809268022216102, 36.287878978768902 ], [ -86.809631932617194, 36.289111624716 ], [ -86.809708140841096, 36.289336403517801 ], [ -86.809826493686202, 36.2897660102618 ], [ -86.810095800759598, 36.291319924748898 ], [ -86.810119665204596, 36.291490146337999 ], [ -86.810536326073006, 36.293149837517603 ], [ -86.810321579528406, 36.2936219629172 ], [ -86.810111704164399, 36.2940649166285 ], [ -86.8100585237693, 36.2941712994987 ], [ -86.809892153827505, 36.294595684653501 ], [ -86.809840356126102, 36.2947259110719 ], [ -86.809776469872602, 36.294883026651902 ], [ -86.809692124155305, 36.295092446619201 ], [ -86.809615560411302, 36.295237690777498 ], [ -86.809427081147106, 36.295597090055999 ], [ -86.809360605376895, 36.295816434870602 ], [ -86.809304260425506, 36.296509034250903 ], [ -86.8092923554062, 36.296692877524599 ], [ -86.809283980938005, 36.296869383328499 ], [ -86.809267956425202, 36.297252350408499 ], [ -86.809280955457496, 36.297403690448299 ], [ -86.809339804265306, 36.297600220341998 ], [ -86.809407105615605, 36.297876699273601 ], [ -86.809595618138104, 36.298637951622403 ], [ -86.809699631276899, 36.299022632747402 ], [ -86.809816793142502, 36.299362816253399 ], [ -86.809997696218105, 36.2997552801599 ], [ -86.810103036695907, 36.3000177688264 ], [ -86.810259645383496, 36.300398720422898 ], [ -86.810296599216599, 36.300486375919299 ], [ -86.810344284597605, 36.300710793091298 ], [ -86.8102858252647, 36.300884587583496 ], [ -86.8102093212418, 36.300994635834698 ], [ -86.809895029593093, 36.301288641777496 ], [ -86.809615489747699, 36.301539767410397 ], [ -86.809353673486299, 36.301656549789499 ], [ -86.808933781822105, 36.301793563182699 ], [ -86.808737812339004, 36.301852153125701 ], [ -86.808501567705704, 36.3019187493801 ], [ -86.808000897968597, 36.302116787956798 ], [ -86.807627944839894, 36.302234652581703 ], [ -86.8073127226031, 36.3023979706633 ], [ -86.807144446468897, 36.302536271023598 ], [ -86.807051228834297, 36.3026302903003 ], [ -86.806977141328701, 36.3027283022777 ], [ -86.8066995133793, 36.303251049246001 ], [ -86.806666548514798, 36.303346554716903 ], [ -86.807057432163703, 36.303738823186201 ], [ -86.807434993498802, 36.304382472125397 ], [ -86.807623490726996, 36.3047103894177 ], [ -86.807833487840597, 36.305037047937802 ], [ -86.808023796719496, 36.305318228804801 ], [ -86.808528667583104, 36.306028550626301 ], [ -86.808832303291595, 36.306415586726601 ], [ -86.809048222348906, 36.306692538232298 ], [ -86.809183360012298, 36.3068690354118 ], [ -86.809730105034305, 36.307482069485602 ], [ -86.809827561744498, 36.3076364487818 ], [ -86.809873546302995, 36.307735718357399 ], [ -86.810085759688207, 36.307952165633303 ], [ -86.810205152168393, 36.308094207982101 ], [ -86.810452621196603, 36.308480558624602 ], [ -86.810608105649294, 36.308874221146503 ], [ -86.810645609443199, 36.309056642987798 ], [ -86.810796609501296, 36.309426471006901 ], [ -86.810851142658706, 36.309614615871197 ], [ -86.810889352787399, 36.3098245025216 ], [ -86.810973555720906, 36.310134173249899 ], [ -86.810995097243094, 36.310539206159099 ], [ -86.810966601440796, 36.311029558828999 ], [ -86.810930959968204, 36.311540282293201 ], [ -86.810866674231207, 36.3123775461872 ], [ -86.810855863240207, 36.312520872826902 ], [ -86.810822187601403, 36.312956306886697 ], [ -86.810782134587001, 36.313326650860802 ], [ -86.810741544810199, 36.313662830741201 ], [ -86.810794907801096, 36.313985069337598 ], [ -86.810871227259895, 36.314145941618001 ], [ -86.810997447722698, 36.314395489909799 ], [ -86.811468314393295, 36.315276774876502 ], [ -86.812066846179306, 36.316222136454599 ], [ -86.812288359596295, 36.316590188154201 ], [ -86.812717110039898, 36.317315732570698 ], [ -86.812858273751502, 36.317510161295601 ], [ -86.812926129574805, 36.317672462521301 ], [ -86.813156670561995, 36.318017544480398 ], [ -86.813628585573795, 36.318811675184101 ], [ -86.813909320819107, 36.319251016291801 ], [ -86.814089482904294, 36.3194824366498 ], [ -86.814301953513507, 36.319678443786302 ], [ -86.814582435501293, 36.320133751654197 ], [ -86.814848128472406, 36.320471039306398 ], [ -86.815306782249806, 36.3208246519401 ], [ -86.815664263622693, 36.3211197414387 ], [ -86.815868666505096, 36.321291867327602 ], [ -86.816204073168294, 36.321596805470698 ], [ -86.816594327145097, 36.321931117304999 ], [ -86.8166922664129, 36.322013778019603 ], [ -86.816978445769607, 36.322225652180201 ], [ -86.817255672691601, 36.3224297733558 ], [ -86.817918213413506, 36.3229143349566 ], [ -86.818305685048003, 36.323249074371802 ], [ -86.818877608518903, 36.323693987147898 ], [ -86.819359278825402, 36.323986709294097 ], [ -86.819771303948002, 36.3241841450386 ], [ -86.820136654474993, 36.324355884526298 ], [ -86.820611652700407, 36.324553700708499 ], [ -86.820705353748195, 36.324591366604601 ], [ -86.820905338527595, 36.324663650640296 ], [ -86.821182436243703, 36.324828131965198 ], [ -86.821414058679494, 36.325067432677798 ], [ -86.821602810696803, 36.325387200922798 ], [ -86.821708917782999, 36.325558164727298 ], [ -86.821772798811907, 36.325682865919298 ], [ -86.821861902916297, 36.325873002103997 ], [ -86.821909399133901, 36.3259805201887 ], [ -86.822250164682899, 36.326695232206198 ], [ -86.822294310052897, 36.326853740336198 ], [ -86.822335275582404, 36.326986615806703 ], [ -86.822327839637893, 36.3273629783789 ], [ -86.822326783356104, 36.327599072447697 ], [ -86.822452082653001, 36.328264013135303 ], [ -86.8224910509159, 36.328379635197003 ], [ -86.822498039890704, 36.328480538167597 ], [ -86.822548325766107, 36.328729198250798 ], [ -86.822590636338802, 36.328979166978797 ], [ -86.822613994892194, 36.329348644802998 ], [ -86.822664663491906, 36.329528397185904 ], [ -86.8227934397962, 36.329792258649199 ], [ -86.822898129424203, 36.329984176373401 ], [ -86.8231591322931, 36.3303440295537 ], [ -86.823218694370496, 36.330420346509896 ], [ -86.823354918819007, 36.330572520555698 ], [ -86.823601841884098, 36.330771023438203 ], [ -86.823933140347904, 36.3310031162641 ], [ -86.824313178893107, 36.331229038744603 ], [ -86.824409842505403, 36.331301689158401 ], [ -86.824683163450999, 36.331744403748203 ], [ -86.824777628368807, 36.331899218679297 ], [ -86.824823012369905, 36.332100638320703 ], [ -86.824828848566995, 36.332294258468004 ], [ -86.824762724308002, 36.332423987685097 ], [ -86.824702704558902, 36.332610159380401 ], [ -86.824582316934894, 36.3328676482151 ], [ -86.824228196994099, 36.332767909677202 ], [ -86.823882909341606, 36.332782795061298 ], [ -86.823556458269806, 36.332895067884998 ], [ -86.823196836452695, 36.333034510852102 ], [ -86.823012061640298, 36.3331068547039 ], [ -86.822219472851799, 36.333429998332598 ], [ -86.822023198805098, 36.333510833637099 ], [ -86.821520778809798, 36.333718745885101 ], [ -86.821393499499294, 36.3337630463948 ], [ -86.820958766885795, 36.3338698667649 ], [ -86.820614358959205, 36.333929203011799 ], [ -86.820596476417407, 36.334046412949803 ], [ -86.820591106464505, 36.334183453358101 ], [ -86.820628602494494, 36.334443643860602 ], [ -86.820862604911397, 36.334869034547502 ], [ -86.820972597743193, 36.335244791355201 ], [ -86.820988420742196, 36.335420145131202 ], [ -86.820976294673898, 36.3356013541718 ], [ -86.820922450309894, 36.335811174216303 ], [ -86.820848806663307, 36.336117099983298 ], [ -86.820819098029503, 36.336362638121003 ], [ -86.820835696689997, 36.336630293091602 ], [ -86.8208501462464, 36.336819450367997 ], [ -86.820885846664794, 36.337192792539902 ], [ -86.820908079748605, 36.33747389669 ], [ -86.820932983888, 36.337768644151197 ], [ -86.820940785403295, 36.338029894220497 ], [ -86.820999040678203, 36.338531846106598 ], [ -86.8210008364277, 36.3386231697759 ], [ -86.820920445908499, 36.338974465641897 ], [ -86.8207277260571, 36.339298367442296 ], [ -86.820562265861, 36.339508944301201 ], [ -86.820075047435097, 36.340030861814498 ], [ -86.819987053572007, 36.340117348322899 ], [ -86.819890437040996, 36.340207274234103 ], [ -86.819711415419206, 36.340420173645903 ], [ -86.819545817208095, 36.340658906084002 ], [ -86.819262584082693, 36.341250771342402 ], [ -86.819141974874, 36.341499114897204 ], [ -86.818851031752502, 36.342217177524297 ], [ -86.818817223186898, 36.342559571987003 ], [ -86.818854307212106, 36.342780106186098 ], [ -86.818950729519599, 36.3430337169778 ], [ -86.819302063181993, 36.3436755316853 ], [ -86.819465405072805, 36.343961443713503 ], [ -86.819900209538304, 36.3444708014623 ], [ -86.820198737371996, 36.344727546185503 ], [ -86.820397399879198, 36.344910939784498 ], [ -86.820678618093197, 36.345165648927697 ], [ -86.820876010975297, 36.345306884858701 ], [ -86.821121212637394, 36.345524382861903 ], [ -86.821257185115499, 36.345702525812101 ], [ -86.821333594907102, 36.345785273588298 ], [ -86.821626675328503, 36.346378338557599 ], [ -86.821766201600596, 36.346694146941701 ], [ -86.821991299579096, 36.347116332554201 ], [ -86.822259566571802, 36.347526206460202 ], [ -86.822374737459299, 36.3476625986982 ], [ -86.822478515241002, 36.347846281230098 ], [ -86.822618472152598, 36.348243806908101 ], [ -86.822773560574902, 36.348340955174301 ], [ -86.822824251959403, 36.348440015115798 ], [ -86.822936869639193, 36.348575565742102 ], [ -86.823351300386705, 36.348753871950002 ], [ -86.823538955024006, 36.348884433804599 ], [ -86.823732794710693, 36.349030088862797 ], [ -86.823854982048402, 36.349146859975697 ], [ -86.823958492019699, 36.349222725839297 ], [ -86.824051225046006, 36.349364248076498 ], [ -86.824039934009804, 36.349502873476503 ], [ -86.8241444073076, 36.3500593842328 ], [ -86.824188047658595, 36.350356675981701 ], [ -86.824172622197693, 36.350465113249797 ], [ -86.824126389358497, 36.350590757023802 ], [ -86.823872152481798, 36.350801967432197 ], [ -86.823710923183498, 36.3509259653353 ], [ -86.823424725491094, 36.351242609035801 ], [ -86.823277790593806, 36.351399497410299 ], [ -86.823082155401096, 36.351689943125997 ], [ -86.822926180923901, 36.351875735321599 ], [ -86.822785124701497, 36.351863303402702 ], [ -86.822635725705894, 36.351824145462899 ], [ -86.822469773367501, 36.3517850998727 ], [ -86.822329826701306, 36.351716004414897 ], [ -86.822055633214305, 36.351717867802897 ], [ -86.821815134772194, 36.3517761571553 ], [ -86.821633393821003, 36.351810869769203 ], [ -86.821528344336599, 36.3518321851273 ], [ -86.821278114887406, 36.351893629779703 ], [ -86.821105348518699, 36.351975150187101 ], [ -86.820949406974506, 36.3521236843062 ], [ -86.820826917354196, 36.352305297798303 ], [ -86.820679184270006, 36.3524268215969 ], [ -86.820516493632994, 36.352456767840998 ], [ -86.820320821188602, 36.352458094726799 ], [ -86.820182644793803, 36.352436884404298 ], [ -86.819983515787598, 36.352391364675 ], [ -86.819841973752006, 36.352332063113501 ], [ -86.819734301723599, 36.352346183980899 ], [ -86.819578989272102, 36.352514798959398 ], [ -86.819405518145501, 36.352569539106099 ], [ -86.819215631676201, 36.352637781438702 ], [ -86.818876830940198, 36.352713727113198 ], [ -86.818745024617201, 36.352774879934202 ], [ -86.818671716288605, 36.352869286676302 ], [ -86.818581843196299, 36.353003807611103 ], [ -86.818441616271599, 36.353071712704697 ], [ -86.818268083164597, 36.353079582131201 ], [ -86.818103490646195, 36.353048933839602 ], [ -86.817985245474901, 36.353025869401797 ], [ -86.817868708191597, 36.352921587197997 ], [ -86.817604349492299, 36.353012992559201 ], [ -86.817332504181294, 36.3531193843408 ], [ -86.817201248902293, 36.3532340968559 ], [ -86.817080045724296, 36.353253457233002 ], [ -86.816945975601698, 36.353342264329697 ], [ -86.816755265096504, 36.353331019064903 ], [ -86.816696352933604, 36.353257593038101 ], [ -86.816513639553406, 36.353198565518703 ], [ -86.816289329761304, 36.353139818380797 ], [ -86.816139379376693, 36.353047091044402 ], [ -86.815957633019394, 36.353081795118001 ], [ -86.815799332020404, 36.353002514959101 ], [ -86.815790301446896, 36.352908836896297 ], [ -86.815706496191396, 36.352808795674299 ], [ -86.815573021237498, 36.352749434753299 ], [ -86.815423831027303, 36.352730353444599 ], [ -86.815268024221297, 36.352851924972903 ], [ -86.815154149198804, 36.353047037494299 ], [ -86.815030817688793, 36.353148302972102 ], [ -86.814832723560599, 36.353203202392201 ], [ -86.814667736776997, 36.353257878559702 ], [ -86.814353067187895, 36.353286951229897 ], [ -86.814055236185894, 36.353302346824101 ], [ -86.813840862484099, 36.353384136696597 ], [ -86.813701043728798, 36.353492207333801 ], [ -86.813544189072999, 36.353553522898601 ], [ -86.813354031759303, 36.353554801412301 ], [ -86.812965903587298, 36.353664540231698 ], [ -86.812817263993097, 36.353699188781398 ], [ -86.812601776222493, 36.353714027555597 ], [ -86.812461761228803, 36.353761837328499 ], [ -86.812055481218096, 36.353840277115602 ], [ -86.811842012940801, 36.3538865189592 ], [ -86.811567737461502, 36.353922523982803 ], [ -86.811337866027898, 36.353983639694697 ], [ -86.811131689638003, 36.3540787610156 ], [ -86.810803500924493, 36.354238909123701 ], [ -86.810637321154502, 36.354343375784097 ], [ -86.810415906180594, 36.354525812877 ], [ -86.810207405384801, 36.354642923569003 ], [ -86.809986582713293, 36.354675991771799 ], [ -86.809689088036606, 36.354724852480601 ], [ -86.809458562594898, 36.3548469163768 ], [ -86.809193889435505, 36.354909119213097 ], [ -86.809020488229507, 36.354930365718801 ], [ -86.808896872286198, 36.355004844186503 ], [ -86.808797752402, 36.355025593725202 ], [ -86.808673383761203, 36.355026425050497 ], [ -86.808557572829699, 36.3550338946891 ], [ -86.808243517924396, 36.355124066373001 ], [ -86.808112113327198, 36.355184174699701 ], [ -86.807847984580604, 36.3552999359746 ], [ -86.807675333570202, 36.355394827460401 ], [ -86.807460181681094, 36.355443132937097 ], [ -86.807178758970693, 36.355445010764903 ], [ -86.8066235008652, 36.355401844469696 ], [ -86.806357093808501, 36.355419243412904 ], [ -86.806234467856896, 36.355424524364999 ], [ -86.8060610647278, 36.355445766625799 ], [ -86.805837233410301, 36.355433866375499 ], [ -86.805722088832098, 36.355423473845597 ], [ -86.805448131897407, 36.355449848567602 ], [ -86.805331956622297, 36.355505045348202 ], [ -86.805175523110407, 36.355525314968602 ], [ -86.804910518198398, 36.355513687002599 ], [ -86.804778696425899, 36.3555748245521 ], [ -86.804613153343993, 36.355575925567003 ], [ -86.804479818124094, 36.355529942812197 ], [ -86.804421341924396, 36.3554566797105 ], [ -86.804214337174798, 36.355471447094402 ], [ -86.804031491989207, 36.355399010416797 ], [ -86.803882639516402, 36.355413390772 ], [ -86.803700406535299, 36.3554012101757 ], [ -86.803484980379594, 36.355422727880097 ], [ -86.803352953823193, 36.355463778350398 ], [ -86.803254307466801, 36.355531389575802 ], [ -86.803107086523696, 36.355706624863899 ], [ -86.802878856845695, 36.356056312137 ], [ -86.802653125731794, 36.356233956296798 ], [ -86.802500397570995, 36.356326819635299 ], [ -86.802468578178605, 36.356454247547603 ], [ -86.802494641994699, 36.356554680726298 ], [ -86.802602645051294, 36.3566142249501 ], [ -86.802662291660397, 36.356761132996901 ], [ -86.802647503884998, 36.356935488997301 ], [ -86.802516424626404, 36.3570702709561 ], [ -86.8022464622005, 36.3571563574328 ], [ -86.8017814999058, 36.357269488056097 ], [ -86.8014182284074, 36.357405807238003 ], [ -86.801298294907596, 36.357467720587401 ], [ -86.801187017623306, 36.357546058026003 ], [ -86.801031284314504, 36.357636020737402 ], [ -86.8008486402464, 36.357583664819003 ], [ -86.800707509601096, 36.357564512011102 ], [ -86.800566840847495, 36.357591023551201 ], [ -86.8003514566782, 36.357533389666202 ], [ -86.800261005678195, 36.3576143354016 ], [ -86.800236910625898, 36.357708405136798 ], [ -86.800129990641693, 36.357755981588902 ], [ -86.799972102113799, 36.3577168518812 ], [ -86.799756754911201, 36.357704884260002 ], [ -86.799542422140505, 36.357793343852499 ], [ -86.798733177888096, 36.358033035417201 ], [ -86.798444338348901, 36.358142243407599 ], [ -86.798370236996504, 36.358202992948002 ], [ -86.798396699625599, 36.358343426315898 ], [ -86.798296326732896, 36.358408984586397 ], [ -86.798033369373101, 36.358432866280801 ], [ -86.797986841186201, 36.358533779099098 ], [ -86.797845274152394, 36.3586820162596 ], [ -86.797729996627695, 36.358743036900798 ], [ -86.797595444033902, 36.3587870162442 ], [ -86.797474398021905, 36.358865414592699 ], [ -86.797433607627596, 36.358946030828903 ], [ -86.797456090295995, 36.359112929687903 ], [ -86.797370828798194, 36.359288092650999 ], [ -86.797239534366199, 36.359402783276998 ], [ -86.797108913755594, 36.359584425461598 ], [ -86.797119520682003, 36.3596681366068 ], [ -86.797027353138205, 36.359705655487403 ], [ -86.796911197244697, 36.359679638115502 ], [ -86.796835541411596, 36.359586226095402 ], [ -86.796702763217894, 36.359553622376502 ], [ -86.796093551652405, 36.359635404340501 ], [ -86.795818198263802, 36.359693527536898 ], [ -86.795495630953397, 36.359742517989602 ], [ -86.795247370325399, 36.359750845544397 ], [ -86.794891097764406, 36.359867698760603 ], [ -86.794586485401098, 36.359929273317199 ], [ -86.794330810919604, 36.360044949150101 ], [ -86.793949927059103, 36.360163162909998 ], [ -86.793753323856293, 36.360242911635503 ], [ -86.793554302885099, 36.360250912677301 ], [ -86.793421592036907, 36.360225000535998 ], [ -86.792971949727203, 36.360090602291997 ], [ -86.792741349726597, 36.360082155765902 ], [ -86.792624185833802, 36.360040174434403 ], [ -86.792358409865997, 36.359910406509897 ], [ -86.792241987171195, 36.359857603967598 ], [ -86.792059343791294, 36.359805234820101 ], [ -86.7919017230859, 36.3597928752991 ], [ -86.791736171005198, 36.359793958694198 ], [ -86.791589010702694, 36.359851233346397 ], [ -86.791430490679303, 36.359876305843002 ], [ -86.790965807019703, 36.359765519026297 ], [ -86.790783766664902, 36.359773404513497 ], [ -86.790577416764506, 36.359855100279702 ], [ -86.790312800578604, 36.359883611398502 ], [ -86.790205246688998, 36.359911096298497 ], [ -86.789948361481194, 36.359906078078502 ], [ -86.789741943575294, 36.3599810772428 ], [ -86.789361842174998, 36.360050685325398 ], [ -86.789079266342696, 36.3599385314253 ], [ -86.788822273564193, 36.3598801183239 ], [ -86.788524053291397, 36.359901977306798 ], [ -86.788400075624494, 36.359900209958298 ], [ -86.788300078662502, 36.359876654281997 ], [ -86.788175835517393, 36.359890854885798 ], [ -86.787976172992202, 36.359791721191101 ], [ -86.787909152432206, 36.359711810325699 ], [ -86.787833773734903, 36.359645173380301 ], [ -86.787659823456494, 36.359612827835598 ], [ -86.787524473661307, 36.359705387197103 ], [ -86.787429384727602, 36.359748411583404 ], [ -86.787346783563706, 36.3598092095909 ], [ -86.787227579800899, 36.359945957568598 ], [ -86.787199983821793, 36.3600311198296 ], [ -86.787176629910306, 36.3601586600006 ], [ -86.787154649058706, 36.360466972627499 ], [ -86.787222668269493, 36.360647311496599 ], [ -86.787298778205297, 36.360787424036303 ], [ -86.787408467227195, 36.360974358935202 ], [ -86.787459865347998, 36.361148110203501 ], [ -86.787569330593797, 36.361355133212903 ], [ -86.787670196174503, 36.361508475571497 ], [ -86.787704240089198, 36.361601992422003 ], [ -86.787746846802193, 36.361745413026703 ], [ -86.787757974775403, 36.3620104178408 ], [ -86.787710239936501, 36.362204901115497 ], [ -86.787678794121703, 36.362372495909 ], [ -86.787664438661594, 36.362593715939397 ], [ -86.787682326970597, 36.3627275115457 ], [ -86.787697669164103, 36.362904072563097 ], [ -86.787711239100503, 36.363115839935404 ], [ -86.7877286339439, 36.363285348599298 ], [ -86.787592390266099, 36.3636726918159 ], [ -86.787535655644106, 36.363773495084402 ], [ -86.787504009001907, 36.363921004247402 ], [ -86.787513075675307, 36.364021550916902 ], [ -86.787416536461393, 36.364303394339402 ], [ -86.787393289941306, 36.364484498456498 ], [ -86.787174323234098, 36.364921308652399 ], [ -86.787109629403005, 36.365075728223601 ], [ -86.787069825596703, 36.365256939926397 ], [ -86.7869977976234, 36.365485058678999 ], [ -86.786999796435794, 36.365686085235403 ], [ -86.787083577332496, 36.365785974244503 ], [ -86.787257607534201, 36.365825015714201 ], [ -86.787823219684398, 36.366049156489801 ], [ -86.788008198978801, 36.366121775255401 ], [ -86.788147684139901, 36.366187651102997 ], [ -86.788281405156496, 36.366314168058402 ], [ -86.788357031201301, 36.366447587276603 ], [ -86.788443975278398, 36.366822145770399 ], [ -86.788621879235507, 36.3672496761464 ], [ -86.788823831778799, 36.367576615565 ], [ -86.788995207543394, 36.367859975120297 ], [ -86.789245057196993, 36.368263858309199 ], [ -86.789421321440699, 36.368483663062399 ], [ -86.789671415349801, 36.368656288335302 ], [ -86.789974606713301, 36.3687889079768 ], [ -86.790386601726397, 36.368932833980899 ], [ -86.791150238716298, 36.369128883255698 ], [ -86.791781509811699, 36.369292144235402 ], [ -86.791997626009703, 36.369377944345302 ], [ -86.792114531588297, 36.369477613017601 ], [ -86.792182368807403, 36.3696378631101 ], [ -86.792167287496298, 36.369785436487803 ], [ -86.791988709715895, 36.370141643248402 ], [ -86.791859399038898, 36.370457182113 ], [ -86.791739764656199, 36.3709336949385 ], [ -86.791713424639397, 36.371186754410402 ], [ -86.791702536185397, 36.371329149765302 ], [ -86.791625542814103, 36.371951484439997 ], [ -86.791503765173502, 36.372978250331997 ], [ -86.791365928577207, 36.374097828768001 ], [ -86.791264938295996, 36.374996039975798 ], [ -86.791166652088194, 36.375740234903802 ], [ -86.791090889910393, 36.376444108881103 ], [ -86.791037956824098, 36.376713307912297 ], [ -86.790970460236196, 36.376799933112899 ], [ -86.790884373552103, 36.376853373576097 ], [ -86.790721727780394, 36.376893923062703 ], [ -86.789421955302799, 36.376890390605098 ], [ -86.788419869566596, 36.3768902273669 ], [ -86.7880888937908, 36.3769124698021 ], [ -86.787708283324406, 36.376981903395702 ], [ -86.787435916540701, 36.377090804975801 ], [ -86.786941816256103, 36.377362013285101 ], [ -86.785021516638395, 36.379183145872702 ], [ -86.7847138957722, 36.379463435920897 ], [ -86.784496108340207, 36.379682196093803 ], [ -86.784332838730407, 36.379917770665699 ], [ -86.784244827192893, 36.3802062501709 ], [ -86.784201896543806, 36.380630408882197 ], [ -86.784178194545007, 36.381023883708302 ], [ -86.7840964034189, 36.381254637865197 ], [ -86.783975433826697, 36.381474143103503 ], [ -86.783828385495696, 36.381675962273597 ], [ -86.783730021321901, 36.381777032637203 ], [ -86.783707556898406, 36.3820384765339 ], [ -86.783812330409702, 36.382155742874403 ], [ -86.784308889735399, 36.382942601777501 ], [ -86.784372599945399, 36.383072494724203 ], [ -86.784366297544096, 36.383293488889997 ], [ -86.784227714413802, 36.383535598554801 ], [ -86.784078206848307, 36.383618115597798 ], [ -86.783831927885899, 36.383705551214703 ], [ -86.783583825443003, 36.383737545212298 ], [ -86.7830950863721, 36.383740708352001 ], [ -86.782796343254802, 36.3837189489007 ], [ -86.782307604267302, 36.383722108860503 ], [ -86.782007866094503, 36.383556657029601 ], [ -86.781742373879695, 36.3835048076741 ], [ -86.781527025383895, 36.3834995028365 ], [ -86.781336899833903, 36.383554294766697 ], [ -86.781279718368793, 36.383655097177503 ], [ -86.781384599748094, 36.3837404322163 ], [ -86.781472755079506, 36.383895062529803 ], [ -86.781614721586607, 36.383994579105 ], [ -86.781816971379001, 36.384092332685398 ], [ -86.782039935657195, 36.384266521729202 ], [ -86.782173502272997, 36.384418282883097 ], [ -86.782200026377495, 36.384566958723397 ], [ -86.782167898230895, 36.384667599611099 ], [ -86.782015394835796, 36.384791165113 ], [ -86.781839602005604, 36.384964496597597 ], [ -86.781625770564403, 36.385113179753098 ], [ -86.781409745667801, 36.385254837768599 ], [ -86.781108914975206, 36.385452323903102 ], [ -86.780964332589903, 36.385690347946003 ], [ -86.780967450059507, 36.386006220322997 ], [ -86.780841611151999, 36.386250303731401 ], [ -86.780753949614706, 36.386619295928703 ], [ -86.780665587315099, 36.386874296589298 ], [ -86.780686379047907, 36.387303020692499 ], [ -86.780829445570006, 36.387556528516598 ], [ -86.781149356339796, 36.388043410680901 ], [ -86.781220759159098, 36.388135314005602 ], [ -86.781401743649695, 36.388443857509301 ], [ -86.781555028535195, 36.388871554189301 ], [ -86.781586645374702, 36.389320809649199 ], [ -86.781439960580499, 36.389776538348499 ], [ -86.781204157488602, 36.390153010567403 ], [ -86.7810223220837, 36.390274875328203 ], [ -86.780375088419206, 36.390316304430002 ], [ -86.780102912267594, 36.390320977410603 ], [ -86.779400252876101, 36.390599162413999 ], [ -86.778329718538004, 36.391040745482101 ], [ -86.778089647426398, 36.391157829792 ], [ -86.777803619406995, 36.391395385167897 ], [ -86.777522793599601, 36.3916438939629 ], [ -86.777272819873303, 36.3918772677834 ], [ -86.777036175173606, 36.391867971245297 ], [ -86.776663384921207, 36.391877059249197 ], [ -86.776390527529202, 36.391856147851797 ], [ -86.776208047580795, 36.391913457585403 ], [ -86.7751822922651, 36.392074199710599 ], [ -86.774835539591194, 36.392183548279199 ], [ -86.774629613073898, 36.3923187768454 ], [ -86.774481408359406, 36.392406938729998 ], [ -86.774266545127205, 36.392453636843001 ], [ -86.774118059529201, 36.39255656457 ], [ -86.773912097084903, 36.392644923417201 ], [ -86.773787734430798, 36.392652413982802 ], [ -86.773506767658901, 36.392714469454802 ], [ -86.773290969981005, 36.392709152693797 ], [ -86.773166380704396, 36.392693467241102 ], [ -86.773025125716501, 36.392623808827601 ], [ -86.772751442521795, 36.392605469699099 ], [ -86.772619011104098, 36.3926130105731 ], [ -86.772487560137094, 36.392720977956103 ], [ -86.772423862348901, 36.392982681666403 ], [ -86.772392175852403, 36.3931301854387 ], [ -86.772293653809001, 36.393218027569397 ], [ -86.772128554209402, 36.393272644998 ], [ -86.771855260850799, 36.393294474501801 ], [ -86.771608140819694, 36.393256563544 ], [ -86.770775942342794, 36.393103919661399 ], [ -86.770452342308801, 36.3931059797399 ], [ -86.770014501828001, 36.393152029102701 ], [ -86.769795223532, 36.3931819226706 ], [ -86.768955463237802, 36.393299538880598 ], [ -86.768384710628396, 36.393435185178497 ], [ -86.767847641811798, 36.393540914454498 ], [ -86.767687809457499, 36.393613518792598 ], [ -86.767327082136205, 36.393684993019299 ], [ -86.767062409348995, 36.393720148080803 ], [ -86.7667027727164, 36.393860457223603 ], [ -86.766228163736898, 36.394013510693597 ], [ -86.7658316381102, 36.394116452788403 ], [ -86.765158443081901, 36.394375826381797 ], [ -86.765022245621907, 36.3943895632015 ], [ -86.764817859238505, 36.394510687341203 ], [ -86.764552072746994, 36.394606790305303 ], [ -86.764461478060696, 36.394681013165098 ], [ -86.764371632944304, 36.3947888804923 ], [ -86.764315197852198, 36.394970015819702 ], [ -86.764266286092493, 36.395050670847603 ], [ -86.764044290279301, 36.395239718382797 ], [ -86.763855001556294, 36.395341345715899 ], [ -86.763797789301506, 36.395442139465999 ], [ -86.763740807704295, 36.3955228451808 ], [ -86.763667292571697, 36.395650695460901 ], [ -86.763602075428295, 36.395758235119303 ], [ -86.763644711625105, 36.396039349487303 ], [ -86.763601511119006, 36.396183833090198 ], [ -86.763565562216996, 36.396287582803701 ], [ -86.763591719002207, 36.396401413236198 ], [ -86.763633818587707, 36.396494884868503 ], [ -86.763635563306707, 36.396675652734203 ], [ -86.763603472903597, 36.396783155056603 ], [ -86.763514074838596, 36.396937715739 ], [ -86.763350577961305, 36.397159870423103 ], [ -86.763318549911403, 36.397273896087597 ], [ -86.763346139073207, 36.397448148788399 ], [ -86.7634375295344, 36.397588006533297 ], [ -86.763712418773594, 36.397773746957597 ], [ -86.763871599116698, 36.397940302082702 ], [ -86.764031101742205, 36.398140160832099 ], [ -86.764148856875906, 36.398327063551598 ], [ -86.764267451674002, 36.398600830792603 ], [ -86.764319924619102, 36.398888578083202 ], [ -86.764299048710797, 36.399101764403298 ], [ -86.764300791690403, 36.399282188761099 ], [ -86.764135767201296, 36.399566330319303 ], [ -86.763992464291306, 36.399680886713497 ], [ -86.763914310746998, 36.399768593173803 ], [ -86.763681621156493, 36.399863283326297 ], [ -86.763542581859497, 36.399891629091499 ], [ -86.7632363728097, 36.399938196716803 ], [ -86.762913642783204, 36.399989331350497 ], [ -86.762682138817695, 36.400030963087303 ], [ -86.762557892553104, 36.4000518322947 ], [ -86.762343274461898, 36.400126834540302 ], [ -86.762103793185105, 36.400222251117 ], [ -86.761715429503994, 36.400338518908903 ], [ -86.761456528976197, 36.400490538957399 ], [ -86.761361158645997, 36.4005550035901 ], [ -86.761236254022506, 36.400816570324402 ], [ -86.761241009509703, 36.400957661017202 ], [ -86.761176044004699, 36.401092151232703 ], [ -86.760960713417902, 36.401093504932597 ], [ -86.760711186569196, 36.401028118111803 ], [ -86.760420757190602, 36.400949425020897 ], [ -86.760071783827897, 36.400877965992997 ], [ -86.759806119273094, 36.400812678628803 ], [ -86.759606774722002, 36.400753670073797 ], [ -86.759332937999901, 36.400721910460597 ], [ -86.759133915238905, 36.4006963766208 ], [ -86.758884840696496, 36.400677851721703 ], [ -86.758780183406202, 36.400615673021598 ], [ -86.758668482315002, 36.400571908083897 ], [ -86.758552343239003, 36.400552549346003 ], [ -86.758331389865305, 36.400365944511599 ], [ -86.758196222190193, 36.400222408633503 ], [ -86.757950810109506, 36.400053982630197 ], [ -86.757792705607002, 36.399954539867103 ], [ -86.757643825034705, 36.3999755582239 ], [ -86.757438041148504, 36.400130842489297 ], [ -86.757231937695295, 36.400252822560098 ], [ -86.757149695753398, 36.400313596471797 ], [ -86.756794259729801, 36.4004095559768 ], [ -86.756628942336604, 36.400444066829202 ], [ -86.756530135958599, 36.4005049438383 ], [ -86.756424117066004, 36.400699947524799 ], [ -86.756275938726105, 36.4007946102993 ], [ -86.755578672236794, 36.401522421408103 ], [ -86.755398386149494, 36.401724411418598 ], [ -86.755300345882702, 36.401865800249702 ], [ -86.755244012801199, 36.402060321108301 ], [ -86.755239843459805, 36.402468944077199 ], [ -86.755236593176306, 36.403018338326099 ], [ -86.755296826000304, 36.403232218384098 ], [ -86.755332129682202, 36.403459816601803 ], [ -86.755351059258103, 36.403707431755002 ], [ -86.755374830211096, 36.403883769768903 ], [ -86.755185552974893, 36.404612870725401 ], [ -86.755072477713497, 36.404915044761303 ], [ -86.755057574418402, 36.405089220449803 ], [ -86.755125558825199, 36.405269574657702 ], [ -86.755127541561393, 36.405477294135999 ], [ -86.755017089580505, 36.405589837716199 ], [ -86.754845109843302, 36.405481115535203 ], [ -86.754770546851603, 36.405412565362198 ], [ -86.754601257041003, 36.405031806068202 ], [ -86.754507957583996, 36.404824655689303 ], [ -86.754374227129802, 36.404698274725099 ], [ -86.754157610135294, 36.404565714468703 ], [ -86.754057072059595, 36.4044456501924 ], [ -86.753923789592505, 36.404366134369198 ], [ -86.753749138758906, 36.404313657924497 ] ] ] } },
{ "type": "Feature", "properties": { "OBJECTID": 2, "CommunityNumber": 1, "CommunityName": "Joelton", "GlobalID": "57192bac-4b35-433e-9a57-0eb4e23f8ca0" }, "geometry": { "type": "Polygon", "coordinates": [ [ [ -86.907412617545901, 36.390533166006101 ], [ -86.907277478923106, 36.390488511499598 ], [ -86.907022293644104, 36.390456087485497 ], [ -86.906531714671601, 36.390265246467301 ], [ -86.906233178503001, 36.390118633329699 ], [ -86.905968572118695, 36.390005071885 ], [ -86.905827991406994, 36.389967152108902 ], [ -86.905508588339799, 36.389889537967399 ], [ -86.905151974259297, 36.389640347215902 ], [ -86.904775407309899, 36.389540153165498 ], [ -86.904647359381002, 36.389483940011303 ], [ -86.904419844919204, 36.389382630778599 ], [ -86.904206344373804, 36.389281216433602 ], [ -86.904078950428499, 36.389282168021403 ], [ -86.903945350482502, 36.3893346705296 ], [ -86.903789765902204, 36.389358666090203 ], [ -86.903307139744697, 36.389230760084402 ], [ -86.902944754490804, 36.389107620768698 ], [ -86.902689056458499, 36.389029695652297 ], [ -86.902241544518105, 36.388889677453903 ], [ -86.901929561987302, 36.3888289951392 ], [ -86.901816117434606, 36.388824174889898 ], [ -86.901519617817101, 36.388855054540002 ], [ -86.901363947108806, 36.388908748674602 ], [ -86.901195086780405, 36.388960308937797 ], [ -86.901055019561198, 36.389041699033299 ], [ -86.900822666023799, 36.389186268177397 ], [ -86.900682171420897, 36.3892674893278 ], [ -86.900309127778996, 36.389476283348301 ], [ -86.900049431115605, 36.389644059765999 ], [ -86.8998952114095, 36.389788217744702 ], [ -86.8997547147858, 36.389869437802197 ], [ -86.899599389416494, 36.389916431450501 ], [ -86.899387193160806, 36.389929339345997 ], [ -86.899196621471702, 36.389976594359197 ], [ -86.898899726468599, 36.389973134029802 ], [ -86.898751032528295, 36.389968400982703 ], [ -86.898566864874795, 36.389981271003499 ], [ -86.898453712925104, 36.389964942712297 ], [ -86.898247402614302, 36.389897800998597 ], [ -86.8980984846593, 36.389835898629997 ], [ -86.897927650720405, 36.389751324921598 ], [ -86.897791998719498, 36.389660824514202 ], [ -86.897656736532596, 36.389604657511804 ], [ -86.8975150696089, 36.389582874297098 ], [ -86.897394310035395, 36.389532264980602 ], [ -86.897153339915704, 36.389516883037601 ], [ -86.896834204012507, 36.389461906147197 ], [ -86.8965364331915, 36.389418444564697 ], [ -86.896167244179395, 36.389368643745499 ], [ -86.895834634533202, 36.389286294825403 ], [ -86.895614573309601, 36.389242084144897 ], [ -86.895472843485805, 36.389214633498298 ], [ -86.895132349485806, 36.389148479112002 ], [ -86.894665302777497, 36.389157597635503 ], [ -86.894474211985894, 36.389159009904901 ], [ -86.894318533414904, 36.389137326500403 ], [ -86.894101971489107, 36.389102014697599 ], [ -86.894030225049306, 36.388916269441097 ], [ -86.894065336434494, 36.388828967210401 ], [ -86.894100021158593, 36.388741496435799 ], [ -86.894158008625894, 36.388611619676901 ], [ -86.894163970296802, 36.388462727129003 ], [ -86.894101206112495, 36.388357777866403 ], [ -86.894015790761401, 36.388277718119497 ], [ -86.893792297424795, 36.388192497429202 ], [ -86.893677010302795, 36.388174806997696 ], [ -86.893462076201999, 36.388132958115598 ], [ -86.893339285253106, 36.388127683875197 ], [ -86.8930538695423, 36.3880118443398 ], [ -86.892900434984298, 36.3880006151836 ], [ -86.892618935949102, 36.387968354991798 ], [ -86.892510750177394, 36.387940138465503 ], [ -86.892285286518799, 36.387905919159998 ], [ -86.892154293117699, 36.387851088015999 ], [ -86.891985010787096, 36.387790186657398 ], [ -86.891892374584003, 36.3877474336796 ], [ -86.891590768198498, 36.387551191026702 ], [ -86.891499969427102, 36.387483015238999 ], [ -86.891072976131198, 36.387201510250499 ], [ -86.890887147617804, 36.387066390743499 ], [ -86.8906691474821, 36.387053573791398 ], [ -86.890503771637498, 36.387075392476099 ], [ -86.890173899611298, 36.3870839995136 ], [ -86.889985778038294, 36.3869713858724 ], [ -86.889661326307007, 36.386857713886499 ], [ -86.889341949722606, 36.3867798853381 ], [ -86.889180037463603, 36.386694203667702 ], [ -86.889094908573597, 36.3866390322789 ], [ -86.889001858687095, 36.3865591967607 ], [ -86.888815414733202, 36.386331026802701 ], [ -86.888706589063702, 36.386207699597001 ], [ -86.8885507137811, 36.386016559824299 ], [ -86.888350587318996, 36.385931157570099 ], [ -86.888265321080297, 36.385863625476098 ], [ -86.888025022544198, 36.385642030055102 ], [ -86.887899591075694, 36.385401049870197 ], [ -86.887836976307995, 36.3853084573622 ], [ -86.887751995211602, 36.385228389998503 ], [ -86.887574028204099, 36.3851117494224 ], [ -86.887079824933807, 36.384817675305598 ], [ -86.886592572258493, 36.384461399241403 ], [ -86.886406828980498, 36.384332624458203 ], [ -86.886218270544305, 36.384066180738202 ], [ -86.886194959676502, 36.383918532889197 ], [ -86.886262782393402, 36.383793909912903 ], [ -86.886391194027098, 36.3836192269682 ], [ -86.886541214997706, 36.383326611450002 ], [ -86.886539755252301, 36.383196315178999 ], [ -86.8863601367661, 36.3828937527976 ], [ -86.886118533872605, 36.382554388861401 ], [ -86.885769297451304, 36.382197098795203 ], [ -86.8855832977749, 36.381893036756402 ], [ -86.885426737111899, 36.381753059201401 ], [ -86.884708196462299, 36.3812930541444 ], [ -86.884391206718604, 36.381084373063203 ], [ -86.884021620103894, 36.380956766125202 ], [ -86.883898286773501, 36.380901870093801 ], [ -86.883610141122901, 36.380537946980802 ], [ -86.883532745142006, 36.380451812328701 ], [ -86.883239797659996, 36.3803421852163 ], [ -86.883017792230106, 36.380387240844797 ], [ -86.882849917566105, 36.380450442928797 ], [ -86.882750483186896, 36.380482242755903 ], [ -86.882558563931994, 36.380483642412301 ], [ -86.882335727015104, 36.380454192630999 ], [ -86.882190297818099, 36.380473966162597 ], [ -86.882022215664193, 36.380518626891501 ], [ -86.881846756502696, 36.380625318521098 ], [ -86.881724945823194, 36.380706896779202 ], [ -86.881611328523803, 36.380837859785402 ], [ -86.881482289380799, 36.380956745542001 ], [ -86.881298841532399, 36.381032591687202 ], [ -86.881122906480897, 36.381058594939503 ], [ -86.880838650470693, 36.381004867254298 ], [ -86.880559265435707, 36.3807401057052 ], [ -86.880248898598396, 36.3804384854202 ], [ -86.880133261438104, 36.380273481113001 ], [ -86.8800536109608, 36.380175171195198 ], [ -86.8799382808416, 36.379999520144501 ], [ -86.879840831130807, 36.379866144574599 ], [ -86.879266353969996, 36.379220844518699 ], [ -86.879071818220794, 36.379024651064697 ], [ -86.879010003179303, 36.378926210889098 ], [ -86.878908370073106, 36.378454135206901 ], [ -86.878915560984794, 36.378298710242497 ], [ -86.878903117487795, 36.377981187796699 ], [ -86.878910779288702, 36.377868164995 ], [ -86.878927089121504, 36.377769157358401 ], [ -86.878995891121704, 36.377655690502202 ], [ -86.8790467040142, 36.377528276288501 ], [ -86.878931850917397, 36.377395026316599 ], [ -86.878852204829499, 36.3772967155139 ], [ -86.878821033803007, 36.377204576601997 ], [ -86.878815004702602, 36.377120495881101 ], [ -86.878883964538105, 36.377021277576297 ], [ -86.879101022931906, 36.376913772870303 ], [ -86.879283265132699, 36.376806520726603 ], [ -86.879290581806202, 36.376700711032299 ], [ -86.879330704647003, 36.3763755958446 ], [ -86.879255865783804, 36.375945559327903 ], [ -86.879136699539899, 36.375767875001102 ], [ -86.879095635808298, 36.375664305234601 ], [ -86.878975454337905, 36.375051068932997 ], [ -86.878904335708299, 36.374917501197999 ], [ -86.878824223196702, 36.374776959734803 ], [ -86.878779001867997, 36.3746430321698 ], [ -86.878539369881295, 36.3742847531691 ], [ -86.878333929491305, 36.373869913544198 ], [ -86.878128489350104, 36.373454901844397 ], [ -86.878063930401296, 36.373299997291603 ], [ -86.8779659983729, 36.372969016506097 ], [ -86.877938422597595, 36.372856249224398 ], [ -86.877918509611703, 36.372630458996603 ], [ -86.877811608303801, 36.372447705445602 ], [ -86.877556303234698, 36.372244911048199 ], [ -86.877328102114205, 36.3721123096133 ], [ -86.876872376969601, 36.371946333276803 ], [ -86.876601041510597, 36.371905893379399 ], [ -86.875981538785396, 36.371903340304598 ], [ -86.875833491887093, 36.371953856545304 ], [ -86.875391680229498, 36.372239299971902 ], [ -86.875238498683501, 36.372439903445802 ], [ -86.875176814600806, 36.372544389371797 ], [ -86.875073042131305, 36.372644029125702 ], [ -86.874865258161805, 36.372744935809699 ], [ -86.874752916982203, 36.372914512137797 ], [ -86.874763316545696, 36.373048692939399 ], [ -86.874711469254095, 36.373236545343801 ], [ -86.874636061677194, 36.3733672259361 ], [ -86.874515424791397, 36.373516260018803 ], [ -86.874203743583905, 36.373744446478398 ], [ -86.873977771367805, 36.373852006903903 ], [ -86.873620719696206, 36.3739321855657 ], [ -86.873149919973102, 36.3739779889506 ], [ -86.873017380894595, 36.3740491633923 ], [ -86.872854704938902, 36.374121241784302 ], [ -86.872706764114298, 36.374143425702599 ], [ -86.8724482788096, 36.3741521567608 ], [ -86.872305124193005, 36.374146321397603 ], [ -86.872130861926607, 36.374168866015602 ], [ -86.871912867290803, 36.374191553788798 ], [ -86.871624119439005, 36.374151228176899 ], [ -86.871335099021493, 36.374047552918299 ], [ -86.871221662407095, 36.374041330618901 ], [ -86.871064727917599, 36.3740565382829 ], [ -86.870786294624395, 36.374143181637201 ], [ -86.870481073068802, 36.374187783090399 ], [ -86.870201708093305, 36.3741897922242 ], [ -86.870035351371797, 36.3741204267344 ], [ -86.869956108363198, 36.374057473811099 ], [ -86.869805415946502, 36.373867989192902 ], [ -86.869408427371297, 36.373482495567899 ], [ -86.869372140411102, 36.3733486720472 ], [ -86.869336008199994, 36.373228925383003 ], [ -86.869238739302205, 36.373109617850702 ], [ -86.869044243432896, 36.3729134078811 ], [ -86.868885682378107, 36.372780290525803 ], [ -86.868587134967399, 36.372620193495699 ], [ -86.868394304015496, 36.372536766093397 ], [ -86.868112931868794, 36.372355255983202 ], [ -86.867637883173401, 36.372012893744099 ], [ -86.867453314364795, 36.371908288624802 ], [ -86.867208653661194, 36.371860597498802 ], [ -86.866998846648201, 36.371855061824803 ], [ -86.866745812195006, 36.371856874396002 ], [ -86.8665791929851, 36.371801584025803 ], [ -86.866419403587997, 36.371555676646203 ], [ -86.866348694518194, 36.3714572935923 ], [ -86.866030663636806, 36.371106590153097 ], [ -86.865863430488105, 36.3709949912326 ], [ -86.865494109715101, 36.370729292961201 ], [ -86.864397693424806, 36.370249378754501 ], [ -86.863871808164703, 36.370070291824099 ], [ -86.863223764714206, 36.369863059677897 ], [ -86.863013771965896, 36.369801034805803 ], [ -86.862164655036494, 36.3696094804965 ], [ -86.862797327816594, 36.381181866084098 ], [ -86.852894982329801, 36.380136634494399 ], [ -86.853586467330501, 36.376256377149403 ], [ -86.853948931736596, 36.371834885563402 ], [ -86.854018716089101, 36.371022677783202 ], [ -86.854042372524503, 36.3707754595303 ], [ -86.854165285522896, 36.370047344280103 ], [ -86.854214883105499, 36.369764747847199 ], [ -86.854134778603907, 36.369659728413801 ], [ -86.853975342639302, 36.369521275615497 ], [ -86.853656500952297, 36.369325746774599 ], [ -86.853425270356198, 36.369222651282598 ], [ -86.852984651210605, 36.369033816653598 ], [ -86.852789083643401, 36.368930468560002 ], [ -86.852500353995296, 36.368810264860997 ], [ -86.852391770548707, 36.368741326580299 ], [ -86.852225385436, 36.368666786393597 ], [ -86.852087745360095, 36.368580540831999 ], [ -86.851690136777904, 36.368403073057699 ], [ -86.851573835084693, 36.3682874906603 ], [ -86.8515639268618, 36.368037418625399 ], [ -86.851599094952306, 36.367794068347003 ], [ -86.851639747914604, 36.367705365618399 ], [ -86.851631278485996, 36.367589024302198 ], [ -86.851594129339901, 36.367490396461598 ], [ -86.8515278628375, 36.367368796331 ], [ -86.851339004806206, 36.367178183804199 ], [ -86.850975987499197, 36.366860720488802 ], [ -86.850758826954205, 36.366722669334301 ], [ -86.850324706981596, 36.366504593233799 ], [ -86.849619681723297, 36.366480531052403 ], [ -86.849059318933001, 36.366525153028299 ], [ -86.848650411671699, 36.366638585201201 ], [ -86.848225634291097, 36.366618214658203 ], [ -86.847864253995894, 36.3664521548016 ], [ -86.847648158966194, 36.366412979912297 ], [ -86.847373330669299, 36.366280992190902 ], [ -86.847025764744799, 36.366056632628698 ], [ -86.846880793068493, 36.365958758031603 ], [ -86.846599797733703, 36.365885012184101 ], [ -86.846246521545197, 36.365840957274798 ], [ -86.8458135276273, 36.365686894857902 ], [ -86.845128671416703, 36.365523087473001 ], [ -86.844730906919196, 36.365328086313703 ], [ -86.844354545804407, 36.365109585638102 ], [ -86.844150356140105, 36.364872542846399 ], [ -86.844061698453501, 36.3646405310798 ], [ -86.844074270202398, 36.364465841940302 ], [ -86.844035456935998, 36.364210133553598 ], [ -86.843710427102806, 36.3640669849228 ], [ -86.843196639326905, 36.363779735523998 ], [ -86.842581009118803, 36.363376963842398 ], [ -86.842143238361004, 36.363210903772 ], [ -86.841901847832204, 36.363067511514899 ], [ -86.841691690015296, 36.362946735347798 ], [ -86.841358896439203, 36.362751271128403 ], [ -86.841184144626197, 36.362566381843898 ], [ -86.840711080553106, 36.362034533969897 ], [ -86.840580063080097, 36.361890028770503 ], [ -86.840397039333098, 36.361565445869701 ], [ -86.840200580966197, 36.3613748686668 ], [ -86.839688234935096, 36.361180646481998 ], [ -86.839383895042701, 36.360984979340799 ], [ -86.839104415133903, 36.360411093101902 ], [ -86.838848498533594, 36.360017309948802 ], [ -86.838541754507403, 36.359554003487801 ], [ -86.838357581853998, 36.359159721991901 ], [ -86.838094887532904, 36.3588066729871 ], [ -86.837740656848894, 36.358628858893702 ], [ -86.836780726978603, 36.358298144201903 ], [ -86.836678910821703, 36.359549559271997 ], [ -86.836646147867299, 36.359863794024299 ], [ -86.836621825689207, 36.360253682560298 ], [ -86.834517503891107, 36.359855316880903 ], [ -86.834575157684199, 36.359203382329298 ], [ -86.834614408161698, 36.358819228387098 ], [ -86.8346653962967, 36.358219702871402 ], [ -86.834697735604806, 36.357864610887503 ], [ -86.834550235340899, 36.357886402009598 ], [ -86.834256283665795, 36.357908687780501 ], [ -86.834019209900006, 36.357890063582701 ], [ -86.833887631200795, 36.357851655074697 ], [ -86.833654620546994, 36.3576947972957 ], [ -86.833602672043298, 36.357558838857699 ], [ -86.833624325484806, 36.357317303259599 ], [ -86.833681909627799, 36.357101615898301 ], [ -86.833705797999798, 36.356951400262702 ], [ -86.833729909098807, 36.356862645635097 ], [ -86.833762429640998, 36.356725933459202 ], [ -86.833425899297097, 36.356775979952999 ], [ -86.833250547997807, 36.356813412832601 ], [ -86.833013602457996, 36.3568469774631 ], [ -86.832955335489501, 36.356755871514402 ], [ -86.832767980049098, 36.356459290996398 ], [ -86.8326617033334, 36.356283532186197 ], [ -86.832617869223697, 36.356192326735702 ], [ -86.832053557224199, 36.356137836560301 ], [ -86.831521897824501, 36.356080029056898 ], [ -86.831290679029493, 36.356052431782402 ], [ -86.830922350888997, 36.356025260716002 ], [ -86.830728552547598, 36.356003757647798 ], [ -86.830772245309106, 36.355758122456997 ], [ -86.830789460045594, 36.355376009258698 ], [ -86.830836323079495, 36.355028029051702 ], [ -86.830858212614004, 36.3546869159305 ], [ -86.8308907562635, 36.354511575578101 ], [ -86.830872711067499, 36.354410063044803 ], [ -86.830752198790606, 36.354252426986001 ], [ -86.8305314086641, 36.353883107059197 ], [ -86.830200672661107, 36.353432304911699 ], [ -86.829957669058103, 36.353413541834001 ], [ -86.829826592608995, 36.353381649436301 ], [ -86.8293790604761, 36.353329436154901 ], [ -86.829043315537803, 36.353291220023998 ], [ -86.828891071511507, 36.353143070420302 ], [ -86.828856405347807, 36.3530349757851 ], [ -86.828863758463498, 36.352926421590098 ], [ -86.828900019353895, 36.352821961422002 ], [ -86.829020518025402, 36.352695120274703 ], [ -86.8286665187251, 36.3524942724436 ], [ -86.828379010420093, 36.352319235875598 ], [ -86.827655678168298, 36.351952320344601 ], [ -86.827403130328193, 36.351832152624802 ], [ -86.827024096588303, 36.351631471193301 ], [ -86.826611745020003, 36.351451274851797 ], [ -86.826343382972397, 36.351320396921999 ], [ -86.826140257516499, 36.351217400690302 ], [ -86.825811950097204, 36.351036627695898 ], [ -86.825417168123295, 36.350790380960902 ], [ -86.825306088113805, 36.350721607017903 ], [ -86.825488953677294, 36.350591596919699 ], [ -86.825896349801496, 36.350297469818599 ], [ -86.826228475876405, 36.350030981344403 ], [ -86.826436168716995, 36.349880541565298 ], [ -86.826208882558603, 36.349780457401998 ], [ -86.826049365487293, 36.349707036085 ], [ -86.825914535895194, 36.349640141675799 ], [ -86.825672606681593, 36.349723170974301 ], [ -86.825553889385603, 36.349776687941997 ], [ -86.825197303148798, 36.349936382679701 ], [ -86.825071740927299, 36.349944106394297 ], [ -86.824879328459005, 36.349972544436099 ], [ -86.824710859688395, 36.350139882473897 ], [ -86.824448581304097, 36.350429411384397 ], [ -86.824283677939704, 36.350694755669302 ], [ -86.824168578142903, 36.350892117211302 ], [ -86.824070663714593, 36.351150137456301 ], [ -86.824005858212203, 36.351367414845697 ], [ -86.823914811099897, 36.3514696714224 ], [ -86.823767582377897, 36.351516685097003 ], [ -86.823622435793496, 36.351519046767798 ], [ -86.823413182151498, 36.351561160059902 ], [ -86.823247288857402, 36.351691051452804 ], [ -86.823131196524201, 36.351834166767503 ], [ -86.822926180923901, 36.351875735321599 ], [ -86.823082155401096, 36.351689943125997 ], [ -86.823277790593806, 36.351399497410299 ], [ -86.823424725491094, 36.351242609035801 ], [ -86.823710923183498, 36.3509259653353 ], [ -86.823872152481798, 36.350801967432197 ], [ -86.824126389358497, 36.350590757023802 ], [ -86.824172622197693, 36.350465113249797 ], [ -86.824188047658595, 36.350356675981701 ], [ -86.8241444073076, 36.3500593842328 ], [ -86.824039934009804, 36.349502873476503 ], [ -86.824051225046006, 36.349364248076498 ], [ -86.823958492019699, 36.349222725839297 ], [ -86.823854982048402, 36.349146859975697 ], [ -86.823732794710693, 36.349030088862797 ], [ -86.823538955024006, 36.348884433804599 ], [ -86.823351300386705, 36.348753871950002 ], [ -86.822936869639193, 36.348575565742102 ], [ -86.822824251959403, 36.348440015115798 ], [ -86.822773560574902, 36.348340955174301 ], [ -86.822618472152598, 36.348243806908101 ], [ -86.822478515241002, 36.347846281230098 ], [ -86.822374737459299, 36.3476625986982 ], [ -86.822259566571802, 36.347526206460202 ], [ -86.821991299579096, 36.347116332554201 ], [ -86.821766201600596, 36.346694146941701 ], [ -86.821626675328503, 36.346378338557599 ], [ -86.821333594907102, 36.345785273588298 ], [ -86.821257185115499, 36.345702525812101 ], [ -86.821121212637394, 36.345524382861903 ], [ -86.820876010975297, 36.345306884858701 ], [ -86.820678618093197, 36.345165648927697 ], [ -86.820397399879198, 36.344910939784498 ], [ -86.820198737371996, 36.344727546185503 ], [ -86.819900209538304, 36.3444708014623 ], [ -86.819465405072805, 36.343961443713503 ], [ -86.819302063181993, 36.3436755316853 ], [ -86.818950729519599, 36.3430337169778 ], [ -86.818854307212106, 36.342780106186098 ], [ -86.818817223186898, 36.342559571987003 ], [ -86.818851031752502, 36.342217177524297 ], [ -86.819141974874, 36.341499114897204 ], [ -86.819262584082693, 36.341250771342402 ], [ -86.819545817208095, 36.340658906084002 ], [ -86.819711415419206, 36.340420173645903 ], [ -86.819890437040996, 36.340207274234103 ], [ -86.819987053572007, 36.340117348322899 ], [ -86.820075047435097, 36.340030861814498 ], [ -86.820562265861, 36.339508944301201 ], [ -86.8207277260571, 36.339298367442296 ], [ -86.820920445908499, 36.338974465641897 ], [ -86.8210008364277, 36.3386231697759 ], [ -86.820999040678203, 36.338531846106598 ], [ -86.820940785403295, 36.338029894220497 ], [ -86.820932983888, 36.337768644151197 ], [ -86.820908079748605, 36.33747389669 ], [ -86.820885846664794, 36.337192792539902 ], [ -86.8208501462464, 36.336819450367997 ], [ -86.820835696689997, 36.336630293091602 ], [ -86.820819098029503, 36.336362638121003 ], [ -86.820848806663307, 36.336117099983298 ], [ -86.820922450309894, 36.335811174216303 ], [ -86.820976294673898, 36.3356013541718 ], [ -86.820988420742196, 36.335420145131202 ], [ -86.820972597743193, 36.335244791355201 ], [ -86.820862604911397, 36.334869034547502 ], [ -86.820628602494494, 36.334443643860602 ], [ -86.820591106464505, 36.334183453358101 ], [ -86.820596476417407, 36.334046412949803 ], [ -86.820614358959205, 36.333929203011799 ], [ -86.820958766885795, 36.3338698667649 ], [ -86.821393499499294, 36.3337630463948 ], [ -86.821520778809798, 36.333718745885101 ], [ -86.822023198805098, 36.333510833637099 ], [ -86.822219472851799, 36.333429998332598 ], [ -86.823012061640298, 36.3331068547039 ], [ -86.823196836452695, 36.333034510852102 ], [ -86.823556458269806, 36.332895067884998 ], [ -86.823882909341606, 36.332782795061298 ], [ -86.824228196994099, 36.332767909677202 ], [ -86.824582316934894, 36.3328676482151 ], [ -86.824702704558902, 36.332610159380401 ], [ -86.824762724308002, 36.332423987685097 ], [ -86.824828848566995, 36.332294258468004 ], [ -86.824823012369905, 36.332100638320703 ], [ -86.824777628368807, 36.331899218679297 ], [ -86.824683163450999, 36.331744403748203 ], [ -86.824409842505403, 36.331301689158401 ], [ -86.824313178893107, 36.331229038744603 ], [ -86.823933140347904, 36.3310031162641 ], [ -86.823601841884098, 36.330771023438203 ], [ -86.823354918819007, 36.330572520555698 ], [ -86.823218694370496, 36.330420346509896 ], [ -86.8231591322931, 36.3303440295537 ], [ -86.822898129424203, 36.329984176373401 ], [ -86.8227934397962, 36.329792258649199 ], [ -86.822664663491906, 36.329528397185904 ], [ -86.822613994892194, 36.329348644802998 ], [ -86.822590636338802, 36.328979166978797 ], [ -86.822548325766107, 36.328729198250798 ], [ -86.822498039890704, 36.328480538167597 ], [ -86.8224910509159, 36.328379635197003 ], [ -86.822452082653001, 36.328264013135303 ], [ -86.822326783356104, 36.327599072447697 ], [ -86.822327839637893, 36.3273629783789 ], [ -86.822335275582404, 36.326986615806703 ], [ -86.822294310052897, 36.326853740336198 ], [ -86.822250164682899, 36.326695232206198 ], [ -86.821909399133901, 36.3259805201887 ], [ -86.821861902916297, 36.325873002103997 ], [ -86.821772798811907, 36.325682865919298 ], [ -86.821708917782999, 36.325558164727298 ], [ -86.821602810696803, 36.325387200922798 ], [ -86.821414058679494, 36.325067432677798 ], [ -86.821182436243703, 36.324828131965198 ], [ -86.820905338527595, 36.324663650640296 ], [ -86.820705353748195, 36.324591366604601 ], [ -86.820611652700407, 36.324553700708499 ], [ -86.820136654474993, 36.324355884526298 ], [ -86.819771303948002, 36.3241841450386 ], [ -86.819359278825402, 36.323986709294097 ], [ -86.818877608518903, 36.323693987147898 ], [ -86.818305685048003, 36.323249074371802 ], [ -86.817918213413506, 36.3229143349566 ], [ -86.817255672691601, 36.3224297733558 ], [ -86.816978445769607, 36.322225652180201 ], [ -86.8166922664129, 36.322013778019603 ], [ -86.816594327145097, 36.321931117304999 ], [ -86.816204073168294, 36.321596805470698 ], [ -86.815868666505096, 36.321291867327602 ], [ -86.815664263622693, 36.3211197414387 ], [ -86.815306782249806, 36.3208246519401 ], [ -86.814848128472406, 36.320471039306398 ], [ -86.814582435501293, 36.320133751654197 ], [ -86.814301953513507, 36.319678443786302 ], [ -86.814089482904294, 36.3194824366498 ], [ -86.813909320819107, 36.319251016291801 ], [ -86.813628585573795, 36.318811675184101 ], [ -86.813156670561995, 36.318017544480398 ], [ -86.812926129574805, 36.317672462521301 ], [ -86.812858273751502, 36.317510161295601 ], [ -86.812717110039898, 36.317315732570698 ], [ -86.812288359596295, 36.316590188154201 ], [ -86.812066846179306, 36.316222136454599 ], [ -86.811468314393295, 36.315276774876502 ], [ -86.810997447722698, 36.314395489909799 ], [ -86.810871227259895, 36.314145941618001 ], [ -86.810794907801096, 36.313985069337598 ], [ -86.810741544810199, 36.313662830741201 ], [ -86.810782134587001, 36.313326650860802 ], [ -86.810822187601403, 36.312956306886697 ], [ -86.810855863240207, 36.312520872826902 ], [ -86.810866674231207, 36.3123775461872 ], [ -86.810930959968204, 36.311540282293201 ], [ -86.810966601440796, 36.311029558828999 ], [ -86.810995097243094, 36.310539206159099 ], [ -86.810973555720906, 36.310134173249899 ], [ -86.810889352787399, 36.3098245025216 ], [ -86.810851142658706, 36.309614615871197 ], [ -86.810796609501296, 36.309426471006901 ], [ -86.810645609443199, 36.309056642987798 ], [ -86.810608105649294, 36.308874221146503 ], [ -86.810452621196603, 36.308480558624602 ], [ -86.810205152168393, 36.308094207982101 ], [ -86.810085759688207, 36.307952165633303 ], [ -86.809873546302995, 36.307735718357399 ], [ -86.809827561744498, 36.3076364487818 ], [ -86.809730105034305, 36.307482069485602 ], [ -86.809183360012298, 36.3068690354118 ], [ -86.809048222348906, 36.306692538232298 ], [ -86.808832303291595, 36.306415586726601 ], [ -86.808528667583104, 36.306028550626301 ], [ -86.808023796719496, 36.305318228804801 ], [ -86.807833487840597, 36.305037047937802 ], [ -86.807623490726996, 36.3047103894177 ], [ -86.807434993498802, 36.304382472125397 ], [ -86.807057432163703, 36.303738823186201 ], [ -86.806666548514798, 36.303346554716903 ], [ -86.8066995133793, 36.303251049246001 ], [ -86.806977141328701, 36.3027283022777 ], [ -86.807051228834297, 36.3026302903003 ], [ -86.807144446468897, 36.302536271023598 ], [ -86.8073127226031, 36.3023979706633 ], [ -86.807627944839894, 36.302234652581703 ], [ -86.808000897968597, 36.302116787956798 ], [ -86.808501567705704, 36.3019187493801 ], [ -86.808737812339004, 36.301852153125701 ], [ -86.808933781822105, 36.301793563182699 ], [ -86.809353673486299, 36.301656549789499 ], [ -86.809615489747699, 36.301539767410397 ], [ -86.809895029593093, 36.301288641777496 ], [ -86.8102093212418, 36.300994635834698 ], [ -86.8102858252647, 36.300884587583496 ], [ -86.810344284597605, 36.300710793091298 ], [ -86.810296599216599, 36.300486375919299 ], [ -86.810259645383496, 36.300398720422898 ], [ -86.810103036695907, 36.3000177688264 ], [ -86.809997696218105, 36.2997552801599 ], [ -86.809816793142502, 36.299362816253399 ], [ -86.809699631276899, 36.299022632747402 ], [ -86.809595618138104, 36.298637951622403 ], [ -86.809407105615605, 36.297876699273601 ], [ -86.809339804265306, 36.297600220341998 ], [ -86.809280955457496, 36.297403690448299 ], [ -86.809267956425202, 36.297252350408499 ], [ -86.809283980938005, 36.296869383328499 ], [ -86.8092923554062, 36.296692877524599 ], [ -86.809304260425506, 36.296509034250903 ], [ -86.809360605376895, 36.295816434870602 ], [ -86.809427081147106, 36.295597090055999 ], [ -86.809615560411302, 36.295237690777498 ], [ -86.809692124155305, 36.295092446619201 ], [ -86.809776469872602, 36.294883026651902 ], [ -86.809840356126102, 36.2947259110719 ], [ -86.809892153827505, 36.294595684653501 ], [ -86.8100585237693, 36.2941712994987 ], [ -86.810111704164399, 36.2940649166285 ], [ -86.810321579528406, 36.2936219629172 ], [ -86.810536326073006, 36.293149837517603 ], [ -86.810607437558502, 36.293545227965403 ], [ -86.810952224418401, 36.294956266080497 ], [ -86.811304256478394, 36.296485687697 ], [ -86.811313467310697, 36.297385089109902 ], [ -86.811556005941497, 36.2985513999243 ], [ -86.811742507497101, 36.299241453957002 ], [ -86.811776389387006, 36.299361216621001 ], [ -86.8120078991995, 36.300078815343397 ], [ -86.812663147305599, 36.300271679896902 ], [ -86.813261548415099, 36.300782855804002 ], [ -86.814094787156293, 36.301505912741902 ], [ -86.8149476609902, 36.301815382284502 ], [ -86.815564913269597, 36.301859120563897 ], [ -86.816089315556695, 36.302031388410903 ], [ -86.816354688939995, 36.302178276855301 ], [ -86.816874904558205, 36.302355548461499 ], [ -86.817262014924907, 36.302015510196703 ], [ -86.817923795259006, 36.301433371580401 ], [ -86.818814570793606, 36.3014273422 ], [ -86.819377566119996, 36.301434172603798 ], [ -86.819617250305598, 36.301229786925298 ], [ -86.820623845473605, 36.300897442401499 ], [ -86.821016393935096, 36.300462472052303 ], [ -86.821208113736503, 36.300030590611399 ], [ -86.821255524653196, 36.299913231347197 ], [ -86.821475867326697, 36.299322961126002 ], [ -86.821749054864895, 36.299037135840798 ], [ -86.822167177776294, 36.298860718546798 ], [ -86.822927539049104, 36.2987578560465 ], [ -86.823152682886004, 36.298445539411503 ], [ -86.8237774166343, 36.297595658903397 ], [ -86.829899031415295, 36.298217737865102 ], [ -86.830107329380596, 36.299021172945501 ], [ -86.830716966998494, 36.298744485251497 ], [ -86.830906887489704, 36.298988231348297 ], [ -86.834347881880703, 36.299274097862103 ], [ -86.834862681448101, 36.299176872078299 ], [ -86.834654959281906, 36.298207248557603 ], [ -86.835144783364001, 36.298284627228298 ], [ -86.836437351764701, 36.297413963361301 ], [ -86.836493156983806, 36.297367009041501 ], [ -86.836896363262198, 36.297669422078201 ], [ -86.837760512730895, 36.2985714131256 ], [ -86.8378485161154, 36.298582922056298 ], [ -86.838106438427403, 36.2991569245821 ], [ -86.838165535419606, 36.299286355545298 ], [ -86.838515732218198, 36.299428658828802 ], [ -86.838558651577301, 36.299515921176898 ], [ -86.838723097639701, 36.299622599498697 ], [ -86.838920371733593, 36.299664667445398 ], [ -86.8389441456779, 36.301068381176897 ], [ -86.839936599369395, 36.301090333855498 ], [ -86.840145698291806, 36.299687062441599 ], [ -86.841188006644899, 36.299451987192199 ], [ -86.842388589136107, 36.2998275988909 ], [ -86.843584157944505, 36.300274666655298 ], [ -86.843999772113705, 36.299583168619201 ], [ -86.844559454834595, 36.298648339813802 ], [ -86.844964295248701, 36.298559825816497 ], [ -86.846183487462199, 36.298311123162399 ], [ -86.846671520913702, 36.298035109440796 ], [ -86.847110297275094, 36.297790603384399 ], [ -86.8473114254313, 36.297637766430398 ], [ -86.847578098849894, 36.297505587079698 ], [ -86.847861894065105, 36.297427540011498 ], [ -86.847889112710206, 36.297315237792503 ], [ -86.848031511054899, 36.2972635914956 ], [ -86.848448247779004, 36.2969639931787 ], [ -86.848634638216097, 36.296940537395997 ], [ -86.848751435378304, 36.296874991637999 ], [ -86.848852521827297, 36.296887158424198 ], [ -86.849036475718805, 36.296794701106201 ], [ -86.849142919702899, 36.296713089127998 ], [ -86.849387638626396, 36.296551529802301 ], [ -86.849434057566896, 36.296449908549398 ], [ -86.849563044375699, 36.296413634758501 ], [ -86.849755678218798, 36.2963396574822 ], [ -86.849915768725594, 36.296237237009102 ], [ -86.849409804272895, 36.295770371456697 ], [ -86.849295270556496, 36.295548036071303 ], [ -86.849068023153393, 36.2951471460063 ], [ -86.848945121355698, 36.294919837464597 ], [ -86.849133062586006, 36.2947747951699 ], [ -86.849496450855199, 36.294475588187296 ], [ -86.850282755135197, 36.294109518219599 ], [ -86.850877155104897, 36.2944382368226 ], [ -86.851355478566106, 36.294503887421399 ], [ -86.851702670723, 36.2942875202029 ], [ -86.851296348703997, 36.293738065637498 ], [ -86.851861797741805, 36.292675976494401 ], [ -86.850782014664205, 36.291898627939702 ], [ -86.850239445206796, 36.291564798800003 ], [ -86.850056665098506, 36.291459679507398 ], [ -86.849562848281593, 36.291209168687502 ], [ -86.848367708845799, 36.290631548534002 ], [ -86.849184476147599, 36.290067847263899 ], [ -86.849491929234006, 36.2898599351619 ], [ -86.850105977730905, 36.289434197927001 ], [ -86.850261023759998, 36.289328641665101 ], [ -86.851902091257998, 36.288218354689903 ], [ -86.852376039539493, 36.288196128143703 ], [ -86.853424756295794, 36.2879038999287 ], [ -86.853536995520102, 36.287810568102003 ], [ -86.853787191335599, 36.287648960500697 ], [ -86.854478417016793, 36.287166270993701 ], [ -86.855527546908405, 36.286442914679697 ], [ -86.856137637647294, 36.286028949416703 ], [ -86.856946891442206, 36.2858829649524 ], [ -86.857180318672107, 36.285842904605403 ], [ -86.858184110625004, 36.285681879589703 ], [ -86.858717622255696, 36.285326131675902 ], [ -86.8596722560183, 36.283795276989999 ], [ -86.860947947723105, 36.283439560559401 ], [ -86.861190682781597, 36.283569687433001 ], [ -86.861316979346498, 36.283678495877503 ], [ -86.861714585773498, 36.284165829845399 ], [ -86.862024701166604, 36.284446559657702 ], [ -86.862338394390605, 36.284588196297101 ], [ -86.862512808281707, 36.284636397906397 ], [ -86.862811165963393, 36.284654871144298 ], [ -86.863117679707997, 36.284604438731598 ], [ -86.863389464151297, 36.284519572729401 ], [ -86.863593169691498, 36.284414590007103 ], [ -86.864110315126894, 36.284155594919703 ], [ -86.864314318405803, 36.284078078832501 ], [ -86.865027912202194, 36.283865919128303 ], [ -86.865812717920093, 36.283705612115398 ], [ -86.866732008061703, 36.283516689467902 ], [ -86.867768914836304, 36.283313839749098 ], [ -86.868756331473406, 36.283120834549003 ], [ -86.8689251748457, 36.283085384121101 ], [ -86.869944898258098, 36.282880340826203 ], [ -86.870510980299301, 36.282716252475602 ], [ -86.871158507152501, 36.282438088918397 ], [ -86.871964558109696, 36.2819592772166 ], [ -86.872472568164397, 36.281644856597801 ], [ -86.872642822520504, 36.281484566854203 ], [ -86.872763081310595, 36.2813634026759 ], [ -86.873003510281194, 36.281102610126702 ], [ -86.873129373067002, 36.280901513018797 ], [ -86.873245873870701, 36.280659106629699 ], [ -86.873386720510197, 36.280278487152202 ], [ -86.873430597306495, 36.279966817579499 ], [ -86.873458817560802, 36.279701438276597 ], [ -86.873439340382006, 36.279434947713803 ], [ -86.873478005695603, 36.278441281912102 ], [ -86.873505300321796, 36.2782340839128 ], [ -86.873520893688905, 36.278141600800602 ], [ -86.873754197809006, 36.277259102368099 ], [ -86.874356294142601, 36.2762124300504 ], [ -86.874610707219006, 36.275908274046799 ], [ -86.874699693083599, 36.275813599942403 ], [ -86.874821819753095, 36.275696492347102 ], [ -86.875515057490503, 36.275039652887699 ], [ -86.876171949669398, 36.2746185488243 ], [ -86.876483512153897, 36.274448094882999 ], [ -86.876685860087306, 36.274339022286398 ], [ -86.876793949035701, 36.274287688613398 ], [ -86.876990646468201, 36.274199716910204 ], [ -86.877832283364498, 36.273862919352403 ], [ -86.878045826441095, 36.273807973123297 ], [ -86.878590138246807, 36.273600051849002 ], [ -86.878802352271805, 36.273501848480002 ], [ -86.879200457222495, 36.273226312090799 ], [ -86.879397077649301, 36.273020547323497 ], [ -86.879655303468297, 36.272676175087398 ], [ -86.879799364890303, 36.272321791816502 ], [ -86.879846665694501, 36.271973364154803 ], [ -86.879849476624003, 36.271885597184898 ], [ -86.8798481788657, 36.271734081314499 ], [ -86.879836699130095, 36.271652159634201 ], [ -86.879749929949895, 36.2713066147696 ], [ -86.8796256604099, 36.271077612455997 ], [ -86.879512360466805, 36.270874354407198 ], [ -86.879161796144302, 36.270276643297997 ], [ -86.879079161264499, 36.270048298953803 ], [ -86.878964472112798, 36.2696902171906 ], [ -86.878883555095996, 36.269161661669301 ], [ -86.878919508476102, 36.268694750755103 ], [ -86.8789760148601, 36.26847346361 ], [ -86.8790088879189, 36.268354612898897 ], [ -86.879090114603599, 36.268118772103399 ], [ -86.879258565937704, 36.267762075727099 ], [ -86.879498111728395, 36.267424273958 ], [ -86.879584815029105, 36.267312780161902 ], [ -86.8798178220041, 36.267063044332801 ], [ -86.880159618898901, 36.266768307066002 ], [ -86.8806335055273, 36.266447402423601 ], [ -86.881123327275901, 36.266225272380701 ], [ -86.881460516802406, 36.266118129103504 ], [ -86.881576908726103, 36.266087701566697 ], [ -86.881739801148697, 36.2660549476388 ], [ -86.882195837675198, 36.265972791428602 ], [ -86.882622415567795, 36.265935853988204 ], [ -86.883133896227093, 36.265945852408002 ], [ -86.885011655350596, 36.266153079123796 ], [ -86.885548615382802, 36.266128371295203 ], [ -86.886101031848298, 36.266007058643197 ], [ -86.886746180823906, 36.265760760341401 ], [ -86.886995575441901, 36.265620338312203 ], [ -86.887114011839799, 36.265545523725699 ], [ -86.887268840702305, 36.265429856877397 ], [ -86.887614729065803, 36.265130981893101 ], [ -86.888624241666307, 36.264103559084496 ], [ -86.889521986452195, 36.263206918670498 ], [ -86.889935743050998, 36.262860494329601 ], [ -86.890525280715906, 36.262529049389798 ], [ -86.891435703065298, 36.262053831702097 ], [ -86.891565588879203, 36.262141808438798 ], [ -86.891736779368799, 36.262320818836201 ], [ -86.892173276378699, 36.263242486007798 ], [ -86.892363972046596, 36.263496551278003 ], [ -86.893204220584806, 36.264349818916401 ], [ -86.893353980292801, 36.264582895708401 ], [ -86.893469828024195, 36.264891937873301 ], [ -86.893491297280704, 36.265141414904598 ], [ -86.893459500499404, 36.265565073864202 ], [ -86.893422343481106, 36.266526080829699 ], [ -86.893427719204794, 36.267054842833701 ], [ -86.893433430951305, 36.267493293940198 ], [ -86.8936575642295, 36.268844736881803 ], [ -86.893824913671807, 36.269871035877202 ], [ -86.893982376222894, 36.270222004773501 ], [ -86.894590444464797, 36.271197676067601 ], [ -86.8947331004902, 36.271776584324201 ], [ -86.895084006320701, 36.273064029075996 ], [ -86.895117419302196, 36.273179401284601 ], [ -86.895248362131895, 36.2735816797979 ], [ -86.896585526008394, 36.274131071809101 ], [ -86.897302692038593, 36.274420767722901 ], [ -86.8979950632624, 36.274521557298499 ], [ -86.898508223115599, 36.274487526302401 ], [ -86.898838280345501, 36.2744244660961 ], [ -86.901019892454201, 36.273659831305501 ], [ -86.901466798128197, 36.273543012596001 ], [ -86.901951534551699, 36.273471407403498 ], [ -86.902833909090702, 36.273462758999202 ], [ -86.903842265527302, 36.273618344919299 ], [ -86.904401832815395, 36.273715143985399 ], [ -86.904505576969299, 36.273732594098199 ], [ -86.904803002884094, 36.273775100765498 ], [ -86.905369868410403, 36.273802789816301 ], [ -86.905940558637099, 36.273756964770598 ], [ -86.906836681980096, 36.273578383942997 ], [ -86.907515304360899, 36.273552000835302 ], [ -86.909300625673694, 36.273849167109397 ], [ -86.909745102395604, 36.2739649742824 ], [ -86.910634166024394, 36.274132027931699 ], [ -86.910979402447396, 36.274099209027 ], [ -86.911207125200306, 36.274039663019899 ], [ -86.912059864216303, 36.273776588267303 ], [ -86.912749797516796, 36.273540053157198 ], [ -86.913301109352304, 36.273253709701599 ], [ -86.9139199155304, 36.272999661918703 ], [ -86.914387187189803, 36.272885731635697 ], [ -86.914662548082703, 36.272861671849 ], [ -86.915520344585701, 36.272815503156799 ], [ -86.916296268394802, 36.272779591164003 ], [ -86.916743452337599, 36.272771012721499 ], [ -86.917369828586899, 36.2727958270439 ], [ -86.917922120249997, 36.272920057028898 ], [ -86.918915821594993, 36.2732603477033 ], [ -86.919422280186893, 36.273344572417798 ], [ -86.919840768968101, 36.273375897606897 ], [ -86.920181525384393, 36.273359568593897 ], [ -86.9204203023926, 36.273324669377601 ], [ -86.922554611859695, 36.2729982712519 ], [ -86.923374781351697, 36.2728558584922 ], [ -86.9237099740768, 36.272762645313101 ], [ -86.923997009455704, 36.272649025000803 ], [ -86.92449908399, 36.272393660970799 ], [ -86.926322685261795, 36.271463736135303 ], [ -86.926801566255605, 36.2712569564546 ], [ -86.927407513439505, 36.271146375949797 ], [ -86.927860295412898, 36.271126139192297 ], [ -86.929264915930204, 36.271079228443 ], [ -86.930346669394197, 36.271079318808901 ], [ -86.930831881402, 36.271015491467899 ], [ -86.931332140115799, 36.270824839527201 ], [ -86.931762033032498, 36.2706366165867 ], [ -86.932022512244401, 36.270574173457902 ], [ -86.932334300425794, 36.270583786849002 ], [ -86.932573801509307, 36.270648554458198 ], [ -86.932808128742593, 36.270791784630802 ], [ -86.933035993530794, 36.2709553579176 ], [ -86.933318021279206, 36.271153928583097 ], [ -86.933587222034205, 36.271327830920796 ], [ -86.934073928319606, 36.271390857418297 ], [ -86.934435641143693, 36.271354581880402 ], [ -86.934739012319994, 36.271225529196002 ], [ -86.935509093010893, 36.270692749976597 ], [ -86.936137205168393, 36.270300289526702 ], [ -86.937318004648404, 36.269674051224797 ], [ -86.937864373723897, 36.269406818565898 ], [ -86.938447364986303, 36.269222190704099 ], [ -86.9401459792129, 36.2689998709522 ], [ -86.940363389905897, 36.268953883571797 ], [ -86.940757311032698, 36.268810032392402 ], [ -86.941387474627803, 36.268492306972803 ], [ -86.941854885130994, 36.268288475091701 ], [ -86.942898742085404, 36.268100232948598 ], [ -86.943334188513404, 36.267990215511098 ], [ -86.944120965291802, 36.267650478597503 ], [ -86.945070024457294, 36.267343553643101 ], [ -86.945532272410802, 36.267199060788997 ], [ -86.947110423905499, 36.266517456390197 ], [ -86.948403569562899, 36.266222653263299 ], [ -86.948956377393102, 36.266032421646599 ], [ -86.950260101136195, 36.265585128076196 ], [ -86.9506432666454, 36.265444641301499 ], [ -86.951519999032499, 36.265044228065001 ], [ -86.952340721280507, 36.264817656613502 ], [ -86.953024545569804, 36.264763782809098 ], [ -86.953135262620805, 36.264759352203797 ], [ -86.953559386752502, 36.264750358880903 ], [ -86.954559845061496, 36.264591029900402 ], [ -86.955117225075298, 36.264609460676503 ], [ -86.955369249157698, 36.264622577250599 ], [ -86.955808155863096, 36.264626660979197 ], [ -86.9560319838059, 36.264587118651299 ], [ -86.956209000176798, 36.264533524353503 ], [ -86.956463106613199, 36.264438114063203 ], [ -86.9567415036813, 36.264282591094698 ], [ -86.958068001565906, 36.262964489991198 ], [ -86.958428187587998, 36.262655908613802 ], [ -86.959568744701798, 36.261718473379801 ], [ -86.959904036353393, 36.261535707400299 ], [ -86.960284240890601, 36.261399729717198 ], [ -86.960830342708405, 36.261174835475501 ], [ -86.960956545504899, 36.261092622440898 ], [ -86.961122222029999, 36.260940231100797 ], [ -86.961307179188097, 36.2607419890481 ], [ -86.961736767760499, 36.259840115247499 ], [ -86.961992505035596, 36.259496587438001 ], [ -86.962207161288504, 36.2592624874043 ], [ -86.962629495936795, 36.258804219625297 ], [ -86.963294672281805, 36.258078734506597 ], [ -86.964199508244903, 36.257104602597302 ], [ -86.964665895383305, 36.256622101550299 ], [ -86.965110636020896, 36.256197757127801 ], [ -86.965616719623696, 36.255838314311603 ], [ -86.967678371604507, 36.254682825209997 ], [ -86.968189186852896, 36.254365397630998 ], [ -86.968478594235606, 36.254109491055502 ], [ -86.968769456764903, 36.253690433776498 ], [ -86.969008757499594, 36.253353225634399 ], [ -86.969402891759302, 36.252901273454299 ], [ -86.969686427156205, 36.252720611513503 ], [ -86.970962517249504, 36.252096740403402 ], [ -86.971635197301794, 36.251774906482702 ], [ -86.971799336268504, 36.251659878948402 ], [ -86.972208690630396, 36.251351195669102 ], [ -86.9723143948017, 36.2512429146038 ], [ -86.9732969977198, 36.2502492770641 ], [ -86.973532133905593, 36.250070838498402 ], [ -86.973976447194005, 36.249755855801801 ], [ -86.974749457442101, 36.249300665714401 ], [ -86.973753076739996, 36.250967391426101 ], [ -86.973565379904798, 36.251252537526902 ], [ -86.971826357417598, 36.253950066326802 ], [ -86.969747707638504, 36.257140469967602 ], [ -86.969524801772394, 36.2574957696838 ], [ -86.967247350305797, 36.2610530775302 ], [ -86.966325222900807, 36.262519307896703 ], [ -86.9661006086897, 36.262841306229099 ], [ -86.964660888390398, 36.265122895610602 ], [ -86.963254890939297, 36.267290194669499 ], [ -86.961995735462395, 36.269264357290297 ], [ -86.960598928756497, 36.271467259908 ], [ -86.960331541075803, 36.271867876748999 ], [ -86.959693079214205, 36.272862052565699 ], [ -86.959072067588593, 36.273827757328 ], [ -86.958545996252397, 36.274650203248903 ], [ -86.958054249569997, 36.275401295056703 ], [ -86.957925126808206, 36.275629978786398 ], [ -86.957730677334297, 36.275927340746399 ], [ -86.957618983535596, 36.276089442168598 ], [ -86.956655883229004, 36.276755326321101 ], [ -86.955924211941394, 36.277236694916098 ], [ -86.955544575273294, 36.277511309411501 ], [ -86.954693794700006, 36.278104351531397 ], [ -86.954396881072697, 36.278311350032098 ], [ -86.953609766676294, 36.278839669729898 ], [ -86.953070874940394, 36.279203094057003 ], [ -86.952242860970998, 36.279752673140699 ], [ -86.951500818181003, 36.280257788902603 ], [ -86.950755540004195, 36.280741464268203 ], [ -86.9495582849855, 36.281554380535603 ], [ -86.948999544204796, 36.281927900011901 ], [ -86.948090301334403, 36.282534401440302 ], [ -86.947656172490795, 36.283257182440202 ], [ -86.946800884357799, 36.284725300439199 ], [ -86.945966553745393, 36.2861396805909 ], [ -86.943858711466603, 36.289707708047402 ], [ -86.9424167123655, 36.292213247825998 ], [ -86.941610786088802, 36.293603850723798 ], [ -86.940910483278401, 36.294818503462999 ], [ -86.939793755572595, 36.296760569745402 ], [ -86.938853358008899, 36.2984093854121 ], [ -86.937983793104806, 36.299917374112702 ], [ -86.937545422488199, 36.300691824434097 ], [ -86.936625872424699, 36.302281912869603 ], [ -86.935366840133696, 36.304441360813001 ], [ -86.934327445211494, 36.306236836095103 ], [ -86.933259351637105, 36.308085058917897 ], [ -86.932318340095705, 36.309704633773499 ], [ -86.930394517287297, 36.3130431432172 ], [ -86.929347328824704, 36.314844466447703 ], [ -86.928307592511501, 36.316634047314999 ], [ -86.927387740242906, 36.318229894393802 ], [ -86.925569443426696, 36.321374873415003 ], [ -86.925010602224106, 36.3223546717673 ], [ -86.924565123754903, 36.3231232846897 ], [ -86.924027350056093, 36.324056046335102 ], [ -86.923305633424604, 36.325299931683297 ], [ -86.923264057788302, 36.325446354088399 ], [ -86.922967079421198, 36.325997673437399 ], [ -86.922826808479499, 36.326305032032003 ], [ -86.922136784029504, 36.327832292868202 ], [ -86.921771259514699, 36.328693852999798 ], [ -86.920850662594106, 36.330832862183897 ], [ -86.920541935969794, 36.331617928284899 ], [ -86.920142478033696, 36.332666534615498 ], [ -86.918749722755905, 36.336438926975298 ], [ -86.917417453270602, 36.340131692061703 ], [ -86.916145520194704, 36.343474085894499 ], [ -86.915822132836297, 36.344247572477798 ], [ -86.915080491698603, 36.346291772961301 ], [ -86.913401310823303, 36.350960040325397 ], [ -86.912932266565406, 36.352248640241598 ], [ -86.912211786934193, 36.354263470659397 ], [ -86.911147818902094, 36.357198020098203 ], [ -86.909958040132693, 36.360495584792098 ], [ -86.910097142536799, 36.3606677678479 ], [ -86.910198159720096, 36.360776714126501 ], [ -86.910232940339498, 36.360884785144599 ], [ -86.910267800020407, 36.360999722917803 ], [ -86.910496824126099, 36.361275612897401 ], [ -86.910608145426806, 36.361505175177399 ], [ -86.910643705074307, 36.361680883710001 ], [ -86.910638523089006, 36.361931581405898 ], [ -86.9105797019959, 36.362206375146499 ], [ -86.910486033827198, 36.362515081111802 ], [ -86.910339074823298, 36.362841356306603 ], [ -86.910262758640201, 36.3629609074329 ], [ -86.910009045369605, 36.363270473441702 ], [ -86.909710914885395, 36.363557195486301 ], [ -86.909403980412094, 36.3638168568637 ], [ -86.909163337793203, 36.364008204218102 ], [ -86.908673095673805, 36.364350618983501 ], [ -86.9084825017719, 36.364501071685801 ], [ -86.908017686051295, 36.364876942823599 ], [ -86.907800608610103, 36.364939519341199 ], [ -86.907580658876, 36.364751630322402 ], [ -86.907429645178894, 36.364725636853301 ], [ -86.907271886172794, 36.3648148936133 ], [ -86.906985947068193, 36.365129501728603 ], [ -86.906767944097197, 36.365407889823501 ], [ -86.906652678819398, 36.365611855420298 ], [ -86.906340375177393, 36.366108644179398 ], [ -86.906317034623399, 36.366257840468897 ], [ -86.906349811793802, 36.366450739144099 ], [ -86.906412413639799, 36.366541605964699 ], [ -86.906438390495893, 36.3666226177696 ], [ -86.9066158505929, 36.366770309767297 ], [ -86.906728098585006, 36.3670810746124 ], [ -86.907153636860798, 36.367610619659303 ], [ -86.907288517539698, 36.3677472987223 ], [ -86.907576950537305, 36.368056741599098 ], [ -86.907728823143898, 36.3681570674743 ], [ -86.907864027886106, 36.3682848159062 ], [ -86.908184758446893, 36.368485510950698 ], [ -86.908203180772603, 36.3686479570733 ], [ -86.908089583822004, 36.368960415324203 ], [ -86.907992345191701, 36.369218498678002 ], [ -86.907935856170198, 36.369401765526803 ], [ -86.907870643710694, 36.369564839123498 ], [ -86.907854981416193, 36.369679984605803 ], [ -86.907906512045301, 36.369767671659503 ], [ -86.908321903227403, 36.370225009661802 ], [ -86.908398327199507, 36.370298946646102 ], [ -86.908978622317605, 36.370511425470802 ], [ -86.909084381490601, 36.370514751426398 ], [ -86.909229840350605, 36.370536664199697 ], [ -86.909447941996106, 36.370561979608802 ], [ -86.909792567801702, 36.370661025797901 ], [ -86.909918701275103, 36.370700766437999 ], [ -86.910053600039802, 36.370801216996398 ], [ -86.910139140961505, 36.370929336312102 ], [ -86.9101826932325, 36.371098288689097 ], [ -86.9101927418927, 36.371233671391899 ], [ -86.9102029465556, 36.371382615910399 ], [ -86.910163642452801, 36.371620006416499 ], [ -86.910016041463905, 36.371892032958002 ], [ -86.909908990097804, 36.372034991820499 ], [ -86.909822293535598, 36.372138825407397 ], [ -86.911344992505903, 36.372185740181401 ], [ -86.9115873597041, 36.371921238999697 ], [ -86.911931153030906, 36.3717261915723 ], [ -86.912089666408505, 36.371701648001299 ], [ -86.912429085188705, 36.371716601035402 ], [ -86.912630208901604, 36.371668386515097 ], [ -86.913038369326898, 36.371385291854097 ], [ -86.913138873513802, 36.3713378355964 ], [ -86.913297318385304, 36.371307453708098 ], [ -86.913498912109702, 36.371300094863102 ], [ -86.913643258981907, 36.371299005144401 ], [ -86.913744099629994, 36.371280732042997 ], [ -86.913889407596898, 36.371179028208502 ], [ -86.9139874016834, 36.371098111897702 ], [ -86.914167295462207, 36.371050055136898 ], [ -86.914261727449301, 36.371101876909897 ], [ -86.914384334594999, 36.371130136754097 ], [ -86.9145000141623, 36.371146774343501 ], [ -86.914737983635604, 36.371127464049898 ], [ -86.914860408319598, 36.371103189617003 ], [ -86.915119692102607, 36.3710545312234 ], [ -86.915249044321499, 36.3710418784921 ], [ -86.915644038577696, 36.370869610395701 ], [ -86.915976439809896, 36.370902118289003 ], [ -86.9155035438814, 36.371827637626403 ], [ -86.915206972404505, 36.372397123273501 ], [ -86.914963398839106, 36.372923629864502 ], [ -86.914734937478499, 36.373361948012104 ], [ -86.915298222830501, 36.373421898597101 ], [ -86.916064497660003, 36.373521170831502 ], [ -86.915947133950297, 36.373983029240101 ], [ -86.915878071757007, 36.374289320110101 ], [ -86.915448532572199, 36.376028288899398 ], [ -86.914933850546802, 36.378080533814497 ], [ -86.914695455437794, 36.378064824139102 ], [ -86.914204721601195, 36.378039345938703 ], [ -86.913518476556305, 36.3779978299861 ], [ -86.913085487133998, 36.377971911371702 ], [ -86.912644855459703, 36.377946048840698 ], [ -86.912664693845997, 36.377788465780597 ], [ -86.912715842306397, 36.377216203373898 ], [ -86.912565297069605, 36.377269873698303 ], [ -86.912393211702906, 36.377370404051803 ], [ -86.912272054950705, 36.377505573633997 ], [ -86.912186245370805, 36.377576095483398 ], [ -86.912014629708906, 36.3777174823311 ], [ -86.911893270011305, 36.377835141357899 ], [ -86.911749516400107, 36.377888759469798 ], [ -86.911584331627694, 36.377925027154902 ], [ -86.911476129613703, 36.377931679336697 ], [ -86.911124732852997, 36.378132619325903 ], [ -86.910815859611901, 36.378228339872301 ], [ -86.910700506308601, 36.3782408824013 ], [ -86.910570851326298, 36.378265206875497 ], [ -86.910398826432996, 36.378371399411499 ], [ -86.910269909645805, 36.378459927481899 ], [ -86.910126959312805, 36.378583584292997 ], [ -86.909998800075002, 36.378701120805097 ], [ -86.909898553091693, 36.378771921217201 ], [ -86.909842486503607, 36.378918273324302 ], [ -86.909829457642104, 36.379040781285497 ], [ -86.909888342910904, 36.379139571392898 ], [ -86.909961396008995, 36.379214906053598 ], [ -86.9101002607227, 36.379400481350402 ], [ -86.9102396869269, 36.379597898386699 ], [ -86.910349500790105, 36.379731156868097 ], [ -86.910728604348506, 36.3800551891647 ], [ -86.911204878045297, 36.380298999494201 ], [ -86.911425152948397, 36.380400007304097 ], [ -86.911657357939006, 36.380578182195499 ], [ -86.911808636040107, 36.380698079091502 ], [ -86.911927015855895, 36.3807636284956 ], [ -86.912064901783793, 36.3808267989101 ], [ -86.912188687894201, 36.380919261544399 ], [ -86.9122907523153, 36.381006050565503 ], [ -86.912401042658502, 36.3811801641179 ], [ -86.912465336732794, 36.3813793466921 ], [ -86.912636871100005, 36.3815984942512 ], [ -86.912688253514105, 36.381709013968198 ], [ -86.912733850211495, 36.381906963904697 ], [ -86.912822702505693, 36.382063040317199 ], [ -86.912961521491297, 36.382243633783197 ], [ -86.913085445560597, 36.382347768878297 ], [ -86.913173884338406, 36.382504706553199 ], [ -86.913254227422399, 36.382585649721598 ], [ -86.913320742177604, 36.382719403835203 ], [ -86.913430500168801, 36.382846994340198 ], [ -86.913489458161493, 36.382951447611397 ], [ -86.913584153143006, 36.383061640005103 ], [ -86.913693642461098, 36.383165883421199 ], [ -86.913788491014401, 36.383252553938902 ], [ -86.913934410135994, 36.383385708173797 ], [ -86.914035805466895, 36.383414128569498 ], [ -86.914116152338906, 36.383495242809097 ], [ -86.914119346278099, 36.383587927429602 ], [ -86.913921249088105, 36.383606591707903 ], [ -86.913722557137405, 36.383573755296901 ], [ -86.913552541006595, 36.383523533835401 ], [ -86.9134034639861, 36.383484656866699 ], [ -86.913191023748695, 36.383474757158197 ], [ -86.912640344848597, 36.3835934232131 ], [ -86.912464598476305, 36.383709089046498 ], [ -86.9124030180201, 36.383892738845901 ], [ -86.912412281221293, 36.384070017352599 ], [ -86.912584108257704, 36.384240404712997 ], [ -86.912790585427302, 36.384359025677597 ], [ -86.912884773684695, 36.384535663629997 ], [ -86.912944811259507, 36.384844068098801 ], [ -86.912904990989404, 36.385073393245499 ], [ -86.912681107974606, 36.385286766483802 ], [ -86.912526193233006, 36.3853679386837 ], [ -86.912409175789406, 36.385421184086702 ], [ -86.912224010022697, 36.385530568212303 ], [ -86.912090786703402, 36.3856515784259 ], [ -86.911915630442493, 36.385818915385201 ], [ -86.911840431185794, 36.385889700147601 ], [ -86.911706575610197, 36.386066511547099 ], [ -86.911629630534193, 36.386170100709002 ], [ -86.911506064154807, 36.386502893894303 ], [ -86.911451616472903, 36.386642538534701 ], [ -86.911361330329797, 36.3868415118176 ], [ -86.911292753026302, 36.387008045242901 ], [ -86.911279566917102, 36.387116819610803 ], [ -86.911282373433806, 36.3872867642553 ], [ -86.911268454216696, 36.387368761646698 ], [ -86.911179338653994, 36.387632621936199 ], [ -86.911096188170404, 36.3877875904885 ], [ -86.910998565743498, 36.3879028375434 ], [ -86.910930907702706, 36.388149367837599 ], [ -86.910785510405503, 36.388430819557897 ], [ -86.910687329714193, 36.388534567799802 ], [ -86.910431345866698, 36.3890228700077 ], [ -86.910392962013006, 36.389377854694501 ], [ -86.910358938895101, 36.389521293754797 ], [ -86.910206610349604, 36.389791294021897 ], [ -86.910164950725303, 36.390009300598898 ], [ -86.910145716749398, 36.390109364390497 ], [ -86.910083624678094, 36.390175585618401 ], [ -86.909989061567401, 36.390224882688699 ], [ -86.909814105224498, 36.390226197859299 ], [ -86.909652478846198, 36.390241833923398 ], [ -86.908884464877602, 36.390522123290999 ], [ -86.908675521821706, 36.390522490225599 ], [ -86.908367203020205, 36.390486004161197 ], [ -86.9080421159899, 36.390505611554197 ], [ -86.907787653156205, 36.390536191154801 ], [ -86.907412617545901, 36.390533166006101 ] ] ] } },
{ "type": "Feature", "properties": { "OBJECTID": 3, "CommunityNumber": 4, "CommunityName": "Madison", "GlobalID": "68911bc4-caf0-4d28-bc9f-c64c27a530fb" }, "geometry": { "type": "Polygon", "coordinates": [ [ [ -86.668850641186694, 36.300884103843103 ], [ -86.670488524676898, 36.300996309493598 ], [ -86.671944656656294, 36.300821795194601 ], [ -86.673130515914906, 36.3005403922337 ], [ -86.674430251968403, 36.300120736478803 ], [ -86.675602207029897, 36.299508427797903 ], [ -86.676702722600496, 36.298862781780699 ], [ -86.678113973797096, 36.297632052717503 ], [ -86.679311919381405, 36.2963518697658 ], [ -86.6817117595307, 36.293307591123202 ], [ -86.682116354486894, 36.292763662579802 ], [ -86.683572800788198, 36.290897167605102 ], [ -86.684142422052005, 36.2904069033615 ], [ -86.685097902914606, 36.289352425298901 ], [ -86.685973094413299, 36.288268121076598 ], [ -86.686470516031903, 36.287141954187298 ], [ -86.686821978018699, 36.285968860581001 ], [ -86.686798050719503, 36.283208472938199 ], [ -86.686607235170698, 36.280862964183598 ], [ -86.686071901025898, 36.278105304478203 ], [ -86.685720329653904, 36.277208352607801 ], [ -86.685101352128299, 36.275668014598402 ], [ -86.683986927611201, 36.273562134397402 ], [ -86.683573769972497, 36.2728069195066 ], [ -86.683163463616694, 36.272046394463601 ], [ -86.682731206621995, 36.271340482641399 ], [ -86.681819667364707, 36.269674636745798 ], [ -86.680872790163804, 36.268196513720603 ], [ -86.679836359237299, 36.267100681644401 ], [ -86.678064589699304, 36.265422423108298 ], [ -86.677941827015999, 36.265320954144798 ], [ -86.675547652746502, 36.263395328815399 ], [ -86.674197543005704, 36.261938901950401 ], [ -86.672719498243694, 36.259844975697398 ], [ -86.6702030855907, 36.256219764884598 ], [ -86.668912108779196, 36.255143728793797 ], [ -86.667882174179894, 36.2543743719894 ], [ -86.666370231036495, 36.253472188942602 ], [ -86.664471488812595, 36.252425613486601 ], [ -86.662935860185996, 36.2512907359759 ], [ -86.660737326976999, 36.249204769700398 ], [ -86.659772621527097, 36.247572980277297 ], [ -86.657822550596805, 36.244588333565197 ], [ -86.657605214590006, 36.244324633841501 ], [ -86.656439670205899, 36.242944356720699 ], [ -86.654394978981998, 36.240625938106703 ], [ -86.653382064197203, 36.239708452319697 ], [ -86.649986415236796, 36.236667974012903 ], [ -86.648899499640393, 36.235355260647403 ], [ -86.647920447581996, 36.2337004729753 ], [ -86.647058453634301, 36.2317960598402 ], [ -86.645576297755795, 36.228734422507202 ], [ -86.644135545585797, 36.225236627209 ], [ -86.643340714478299, 36.222244214234102 ], [ -86.642356416817904, 36.2184949852983 ], [ -86.641844107178599, 36.216977811151899 ], [ -86.640979464434494, 36.214910246303504 ], [ -86.639717477410997, 36.212325134773799 ], [ -86.639159705820006, 36.2107820363386 ], [ -86.639013022186006, 36.209457722978001 ], [ -86.639265168621904, 36.208148295504699 ], [ -86.639752664915804, 36.2071330571464 ], [ -86.640738997812903, 36.2057064583421 ], [ -86.643338105029102, 36.202908881443697 ], [ -86.646567684747595, 36.200141693794997 ], [ -86.649775046011797, 36.1980336246232 ], [ -86.653056614677496, 36.196247034083697 ], [ -86.655699799336006, 36.1950597519551 ], [ -86.657754515012897, 36.194231225665703 ], [ -86.659274891194201, 36.193823339413399 ], [ -86.661733770079707, 36.193364764120901 ], [ -86.663615197242095, 36.193000375537501 ], [ -86.665183229734296, 36.192902823238001 ], [ -86.666526878165797, 36.192839030328201 ], [ -86.667389659994598, 36.193001901759096 ], [ -86.668121438910902, 36.193266136340398 ], [ -86.668888176886, 36.193843119013899 ], [ -86.669567597821001, 36.194693029094097 ], [ -86.671473268009706, 36.196913813796002 ], [ -86.672995048773103, 36.199665931626399 ], [ -86.673658154676602, 36.201408870430903 ], [ -86.675429122369394, 36.204105308640301 ], [ -86.676317466099803, 36.205935992968897 ], [ -86.676481826523002, 36.206660439355097 ], [ -86.6766127829749, 36.208469323699099 ], [ -86.676623236041493, 36.209694607413198 ], [ -86.676771490102396, 36.211129265402299 ], [ -86.677345083819702, 36.2144387798634 ], [ -86.677653384212206, 36.2185831524706 ], [ -86.677676351647406, 36.221319733329402 ], [ -86.677695955457196, 36.223602387860304 ], [ -86.6777020880794, 36.22433185573 ], [ -86.677723221670504, 36.226804558173299 ], [ -86.678148814672696, 36.228995824589099 ], [ -86.678986528880102, 36.231104079262998 ], [ -86.680361273328103, 36.233407774478202 ], [ -86.681489691215205, 36.236285935507702 ], [ -86.682592193504107, 36.2382614985506 ], [ -86.683152482297302, 36.240025165558301 ], [ -86.684123730145103, 36.2420072924916 ], [ -86.685909285104302, 36.243543039498597 ], [ -86.688101616290894, 36.2448558258763 ], [ -86.689879625636806, 36.245508226837103 ], [ -86.692202783324106, 36.246157479628401 ], [ -86.695065293605296, 36.2461410457543 ], [ -86.699016467655298, 36.245790595712101 ], [ -86.701740016099293, 36.245550316188002 ], [ -86.703981592776003, 36.245116642066399 ], [ -86.705956302287305, 36.244421460829898 ], [ -86.708018876226006, 36.242938041711596 ], [ -86.710004855326005, 36.241427028494698 ], [ -86.7115054848841, 36.239971903868003 ], [ -86.712441718607806, 36.2379787580293 ], [ -86.712850181483503, 36.236642849572299 ], [ -86.712716946860098, 36.235042989949399 ], [ -86.715043112538794, 36.234777832852302 ], [ -86.716704818381601, 36.234560556741798 ], [ -86.718831901755493, 36.234284123040197 ], [ -86.7200824219873, 36.234266048944299 ], [ -86.721450817007096, 36.234327571354001 ], [ -86.722973231167103, 36.234601926519701 ], [ -86.724814952419393, 36.235152859446501 ], [ -86.725492962626703, 36.235367968711003 ], [ -86.726205715677295, 36.235597900620697 ], [ -86.7273104989751, 36.2361303545879 ], [ -86.7293004527981, 36.236954306471901 ], [ -86.730551412876196, 36.2372463435239 ], [ -86.732226391664, 36.237412803341499 ], [ -86.734466187169204, 36.237610621121704 ], [ -86.735017776811503, 36.237625980352703 ], [ -86.736720194597396, 36.237766872134799 ], [ -86.736871549415895, 36.237780670702698 ], [ -86.738095350237501, 36.237978921019099 ], [ -86.739481824985603, 36.238265800513801 ], [ -86.739594832823798, 36.238292050011502 ], [ -86.742117386924406, 36.238971875854197 ], [ -86.743062601887402, 36.239286435701899 ], [ -86.7444141001546, 36.239642519931898 ], [ -86.745676120393796, 36.239998461516102 ], [ -86.746976184234299, 36.2402361157502 ], [ -86.747643375079093, 36.240362299876097 ], [ -86.748506612732598, 36.240460665629399 ], [ -86.748843219830405, 36.240494608956503 ], [ -86.750176921391898, 36.2406256835786 ], [ -86.750821970880295, 36.240691821296103 ], [ -86.750986553198402, 36.240708587504599 ], [ -86.751619486324003, 36.240777664624098 ], [ -86.750947291602102, 36.241294928898299 ], [ -86.750402486179098, 36.241733394515002 ], [ -86.749933929066302, 36.242113255318998 ], [ -86.7493939931163, 36.242514379331702 ], [ -86.7484093308708, 36.243324342105197 ], [ -86.748330653271907, 36.2433890247246 ], [ -86.746705733813997, 36.244725539108302 ], [ -86.743947941795895, 36.246996640508698 ], [ -86.7431117864501, 36.247799399000399 ], [ -86.742973171094206, 36.247939964000103 ], [ -86.742612539509594, 36.248346594711101 ], [ -86.741733206115399, 36.2495313935732 ], [ -86.741639609196099, 36.249658648337402 ], [ -86.741534824305603, 36.249785431443101 ], [ -86.740703584965004, 36.251009943853298 ], [ -86.740389795791899, 36.251481649653698 ], [ -86.740255672811102, 36.251684403303202 ], [ -86.740184816360298, 36.251792240446598 ], [ -86.740134925278397, 36.251869233102802 ], [ -86.739684239228893, 36.252590323745899 ], [ -86.739558600895293, 36.252793480135701 ], [ -86.739508320592705, 36.252877962742197 ], [ -86.739335330616797, 36.253202164374798 ], [ -86.739108314422793, 36.253654632997304 ], [ -86.738898826128704, 36.254105439591399 ], [ -86.738839513492707, 36.254291739582001 ], [ -86.738686840849297, 36.254801414357601 ], [ -86.738600135902004, 36.2551526303995 ], [ -86.738529029893598, 36.255452363878703 ], [ -86.738508700009803, 36.255546446807699 ], [ -86.738455414570694, 36.2557937753758 ], [ -86.738378361915096, 36.256351542759298 ], [ -86.738348439436905, 36.259329122735501 ], [ -86.738342495728901, 36.259813137781002 ], [ -86.738345743351701, 36.260305280341399 ], [ -86.738321417646205, 36.260797726360998 ], [ -86.738215055660405, 36.261714497421103 ], [ -86.738139180048606, 36.262164228785899 ], [ -86.738092622141096, 36.2624443443922 ], [ -86.737755459946001, 36.2641300187586 ], [ -86.737394136424101, 36.265812269884101 ], [ -86.737136463571005, 36.267067273165999 ], [ -86.737012217609703, 36.267696893637499 ], [ -86.736869378239504, 36.268401695429098 ], [ -86.736705631362895, 36.269239978937897 ], [ -86.736420816703401, 36.270591614154 ], [ -86.735943160601494, 36.272946566808002 ], [ -86.7358460736003, 36.273407352634798 ], [ -86.735624327566498, 36.274463025195097 ], [ -86.735596438611594, 36.274593390284799 ], [ -86.735398250292107, 36.275400818456397 ], [ -86.735218638498296, 36.276125126295298 ], [ -86.735195843315793, 36.276215933520298 ], [ -86.735090432896001, 36.276548368292403 ], [ -86.734881898419204, 36.277200326488902 ], [ -86.734690779255303, 36.277629117005901 ], [ -86.734529538194707, 36.277983124593099 ], [ -86.734093954556201, 36.278847119308899 ], [ -86.733229993734696, 36.280257028618401 ], [ -86.732954204740395, 36.2806557075968 ], [ -86.732151296719707, 36.281700817789996 ], [ -86.729056906260098, 36.284683692068299 ], [ -86.728794445567701, 36.2849347384374 ], [ -86.727277248965095, 36.2863535903209 ], [ -86.727179090214804, 36.286444853651801 ], [ -86.726596254079794, 36.2870062558532 ], [ -86.726371932421102, 36.287224277821998 ], [ -86.725587284108897, 36.287993930811901 ], [ -86.725344182505793, 36.288219434518901 ], [ -86.724299298610902, 36.289160942615403 ], [ -86.723804264113497, 36.289596277465598 ], [ -86.722879379421201, 36.290396370723997 ], [ -86.722507982135795, 36.290709146581598 ], [ -86.721739940214704, 36.291277720104397 ], [ -86.720638197501998, 36.292152250101502 ], [ -86.719683678126401, 36.292914291215702 ], [ -86.719900315902194, 36.293089150172896 ], [ -86.720063121547, 36.293221236451501 ], [ -86.720472603264199, 36.2934727189078 ], [ -86.720659543859895, 36.293553326731598 ], [ -86.720845971659799, 36.293624151280099 ], [ -86.720903933577901, 36.293701063902098 ], [ -86.720978991104403, 36.294071799211501 ], [ -86.721071356815699, 36.294200355423698 ], [ -86.7211635540515, 36.2943103705921 ], [ -86.721417266378396, 36.2946896540845 ], [ -86.721535869639794, 36.294811357643802 ], [ -86.721769360311399, 36.295019247811901 ], [ -86.721911632443806, 36.295131538701298 ], [ -86.722114551685394, 36.295428886894001 ], [ -86.722389440305605, 36.295617643229498 ], [ -86.722553563937097, 36.295800193590502 ], [ -86.722612712720803, 36.295960365437402 ], [ -86.722622344027499, 36.296179206089498 ], [ -86.722829105044397, 36.296292655566603 ], [ -86.722957743356702, 36.296351461038903 ], [ -86.723340359309901, 36.296584552377702 ], [ -86.723859537359701, 36.296814764718903 ], [ -86.724428300339696, 36.296900634136598 ], [ -86.724700640765803, 36.296995145479201 ], [ -86.725433806537794, 36.2965515785435 ], [ -86.727872901303897, 36.295316655060702 ], [ -86.728328944538006, 36.2950873072202 ], [ -86.729848443127395, 36.2943276509939 ], [ -86.729957584240395, 36.294274863888198 ], [ -86.731736828582996, 36.293398196724397 ], [ -86.733695574319995, 36.292569790300902 ], [ -86.733925242976795, 36.292637070301701 ], [ -86.735087135795794, 36.292721297137597 ], [ -86.735265174612195, 36.292732820710803 ], [ -86.736527859310399, 36.292830141741398 ], [ -86.7372685326404, 36.2928936623968 ], [ -86.738217666036505, 36.292987939937198 ], [ -86.738711065421398, 36.293041499760797 ], [ -86.739422570266797, 36.293118206077203 ], [ -86.739964523158704, 36.293174737278598 ], [ -86.741407905687893, 36.293325538370198 ], [ -86.740498593861503, 36.294772477631597 ], [ -86.740259821108694, 36.295155126763902 ], [ -86.739428645516696, 36.296494092150802 ], [ -86.7390896279164, 36.296892757644301 ], [ -86.738939155133295, 36.297041154889399 ], [ -86.738682389191496, 36.297208571723402 ], [ -86.738508976869198, 36.297308006650802 ], [ -86.738123149219604, 36.297463849250498 ], [ -86.737184297671007, 36.297677659747002 ], [ -86.736344580151794, 36.297858712878799 ], [ -86.736179235314594, 36.297896474117898 ], [ -86.735775515118803, 36.297996748684703 ], [ -86.735467498665898, 36.2980759520064 ], [ -86.733379352192202, 36.2987491290747 ], [ -86.733119252880002, 36.2988323117901 ], [ -86.733015854968897, 36.298863203334797 ], [ -86.732613843266193, 36.298977626624897 ], [ -86.731802975756395, 36.2992646568064 ], [ -86.731693140090599, 36.299302563447199 ], [ -86.731433315832504, 36.299411633194502 ], [ -86.730956689282905, 36.299639200785101 ], [ -86.730862933566698, 36.299730245464701 ], [ -86.730703773243604, 36.299950792327202 ], [ -86.731940065493404, 36.3007049078861 ], [ -86.732432086167506, 36.300928552133897 ], [ -86.732973109619806, 36.301129749985598 ], [ -86.733638813296494, 36.301326755246897 ], [ -86.734635950082904, 36.3016287030797 ], [ -86.734746693003103, 36.301677131980597 ], [ -86.735200856478201, 36.301796782395698 ], [ -86.735593403153501, 36.301859119927997 ], [ -86.735791235527998, 36.301875427999299 ], [ -86.7368692874402, 36.302062175023003 ], [ -86.737024741134604, 36.302088713089503 ], [ -86.737761076502295, 36.302220356848501 ], [ -86.737551777532701, 36.303772860042201 ], [ -86.737476909523195, 36.3042577787525 ], [ -86.737268014062195, 36.305715945293997 ], [ -86.737171970750893, 36.306345546407798 ], [ -86.737108463795906, 36.306714576845401 ], [ -86.735790766736699, 36.306554935459999 ], [ -86.735308057819296, 36.3064992290604 ], [ -86.733839842043693, 36.3063133166374 ], [ -86.733887122137801, 36.305921760723997 ], [ -86.732759394091602, 36.305908169823603 ], [ -86.731775894785898, 36.3058935239224 ], [ -86.732065584597095, 36.307860990713998 ], [ -86.732377402228394, 36.309512937646801 ], [ -86.732495316294504, 36.309979779215503 ], [ -86.732527373709701, 36.310103440332497 ], [ -86.732615812397498, 36.310520138470601 ], [ -86.733136716465197, 36.312011238269399 ], [ -86.733329803353996, 36.312533271478102 ], [ -86.733467358781994, 36.312772451625101 ], [ -86.733677540234893, 36.313019775188799 ], [ -86.733989580703096, 36.313270064916097 ], [ -86.734200284437804, 36.313436713455303 ], [ -86.734569264955198, 36.3136509662571 ], [ -86.735011967896497, 36.313854125437302 ], [ -86.736133231713296, 36.314209901739197 ], [ -86.737224332025903, 36.314458498647703 ], [ -86.737611693773104, 36.314560055716001 ], [ -86.7378670957699, 36.314649833509797 ], [ -86.738076136438394, 36.314781221533202 ], [ -86.738226034581999, 36.314877527797101 ], [ -86.738534993341403, 36.315205103026599 ], [ -86.738700066398906, 36.315538100380003 ], [ -86.738804592656194, 36.3157331106733 ], [ -86.738949151531401, 36.315984765469402 ], [ -86.739292618542706, 36.3164630380682 ], [ -86.739704233736902, 36.316878056475602 ], [ -86.739937417691706, 36.317086427742403 ], [ -86.740412701076806, 36.3174579614397 ], [ -86.740764002723196, 36.317819608360601 ], [ -86.741089553939304, 36.318194975076104 ], [ -86.741244218068402, 36.318399876207401 ], [ -86.741365262419805, 36.318820618234199 ], [ -86.7413878067795, 36.319007958847401 ], [ -86.741334330073599, 36.319323669979198 ], [ -86.741178137121594, 36.319681043063802 ], [ -86.741045839875696, 36.319871564465998 ], [ -86.740899322291895, 36.320038823827502 ], [ -86.7406591790363, 36.320221764616001 ], [ -86.740263329175093, 36.320406344849197 ], [ -86.7393944383508, 36.320738747707502 ], [ -86.7389918907799, 36.320883675956502 ], [ -86.738199337687007, 36.321208534830902 ], [ -86.737289495405193, 36.321697203061397 ], [ -86.736490998193204, 36.322205788322599 ], [ -86.7361690025066, 36.322486219662402 ], [ -86.735615221528704, 36.323120869980997 ], [ -86.735347152579493, 36.3234517893288 ], [ -86.7351131764744, 36.323844478575197 ], [ -86.734338509810897, 36.324867611344303 ], [ -86.7340299786364, 36.325183493363703 ], [ -86.733728746602594, 36.325417265581002 ], [ -86.733082182131099, 36.325848961961903 ], [ -86.732578627630303, 36.326204284572597 ], [ -86.732430969694605, 36.326317198843199 ], [ -86.732011591655294, 36.326716154725297 ], [ -86.731539095231895, 36.327337073540903 ], [ -86.7312332740877, 36.327902730842403 ], [ -86.730902743895101, 36.328872163845901 ], [ -86.730780590743706, 36.329108623018698 ], [ -86.730656678463006, 36.329377105865298 ], [ -86.730344340896295, 36.329993869847499 ], [ -86.730180647239905, 36.330315230370402 ], [ -86.730128575472605, 36.330420786475202 ], [ -86.730269746665201, 36.330497534977901 ], [ -86.730518508745604, 36.330736904185699 ], [ -86.730727731298501, 36.331014110355802 ], [ -86.730805334629807, 36.331238031301503 ], [ -86.730812263295405, 36.331482981199699 ], [ -86.730946696844399, 36.331794975416102 ], [ -86.7310500610281, 36.331959166457104 ], [ -86.731255520807096, 36.332150037807601 ], [ -86.731534438975501, 36.332299432299898 ], [ -86.731872871441894, 36.3323679467061 ], [ -86.732148780828197, 36.332347158286503 ], [ -86.732572389170201, 36.332246967542403 ], [ -86.732704232587096, 36.332186423238802 ], [ -86.732874678712903, 36.332078432051901 ], [ -86.733195550791393, 36.331946179960902 ], [ -86.733399109291796, 36.331931211212002 ], [ -86.733649314188696, 36.331958364916197 ], [ -86.733894004829807, 36.33203156263 ], [ -86.734337189636904, 36.332317279748302 ], [ -86.734425412638501, 36.332374528041797 ], [ -86.734614791490003, 36.332511333360799 ], [ -86.735281044903999, 36.332784381523503 ], [ -86.735731322803701, 36.332877614292698 ], [ -86.735671093555993, 36.334065015436401 ], [ -86.735639761926294, 36.334598748641497 ], [ -86.735630268406794, 36.334744766658801 ], [ -86.735608051770697, 36.335156954588598 ], [ -86.735596001538894, 36.335319227040998 ], [ -86.735585210566697, 36.335467825865102 ], [ -86.735395098934504, 36.3354419360547 ], [ -86.734762240900295, 36.335367586146802 ], [ -86.733862357014104, 36.3352563047508 ], [ -86.733514422086301, 36.335217211291599 ], [ -86.733338787343101, 36.337331692105799 ], [ -86.733234882140195, 36.338554286591297 ], [ -86.733213177274806, 36.338676413605697 ], [ -86.733103476529195, 36.339419235307503 ], [ -86.731168012752903, 36.339218234799503 ], [ -86.730395658642195, 36.3391336258236 ], [ -86.730243995400201, 36.339025351316998 ], [ -86.730071292309802, 36.338936603745701 ], [ -86.729399042648296, 36.338707342457496 ], [ -86.7295615406764, 36.3406826010308 ], [ -86.729345245145694, 36.342035733457003 ], [ -86.728882551332305, 36.342995995232201 ], [ -86.728454498937495, 36.343893725581303 ], [ -86.726162300284798, 36.343957809644998 ], [ -86.726032893222694, 36.3434073143641 ], [ -86.724601987118703, 36.343251593747901 ], [ -86.724325871658493, 36.343457720994898 ], [ -86.724019896111301, 36.343183487459903 ], [ -86.7232565112933, 36.343108393353297 ], [ -86.722051399913695, 36.342113654219297 ], [ -86.721759980255101, 36.3417586373197 ], [ -86.721404547520507, 36.341038832950197 ], [ -86.721257804129806, 36.340742864470997 ], [ -86.721197631703504, 36.3406230981657 ], [ -86.721085783868105, 36.340383533116899 ], [ -86.720888114037095, 36.340068987211197 ], [ -86.720665245662801, 36.339830131380801 ], [ -86.720383276896101, 36.339625963602103 ], [ -86.719523872087095, 36.339301791520498 ], [ -86.719418952371498, 36.339245073602399 ], [ -86.718245889966795, 36.338636906091203 ], [ -86.718469380992204, 36.339036919933797 ], [ -86.718720353692902, 36.339429492996899 ], [ -86.718473428587899, 36.339298077617897 ], [ -86.718322574035597, 36.3391836028933 ], [ -86.718118601188607, 36.339014848298099 ], [ -86.7179219542341, 36.338858239334101 ], [ -86.717740861251698, 36.338731925563003 ], [ -86.7175897493767, 36.338635649789701 ], [ -86.717447032440901, 36.338575892411797 ], [ -86.717280629332706, 36.338431292473601 ], [ -86.717054662918201, 36.338317261525397 ], [ -86.716850764876796, 36.338203099375498 ], [ -86.716745229900596, 36.338124922468197 ], [ -86.716609014246004, 36.337986151613002 ], [ -86.716336967991097, 36.337751012741101 ], [ -86.716170733236297, 36.337624608613602 ], [ -86.7160493182528, 36.337479740597303 ], [ -86.715965671504904, 36.337334477230897 ], [ -86.715896550643606, 36.337152902810303 ], [ -86.715630572427798, 36.3367903379241 ], [ -86.715373552112396, 36.336573477977197 ], [ -86.715117134780698, 36.3364232267635 ], [ -86.714951397690399, 36.336351413061202 ], [ -86.714650273056407, 36.336231812918101 ], [ -86.714229750126606, 36.336096092197003 ], [ -86.714093871990002, 36.336040925905799 ], [ -86.713919621931893, 36.335871988687302 ], [ -86.713843250729497, 36.335732861444399 ], [ -86.713726307468505, 36.335659556317502 ], [ -86.713209665803603, 36.335311856066802 ], [ -86.713111078798093, 36.335203247164898 ], [ -86.712901456544301, 36.335158815226499 ], [ -86.712713504443897, 36.3352115993005 ], [ -86.712273368882805, 36.335017615246997 ], [ -86.712081033736396, 36.334960547259001 ], [ -86.711878764216806, 36.334931350021698 ], [ -86.711795510555604, 36.334875871425801 ], [ -86.711554885419304, 36.334781488262699 ], [ -86.7113137701825, 36.334679725149599 ], [ -86.711034931115606, 36.334535777701497 ], [ -86.710649968298895, 36.334246694575299 ], [ -86.710295475540804, 36.334042414212199 ], [ -86.709948895459704, 36.333868474198901 ], [ -86.709760623684502, 36.333790776755201 ], [ -86.7095574444579, 36.3337069858935 ], [ -86.709377082520902, 36.333659457604298 ], [ -86.709249994322803, 36.333684581817202 ], [ -86.709108007442495, 36.333752027178399 ], [ -86.708899200903701, 36.333892829136303 ], [ -86.708779977787799, 36.333990700201902 ], [ -86.708556426585602, 36.334143777417403 ], [ -86.708243071722507, 36.334315406745702 ], [ -86.708055939605003, 36.334365088501798 ], [ -86.707823119254897, 36.334336063328301 ], [ -86.707696490011301, 36.334317747504699 ], [ -86.7075525766098, 36.334264852765401 ], [ -86.707433453598995, 36.3341841719648 ], [ -86.707348640920301, 36.3340962514186 ], [ -86.707295043774195, 36.333987203001001 ], [ -86.707283990411497, 36.333604930377902 ], [ -86.707318506996799, 36.333240761281097 ], [ -86.707429441791106, 36.3327375972653 ], [ -86.707469651783796, 36.332535806575898 ], [ -86.7075778749888, 36.3320618442267 ], [ -86.706657475007205, 36.329785560672299 ], [ -86.706527684110299, 36.329507162572298 ], [ -86.706436805082006, 36.329404511999599 ], [ -86.706301991953694, 36.3292765371746 ], [ -86.706142223331497, 36.329157635408002 ], [ -86.705810956807298, 36.329032008614099 ], [ -86.705502613652598, 36.328954833461097 ], [ -86.704833522724996, 36.328776750598301 ], [ -86.704638107951595, 36.328705095682302 ], [ -86.704456688501395, 36.328584772677303 ], [ -86.704305821180995, 36.328464271491399 ], [ -86.704237488991893, 36.328367496860601 ], [ -86.704100935016299, 36.328186308004298 ], [ -86.703941837500693, 36.327999069612403 ], [ -86.703851745065805, 36.327888858450699 ], [ -86.703609070752606, 36.327703651103498 ], [ -86.703382724631297, 36.327541182138503 ], [ -86.703269847690507, 36.327493252265199 ], [ -86.703077205037005, 36.327398744874003 ], [ -86.702840407525002, 36.3273015751654 ], [ -86.702705203715894, 36.327271972901102 ], [ -86.702554987330998, 36.327224259299797 ], [ -86.702337310711897, 36.327225523548101 ], [ -86.702142602212504, 36.327232834653401 ], [ -86.701888391765195, 36.327325302138199 ], [ -86.701709285709597, 36.327417333364302 ], [ -86.701469441869094, 36.327455121435001 ], [ -86.700773928842807, 36.327645429244697 ], [ -86.700504833138993, 36.327782445906799 ], [ -86.700360535027599, 36.327924061536798 ], [ -86.700162271171706, 36.328057405259997 ], [ -86.700042401057999, 36.328082306410103 ], [ -86.699870018670296, 36.328071286232401 ], [ -86.699622154582599, 36.328018125106198 ], [ -86.699358531484805, 36.327910287762897 ], [ -86.698906391275102, 36.327645934479797 ], [ -86.698325836820004, 36.327303346884499 ], [ -86.698221794814899, 36.327294505003302 ], [ -86.697995448413195, 36.327275037856602 ], [ -86.697680281355204, 36.327240459539901 ], [ -86.6970339774237, 36.327092418357601 ], [ -86.696932799635505, 36.326926812384301 ], [ -86.696661071490993, 36.326475650059301 ], [ -86.696438324087396, 36.325851835366201 ], [ -86.696276370779401, 36.325385446833003 ], [ -86.696376263482705, 36.324777972345302 ], [ -86.696709691676801, 36.324333109843103 ], [ -86.696955032756904, 36.324101125932202 ], [ -86.6970444518779, 36.324040006482299 ], [ -86.697223605187006, 36.3239054043813 ], [ -86.697382442261897, 36.323728513438297 ], [ -86.697453397385004, 36.323594534833497 ], [ -86.697533360599607, 36.323327106461797 ], [ -86.697523852776897, 36.323114789300597 ], [ -86.697397683663397, 36.322423633922 ], [ -86.697261102683598, 36.322236428396899 ], [ -86.696906481980207, 36.321959315602598 ], [ -86.6967547341809, 36.321784214709801 ], [ -86.696475378176999, 36.3215732800628 ], [ -86.696166432037401, 36.321374876291799 ], [ -86.696008113787897, 36.321272605941203 ], [ -86.695520073265101, 36.321214809529003 ], [ -86.695232958573797, 36.3211828105092 ], [ -86.694784564750094, 36.321146071923501 ], [ -86.694334129671006, 36.321118442605297 ], [ -86.693929199049506, 36.321102568339199 ], [ -86.693456911976995, 36.321099096783698 ], [ -86.693036920577597, 36.321107684898799 ], [ -86.692654636708198, 36.321109875000502 ], [ -86.692203882974496, 36.321045671066699 ], [ -86.691880206333394, 36.320956702870397 ], [ -86.691331390338803, 36.320741117073801 ], [ -86.690805701859603, 36.320647120045003 ], [ -86.690595521598993, 36.3206301220306 ], [ -86.690453013909703, 36.320636944636 ], [ -86.6902360966873, 36.320674579702398 ], [ -86.690021841139, 36.320676832463498 ], [ -86.689688556698499, 36.320653496194304 ], [ -86.6893124313859, 36.320534260639597 ], [ -86.689046385266295, 36.320387270839198 ], [ -86.688867473629003, 36.320257639199902 ], [ -86.688610104093897, 36.319985957036103 ], [ -86.688306867321003, 36.3196115254676 ], [ -86.688108905207002, 36.319242331376799 ], [ -86.687993888408599, 36.318945630446599 ], [ -86.687937692320503, 36.318777357212802 ], [ -86.687840901732898, 36.318624938019298 ], [ -86.687697557599606, 36.318486174776702 ], [ -86.687546364394706, 36.318371835006701 ], [ -86.687425451489602, 36.318275349665797 ], [ -86.687252616989298, 36.318209547217002 ], [ -86.686907525151796, 36.318193309442698 ], [ -86.686434463946, 36.3181474091976 ], [ -86.685999165029898, 36.318101464583101 ], [ -86.685698415109798, 36.318012006444498 ], [ -86.685450697508998, 36.317971005019601 ], [ -86.685142899926902, 36.317949572010399 ], [ -86.684888379934307, 36.3179559925468 ], [ -86.684670937767606, 36.317981431153598 ], [ -86.684460556704494, 36.317940216312401 ], [ -86.684257287693896, 36.317838185001598 ], [ -86.6841412676944, 36.3177181480998 ], [ -86.683926988198394, 36.317569308996703 ], [ -86.683646436122004, 36.31741071487 ], [ -86.683179710721106, 36.3172131697944 ], [ -86.682751002410399, 36.3170942109004 ], [ -86.682157836679593, 36.316994376716401 ], [ -86.681796857009004, 36.316856833951299 ], [ -86.681555259907299, 36.316688229397698 ], [ -86.681344002618403, 36.3164952460804 ], [ -86.681237168222495, 36.316307854780199 ], [ -86.681064133529901, 36.316217665601897 ], [ -86.680883562180099, 36.316188466174999 ], [ -86.680559337749202, 36.316229435051298 ], [ -86.679565615726304, 36.316371854943398 ], [ -86.679363710333007, 36.316427584659898 ], [ -86.679056587167807, 36.316483904912303 ], [ -86.678831883178702, 36.316503364908201 ], [ -86.678561999677399, 36.3164988706705 ], [ -86.6782466155625, 36.316482441524798 ], [ -86.677939240746994, 36.316410341290798 ], [ -86.677509920667902, 36.316268018365903 ], [ -86.677103151354402, 36.316033717123098 ], [ -86.676922018675597, 36.315888972110201 ], [ -86.676756463348696, 36.315829294539803 ], [ -86.676531552420499, 36.315824372410098 ], [ -86.676322166449793, 36.315898509009997 ], [ -86.676225363265999, 36.315990042480102 ], [ -86.676151365948996, 36.316069258847399 ], [ -86.676076892931206, 36.316142468913199 ], [ -86.675972349870193, 36.316222027616398 ], [ -86.675800651433505, 36.316287711828998 ], [ -86.675688445790996, 36.316314606357302 ], [ -86.675531148081703, 36.316327674657998 ], [ -86.675351260425003, 36.316328679406098 ], [ -86.675110558125098, 36.316263238645199 ], [ -86.674884560628598, 36.316130930574801 ], [ -86.674748249936002, 36.315967905441603 ], [ -86.674648654703802, 36.315731881635699 ], [ -86.674515421474496, 36.315083147151 ], [ -86.674479328940706, 36.314830630696001 ], [ -86.674444141846195, 36.314634592962399 ], [ -86.674366733858406, 36.314313290176997 ], [ -86.674225696176094, 36.313993200516201 ], [ -86.673940115258702, 36.313538973219899 ], [ -86.673294008090394, 36.3128465680932 ], [ -86.6728119858371, 36.312240461738398 ], [ -86.672538292158094, 36.311835437960497 ], [ -86.672105831520398, 36.311218923681501 ], [ -86.671976861008403, 36.311019285879397 ], [ -86.671929203233702, 36.310752582939202 ], [ -86.6719278138807, 36.310588804632602 ], [ -86.671986200840195, 36.310369927108397 ], [ -86.672139472372294, 36.3098837259896 ], [ -86.672216673440303, 36.309282404487902 ], [ -86.672110794886194, 36.3090539671934 ], [ -86.671799320703599, 36.308644515958697 ], [ -86.671723384588802, 36.308544846300499 ], [ -86.671662373561702, 36.308454192918497 ], [ -86.671473118462202, 36.308248880363102 ], [ -86.671321980678499, 36.308085933416798 ], [ -86.671117879703303, 36.307880702714399 ], [ -86.670891655426203, 36.307718000264103 ], [ -86.670619888301005, 36.3075375232049 ], [ -86.670348648329707, 36.307369060462797 ], [ -86.670099277104399, 36.307127682057398 ], [ -86.669774720096001, 36.306874701768102 ], [ -86.669653487907695, 36.306735794436896 ], [ -86.669509772940501, 36.306597011471297 ], [ -86.669260303717607, 36.306343442307501 ], [ -86.669154807409598, 36.3062592144543 ], [ -86.669063797582993, 36.306132157114398 ], [ -86.668746100048097, 36.305836558515999 ], [ -86.668617609022206, 36.305691681337898 ], [ -86.668413674777696, 36.305504643541198 ], [ -86.668239794983606, 36.305360016857698 ], [ -86.667771643495598, 36.304980263637297 ], [ -86.667594135126095, 36.304807499923101 ], [ -86.667281131469807, 36.304564235036999 ], [ -86.667042252041895, 36.304407947451701 ], [ -86.6668135008603, 36.304245251237198 ], [ -86.666593638930806, 36.3039793236414 ], [ -86.666524126861404, 36.303835149122001 ], [ -86.666432740437799, 36.3035616455591 ], [ -86.666460969069902, 36.303336927570797 ], [ -86.666504606182301, 36.303178909621302 ], [ -86.666571132689796, 36.303069180294401 ], [ -86.666749611834604, 36.302904409844999 ], [ -86.6670251944321, 36.302684508 ], [ -86.667181240321995, 36.3025258695763 ], [ -86.667895052817997, 36.301805835148301 ], [ -86.668850641186694, 36.300884103843103 ] ] ] } },
{ "type": "Feature", "properties": { "OBJECTID": 4, "CommunityNumber": 3, "CommunityName": "Bordeaux - Whites Creek - Haynes Trinity", "GlobalID": "1112fbc3-285c-4c29-b548-11223136195e" }, "geometry": { "type": "Polygon", "coordinates": [ [ [ -86.814094787156293, 36.301505912741902 ], [ -86.813261548415099, 36.300782855804002 ], [ -86.812663147305599, 36.300271679896902 ], [ -86.8120078991995, 36.300078815343397 ], [ -86.811776389387006, 36.299361216621001 ], [ -86.811742507497101, 36.299241453957002 ], [ -86.811556005941497, 36.2985513999243 ], [ -86.811313467310697, 36.297385089109902 ], [ -86.811304256478394, 36.296485687697 ], [ -86.810952224418401, 36.294956266080497 ], [ -86.810607437558502, 36.293545227965403 ], [ -86.810536326073006, 36.293149837517603 ], [ -86.810119665204596, 36.291490146337999 ], [ -86.810095800759598, 36.291319924748898 ], [ -86.809826493686202, 36.2897660102618 ], [ -86.809708140841096, 36.289336403517801 ], [ -86.809631932617194, 36.289111624716 ], [ -86.809268022216102, 36.287878978768902 ], [ -86.809023446201493, 36.287455059944698 ], [ -86.808811123268796, 36.286825294674699 ], [ -86.808136187397196, 36.2858130808781 ], [ -86.807758087013895, 36.285312284737202 ], [ -86.807636847843099, 36.285151704838498 ], [ -86.807175710653198, 36.284661101220301 ], [ -86.806340948977507, 36.283612200548497 ], [ -86.806012752051501, 36.283410253953797 ], [ -86.8058096818595, 36.283209532630302 ], [ -86.805535499330205, 36.282870994676301 ], [ -86.805477697526996, 36.282796590842104 ], [ -86.804772035418694, 36.281888277102503 ], [ -86.804613011334197, 36.281745773594302 ], [ -86.804175837094107, 36.281354007091799 ], [ -86.803876618886804, 36.280997172071601 ], [ -86.803503284199707, 36.280633803579299 ], [ -86.802352880199905, 36.279661615108203 ], [ -86.802039783494706, 36.2792399791104 ], [ -86.801564076511895, 36.278739911418498 ], [ -86.801312334097005, 36.2784895008025 ], [ -86.800961936526306, 36.278149232414698 ], [ -86.800832489893395, 36.278031511738298 ], [ -86.799789757021003, 36.276947336574899 ], [ -86.799625303230101, 36.276795799564397 ], [ -86.799039748188704, 36.276236504519701 ], [ -86.798735151185696, 36.275953542637801 ], [ -86.797851152133703, 36.275105025669099 ], [ -86.797698407963395, 36.274914236596103 ], [ -86.797554939907798, 36.274732403115102 ], [ -86.797265488443998, 36.274375077167903 ], [ -86.795615162362793, 36.272590073554298 ], [ -86.794586798745399, 36.271233299728202 ], [ -86.7937211568929, 36.270153393826497 ], [ -86.793586682884694, 36.269940018145803 ], [ -86.793537855589506, 36.269836628234302 ], [ -86.793162365563703, 36.269147049381303 ], [ -86.792278657453195, 36.267580813131303 ], [ -86.791847906547801, 36.266804528342 ], [ -86.791774697801102, 36.266652595421803 ], [ -86.791344611268599, 36.265875033849099 ], [ -86.790763368646907, 36.2647293455639 ], [ -86.790237705458694, 36.263747902437402 ], [ -86.790137695917906, 36.263458626579201 ], [ -86.789734943265998, 36.262726784696298 ], [ -86.789111873954795, 36.261402290891702 ], [ -86.788492573640198, 36.260083489527901 ], [ -86.788382818386594, 36.259838033024501 ], [ -86.787036216978706, 36.256747254902798 ], [ -86.786776602219504, 36.256219698469401 ], [ -86.785118325171098, 36.252581366102604 ], [ -86.784955030242699, 36.252248065847297 ], [ -86.784499540715899, 36.251322977125596 ], [ -86.784453095961993, 36.251192095279599 ], [ -86.784045834719606, 36.250271105036298 ], [ -86.783930264490905, 36.249713802253702 ], [ -86.783914885274498, 36.248663637683201 ], [ -86.783842635297006, 36.247856599717203 ], [ -86.784084306725404, 36.246697411148702 ], [ -86.784145022894194, 36.246446597181802 ], [ -86.784528511018095, 36.245069268874303 ], [ -86.784642182212195, 36.244683761067499 ], [ -86.785520782230506, 36.241719118102203 ], [ -86.785667869988799, 36.241161233776701 ], [ -86.785990184420299, 36.239387851094698 ], [ -86.786103204666603, 36.238020842349698 ], [ -86.785968478206499, 36.237150471862499 ], [ -86.785891231849703, 36.236510627929199 ], [ -86.784999191001603, 36.233988971199601 ], [ -86.783413515107696, 36.231935566361898 ], [ -86.783218184676699, 36.231723444188503 ], [ -86.779726078354699, 36.228389881592499 ], [ -86.779228413131605, 36.227970955329397 ], [ -86.778899049239698, 36.227678335185203 ], [ -86.778282872496206, 36.227192006268901 ], [ -86.777091648783596, 36.226258924549597 ], [ -86.776187233218906, 36.2257660376183 ], [ -86.775727701869698, 36.2255771808532 ], [ -86.774618773451195, 36.225149532516099 ], [ -86.774456467694193, 36.224690233331799 ], [ -86.774262227065194, 36.224192776353 ], [ -86.7741618009847, 36.223605205827802 ], [ -86.774090688530606, 36.222787278301602 ], [ -86.774146696517107, 36.222058045509002 ], [ -86.774245315069805, 36.221057608963697 ], [ -86.774439312418707, 36.220398112592598 ], [ -86.774474640663101, 36.220267905717101 ], [ -86.774663455850998, 36.219559258733 ], [ -86.774686341133602, 36.219456196696903 ], [ -86.774868973029299, 36.218527714110401 ], [ -86.775055048935101, 36.217404872297898 ], [ -86.775080610110294, 36.216941833118 ], [ -86.775163709624294, 36.216426059245101 ], [ -86.775226411308907, 36.215915459263996 ], [ -86.775334704032105, 36.215061535068301 ], [ -86.775403465077005, 36.214553164476598 ], [ -86.7754605393812, 36.214091108291299 ], [ -86.775526897086294, 36.213513353614701 ], [ -86.775812045756098, 36.211250158711003 ], [ -86.775887918437405, 36.210652510883698 ], [ -86.775982268787004, 36.209891066413903 ], [ -86.776005850612805, 36.209674017805803 ], [ -86.776141112757003, 36.2085093719244 ], [ -86.776183263591093, 36.2082187319537 ], [ -86.776423608813204, 36.206349899207403 ], [ -86.776502313983102, 36.205820072405402 ], [ -86.776627215599106, 36.204296548791802 ], [ -86.776810454173102, 36.203106243355997 ], [ -86.776852878323297, 36.202073768210603 ], [ -86.776754210909203, 36.200304961809202 ], [ -86.776327261186395, 36.198087330764601 ], [ -86.7760782876706, 36.196692990883598 ], [ -86.776060654302498, 36.1949772280215 ], [ -86.776497790015199, 36.193975864369797 ], [ -86.777047312457697, 36.193161433551197 ], [ -86.777822691970599, 36.192614069570098 ], [ -86.7797749876529, 36.192249681851202 ], [ -86.7815277503516, 36.1921013394822 ], [ -86.783018614975703, 36.192072278706 ], [ -86.783372113758901, 36.192998306809002 ], [ -86.783708274232694, 36.193650736702502 ], [ -86.784136946146305, 36.194482702800798 ], [ -86.784735902497403, 36.195386659684601 ], [ -86.785393990974697, 36.196201066395602 ], [ -86.785831851546305, 36.196749431687998 ], [ -86.786858273444395, 36.197634362109397 ], [ -86.787824638128498, 36.198339002075897 ], [ -86.7891530266443, 36.199102743173597 ], [ -86.790087726818896, 36.199566765497998 ], [ -86.791242926509995, 36.200077972417503 ], [ -86.792247453486695, 36.200506584857699 ], [ -86.793509176038, 36.200930953453401 ], [ -86.795085308213203, 36.201276703942902 ], [ -86.796697295111002, 36.201553356271901 ], [ -86.798000329841202, 36.201743821509098 ], [ -86.799362039340807, 36.201929019736397 ], [ -86.801701870626601, 36.2021542864887 ], [ -86.803141002066894, 36.202261644419799 ], [ -86.804757735688199, 36.202396073441598 ], [ -86.806558169605907, 36.202416482896702 ], [ -86.808477618932301, 36.202338800162899 ], [ -86.810096302713305, 36.2021901547729 ], [ -86.811004612723096, 36.202013834194297 ], [ -86.811952587546998, 36.201804820225199 ], [ -86.813159490752696, 36.201488678351701 ], [ -86.814166374085502, 36.201173873151099 ], [ -86.815431260772499, 36.200662777820199 ], [ -86.8166954635564, 36.200086829421501 ], [ -86.817909480711506, 36.199494993024402 ], [ -86.819114928432001, 36.198862758778503 ], [ -86.820702847296999, 36.197862984758899 ], [ -86.8221912658299, 36.196834702274103 ], [ -86.823412061952098, 36.195842404300997 ], [ -86.824267346137901, 36.195100715428602 ], [ -86.825085122173505, 36.194288931155903 ], [ -86.825807528878798, 36.193475357656702 ], [ -86.826696328495004, 36.192399307539297 ], [ -86.827703824325596, 36.191200849306398 ], [ -86.828513511578606, 36.190214490044703 ], [ -86.829184465238697, 36.189350665349998 ], [ -86.829776176675097, 36.1885603365428 ], [ -86.830193139171001, 36.187765796945698 ], [ -86.830596981075402, 36.1867308789272 ], [ -86.830841038180495, 36.185767791439801 ], [ -86.830940654766593, 36.185369508566197 ], [ -86.831371546935699, 36.183658161120498 ], [ -86.831859543334403, 36.182215337895897 ], [ -86.832188252226601, 36.181143098561499 ], [ -86.832436037522498, 36.179982255118702 ], [ -86.832807569993804, 36.1782288276857 ], [ -86.833424143947198, 36.176082382990501 ], [ -86.833666944561699, 36.175329103361797 ], [ -86.834014111050394, 36.174586680939797 ], [ -86.835339725034601, 36.172301516905399 ], [ -86.836387281937903, 36.170673724410698 ], [ -86.837163999811807, 36.169616673711801 ], [ -86.837741866150793, 36.168897025913203 ], [ -86.838024796551906, 36.168587262413901 ], [ -86.839101383112705, 36.167572245572202 ], [ -86.839569552918803, 36.167190420787399 ], [ -86.840175830148198, 36.166882520684602 ], [ -86.840634587010697, 36.166753395305498 ], [ -86.841093715937205, 36.166685349346302 ], [ -86.841692761073901, 36.166613496478099 ], [ -86.842398638986793, 36.166608571816901 ], [ -86.843561963887097, 36.166595170002402 ], [ -86.844493094866095, 36.166648574816001 ], [ -86.845382969802102, 36.1667445482734 ], [ -86.847848059666603, 36.167294668026102 ], [ -86.848558543826201, 36.167481785781497 ], [ -86.849189134555303, 36.167720053714397 ], [ -86.849744267278595, 36.167929803755897 ], [ -86.850578122109297, 36.168313014129303 ], [ -86.851342358952095, 36.168729132336097 ], [ -86.852409347482293, 36.169335406419897 ], [ -86.853203263555898, 36.169794075417798 ], [ -86.854058715833403, 36.170323013830803 ], [ -86.854997037069595, 36.1711188545423 ], [ -86.856308050818399, 36.172171431297102 ], [ -86.857528399559101, 36.173242226127897 ], [ -86.857752520203505, 36.173445683076501 ], [ -86.859520724599804, 36.175261258592997 ], [ -86.860929826051404, 36.176674183815798 ], [ -86.861350348661404, 36.177104463153697 ], [ -86.861791732141896, 36.177573291626601 ], [ -86.863092901458401, 36.179228249553098 ], [ -86.864610908804494, 36.181636192692601 ], [ -86.865436927265705, 36.182730537108696 ], [ -86.865950086926503, 36.183572465926702 ], [ -86.866378419658901, 36.184339449677204 ], [ -86.8668730314633, 36.185094967579097 ], [ -86.867374819143194, 36.185848092213199 ], [ -86.868054864744394, 36.186776629763102 ], [ -86.868319864924104, 36.187118028752799 ], [ -86.868666216473798, 36.187672271493497 ], [ -86.869666754324896, 36.189259250131002 ], [ -86.870312825316503, 36.190244643337998 ], [ -86.8708295995838, 36.191070435633897 ], [ -86.871549247615107, 36.192054609034898 ], [ -86.871765673120393, 36.192356135942497 ], [ -86.872435416357803, 36.193212277369199 ], [ -86.873245892837801, 36.194162908396301 ], [ -86.873712207753101, 36.194735051473401 ], [ -86.874551910997994, 36.1956125089403 ], [ -86.875884215845502, 36.196721459679097 ], [ -86.8771671865575, 36.197887492550201 ], [ -86.878045614527295, 36.198643058730603 ], [ -86.879110415396894, 36.1994727787106 ], [ -86.880426838898103, 36.200438090812902 ], [ -86.881090929339294, 36.200913640892203 ], [ -86.882470977922196, 36.201788286922799 ], [ -86.884766896893694, 36.203190006903597 ], [ -86.885481284787701, 36.203573851668899 ], [ -86.889582912578305, 36.205448575970699 ], [ -86.890306159862007, 36.205726951695198 ], [ -86.891260345243396, 36.2060846757185 ], [ -86.892223905176905, 36.206385579948403 ], [ -86.893136732349802, 36.206622007172399 ], [ -86.893868725404602, 36.206786815495803 ], [ -86.894700184585602, 36.206902245609903 ], [ -86.895501553115807, 36.2070097870144 ], [ -86.896302463000197, 36.207076795784303 ], [ -86.897563608549802, 36.207156593883802 ], [ -86.898659807283806, 36.207156858591802 ], [ -86.899992493632695, 36.207016928430598 ], [ -86.9010003018943, 36.206806766225299 ], [ -86.901807776528202, 36.206568947663797 ], [ -86.902883577885902, 36.206184761312699 ], [ -86.903966849170104, 36.205576824307698 ], [ -86.904840269396104, 36.2049866623219 ], [ -86.905722844744403, 36.204323472002898 ], [ -86.906256862463806, 36.203792585478503 ], [ -86.906868656733806, 36.203066571303999 ], [ -86.907559794666696, 36.202283216601302 ], [ -86.908191471255506, 36.201548939633902 ], [ -86.908802859037294, 36.200790493316703 ], [ -86.909323768280601, 36.199992196495799 ], [ -86.9098147586312, 36.199202228788799 ], [ -86.910384995091405, 36.198346816523902 ], [ -86.910884373581197, 36.197543379524603 ], [ -86.911530837175505, 36.1964710877889 ], [ -86.912031815306605, 36.195448695413198 ], [ -86.9124299056258, 36.1944893156342 ], [ -86.912875433201194, 36.193151723145199 ], [ -86.912987911120993, 36.192499035023701 ], [ -86.913042588513306, 36.192036586853099 ], [ -86.913049484482499, 36.191122027294597 ], [ -86.913045982234095, 36.1905937133835 ], [ -86.912948994922004, 36.189986504907303 ], [ -86.912833055904798, 36.1894690587295 ], [ -86.912556699456701, 36.188350335839203 ], [ -86.912353791229805, 36.187871472214901 ], [ -86.911680846517697, 36.186595553704201 ], [ -86.911212654791598, 36.185958501362002 ], [ -86.909673445685698, 36.184264150032 ], [ -86.908115354172494, 36.182670913092203 ], [ -86.906705683807104, 36.180987672664401 ], [ -86.904707316583895, 36.178424690490999 ], [ -86.903511648038801, 36.177031322688997 ], [ -86.903087150051306, 36.176629204323497 ], [ -86.902443593701904, 36.176088226753201 ], [ -86.901947878769207, 36.175794707509503 ], [ -86.900770668941803, 36.175138813065999 ], [ -86.899219089610497, 36.174088505502198 ], [ -86.897928383849106, 36.1731172998688 ], [ -86.897049771448394, 36.172337558740303 ], [ -86.895717397245505, 36.171212623075299 ], [ -86.894970520809593, 36.170585902787202 ], [ -86.894314172547595, 36.170007142211503 ], [ -86.893681799908705, 36.169350024982499 ], [ -86.891876506468705, 36.167276560939499 ], [ -86.890080155212601, 36.1653706933593 ], [ -86.889439456821293, 36.164343644655901 ], [ -86.888764688179506, 36.162854020776898 ], [ -86.888219416565704, 36.161203420989999 ], [ -86.887943505516901, 36.160084633226397 ], [ -86.887847368722305, 36.159411801038203 ], [ -86.887879642791901, 36.1587225600843 ], [ -86.887969887260198, 36.157854559552597 ], [ -86.888110128279706, 36.156822735720702 ], [ -86.888567440996198, 36.154465986942199 ], [ -86.889207230700805, 36.151167847524803 ], [ -86.889287940586897, 36.150629457784397 ], [ -86.889460330072097, 36.149924068310298 ], [ -86.889616917014607, 36.149302442207798 ], [ -86.890048400183105, 36.148219647490698 ], [ -86.890401459332296, 36.147396173317098 ], [ -86.890733961579897, 36.1466789706461 ], [ -86.891313366884603, 36.144941438954703 ], [ -86.8914579861882, 36.144470224631498 ], [ -86.891623137084395, 36.144047493748097 ], [ -86.891807544665397, 36.1435597722773 ], [ -86.891954526522696, 36.143299293910502 ], [ -86.892713324717207, 36.1423452834388 ], [ -86.893581844481403, 36.141374242689402 ], [ -86.895806902652495, 36.139290716387301 ], [ -86.896688456834298, 36.138595157864202 ], [ -86.897664034421197, 36.137856044902797 ], [ -86.898219614004702, 36.137421298540097 ], [ -86.899015968271698, 36.137015489064197 ], [ -86.901023675862902, 36.1364045576994 ], [ -86.904596538757204, 36.135732247414801 ], [ -86.905798346167401, 36.135617056264003 ], [ -86.907176605550802, 36.135549958690198 ], [ -86.908436254724407, 36.135597222315297 ], [ -86.909387079066306, 36.135727859553 ], [ -86.910238728069501, 36.135924088107799 ], [ -86.911550953428602, 36.136197890217701 ], [ -86.913393703268397, 36.136548723652901 ], [ -86.918028144623804, 36.137210666529 ], [ -86.919339570478201, 36.137411435721802 ], [ -86.920733576322306, 36.137667917857101 ], [ -86.923146818439207, 36.1382578150195 ], [ -86.924080263622798, 36.138607333505497 ], [ -86.925428131715506, 36.139358966661597 ], [ -86.926720450766894, 36.140216963637499 ], [ -86.927050463275506, 36.140505672051702 ], [ -86.928101506477006, 36.141495833872803 ], [ -86.928749050194099, 36.142186764874801 ], [ -86.929287213127793, 36.142912161970898 ], [ -86.931114375823597, 36.145321771342701 ], [ -86.9323309908889, 36.146795774186003 ], [ -86.933101261197393, 36.1477057984346 ], [ -86.933478892399606, 36.148127484599399 ], [ -86.937288428242596, 36.151527213559497 ], [ -86.9390401453538, 36.153112339928697 ], [ -86.939315596902901, 36.153429052298499 ], [ -86.939529794044304, 36.1537921545129 ], [ -86.939827403612497, 36.154446421989398 ], [ -86.940015368122204, 36.155125861680801 ], [ -86.940101852890606, 36.155676395440402 ], [ -86.940190355246799, 36.156397138639598 ], [ -86.940238774110895, 36.157953109846098 ], [ -86.940265006417604, 36.158479793662003 ], [ -86.940331217714004, 36.159006165899903 ], [ -86.940919575190307, 36.161417161608902 ], [ -86.941364311224206, 36.1637151537604 ], [ -86.941607357420907, 36.165464783543101 ], [ -86.941657438184393, 36.166315519510697 ], [ -86.941639185986105, 36.1673045904368 ], [ -86.941620194451602, 36.172443913757199 ], [ -86.941669991202204, 36.173270333888098 ], [ -86.941713353768094, 36.174396721739001 ], [ -86.941751137884594, 36.175053008386797 ], [ -86.941885743386294, 36.177970098492999 ], [ -86.941954387327797, 36.178699095306698 ], [ -86.942040911245201, 36.179249624190298 ], [ -86.942209631243003, 36.1799859481374 ], [ -86.942437328300102, 36.183161695426001 ], [ -86.942442460925307, 36.1852773023328 ], [ -86.942397411678897, 36.185717205868499 ], [ -86.942218567417399, 36.186280752056703 ], [ -86.942088580480601, 36.186690346979802 ], [ -86.941955837001501, 36.1872427344546 ], [ -86.941846389583802, 36.187737523325403 ], [ -86.941667143471506, 36.189036393609797 ], [ -86.941460156079103, 36.190132306579798 ], [ -86.941266993785703, 36.191657676440897 ], [ -86.941196442031796, 36.193190289613099 ], [ -86.941240770493195, 36.194397723810901 ], [ -86.941352112750295, 36.195353351846201 ], [ -86.941438284453795, 36.196185719270098 ], [ -86.941549038183098, 36.196778456102102 ], [ -86.941787885800693, 36.197522334380899 ], [ -86.942106352515495, 36.198233168341901 ], [ -86.942544029043205, 36.198842170287698 ], [ -86.943433983141105, 36.199706182134001 ], [ -86.944009872697094, 36.200196140996802 ], [ -86.945283127304194, 36.201296685636301 ], [ -86.946851461242105, 36.202816411780198 ], [ -86.947587890875795, 36.203345623226099 ], [ -86.948444721676296, 36.203906307040697 ], [ -86.949270364602398, 36.204384457959399 ], [ -86.950438682969903, 36.204966234837897 ], [ -86.951150541259693, 36.2051900733114 ], [ -86.951972428329697, 36.2053113934629 ], [ -86.953985243922702, 36.205496615916203 ], [ -86.954956600031295, 36.205638281199001 ], [ -86.955877453342893, 36.2057965005027 ], [ -86.956867719196097, 36.206021960914001 ], [ -86.959881326669006, 36.206710551008598 ], [ -86.960794893149199, 36.206943921424099 ], [ -86.963775910193107, 36.207795615225301 ], [ -86.965558468459193, 36.208099224927501 ], [ -86.967010510891896, 36.208241616914599 ], [ -86.968709761000298, 36.2083266731442 ], [ -86.969972219586893, 36.208333912331902 ], [ -86.971552725479498, 36.208342959243502 ], [ -86.973804551566801, 36.208392237287697 ], [ -86.977127768868797, 36.208654636486997 ], [ -86.980112434578402, 36.208979002335703 ], [ -86.982795172252594, 36.209373092556703 ], [ -86.983649476414598, 36.209513177262799 ], [ -86.985339014751503, 36.209798321374898 ], [ -86.984489558786294, 36.212640590695401 ], [ -86.984147036421405, 36.213756125346798 ], [ -86.986149207874206, 36.214435321436099 ], [ -86.987686479347701, 36.214904186225702 ], [ -86.987864709405201, 36.214346271203702 ], [ -86.988182152802494, 36.214418704028802 ], [ -86.987951650017905, 36.214998337093299 ], [ -86.987811804988894, 36.215406050157 ], [ -86.987189735571107, 36.215304171891098 ], [ -86.984963523994907, 36.214637465369002 ], [ -86.984673258933597, 36.214671938958503 ], [ -86.984102835552306, 36.2144626589997 ], [ -86.983982604268206, 36.214335212287502 ], [ -86.9840208139385, 36.214238581171898 ], [ -86.982337451446995, 36.213706645139503 ], [ -86.982043221254997, 36.214447318004503 ], [ -86.981891378053902, 36.214983547933599 ], [ -86.981774434504501, 36.215155676536398 ], [ -86.981604950185101, 36.215328232071897 ], [ -86.981368836952896, 36.215458577258303 ], [ -86.980896898097299, 36.215708447224301 ], [ -86.980649498594602, 36.2159885988372 ], [ -86.980456756494306, 36.216439655671898 ], [ -86.980366786801895, 36.217045946696999 ], [ -86.980360508236103, 36.217189361171798 ], [ -86.981157575615299, 36.218659446493 ], [ -86.982423184409896, 36.2216877758528 ], [ -86.982736026791002, 36.222412864128202 ], [ -86.983279803663095, 36.223681538971803 ], [ -86.983976653289801, 36.225399141851703 ], [ -86.982835261484695, 36.228367724830598 ], [ -86.981847041069699, 36.231048494664797 ], [ -86.980438727947899, 36.234655680259998 ], [ -86.979829476656903, 36.236219757816698 ], [ -86.979487407874302, 36.237145375532002 ], [ -86.979182389810404, 36.237879770402401 ], [ -86.978460759502795, 36.239890289915799 ], [ -86.978002790238193, 36.240975827260399 ], [ -86.977318167334104, 36.242795117133298 ], [ -86.976517635795005, 36.244774325050898 ], [ -86.975653767238597, 36.247121628680702 ], [ -86.974749457442101, 36.249300665714401 ], [ -86.973976447194005, 36.249755855801801 ], [ -86.973532133905593, 36.250070838498402 ], [ -86.9732969977198, 36.2502492770641 ], [ -86.9723143948017, 36.2512429146038 ], [ -86.972208690630396, 36.251351195669102 ], [ -86.971799336268504, 36.251659878948402 ], [ -86.971635197301794, 36.251774906482702 ], [ -86.970962517249504, 36.252096740403402 ], [ -86.969686427156205, 36.252720611513503 ], [ -86.969402891759302, 36.252901273454299 ], [ -86.969008757499594, 36.253353225634399 ], [ -86.968769456764903, 36.253690433776498 ], [ -86.968478594235606, 36.254109491055502 ], [ -86.968189186852896, 36.254365397630998 ], [ -86.967678371604507, 36.254682825209997 ], [ -86.965616719623696, 36.255838314311603 ], [ -86.965110636020896, 36.256197757127801 ], [ -86.964665895383305, 36.256622101550299 ], [ -86.964199508244903, 36.257104602597302 ], [ -86.963294672281805, 36.258078734506597 ], [ -86.962629495936795, 36.258804219625297 ], [ -86.962207161288504, 36.2592624874043 ], [ -86.961992505035596, 36.259496587438001 ], [ -86.961736767760499, 36.259840115247499 ], [ -86.961307179188097, 36.2607419890481 ], [ -86.961122222029999, 36.260940231100797 ], [ -86.960956545504899, 36.261092622440898 ], [ -86.960830342708405, 36.261174835475501 ], [ -86.960284240890601, 36.261399729717198 ], [ -86.959904036353393, 36.261535707400299 ], [ -86.959568744701798, 36.261718473379801 ], [ -86.958428187587998, 36.262655908613802 ], [ -86.958068001565906, 36.262964489991198 ], [ -86.9567415036813, 36.264282591094698 ], [ -86.956463106613199, 36.264438114063203 ], [ -86.956209000176798, 36.264533524353503 ], [ -86.9560319838059, 36.264587118651299 ], [ -86.955808155863096, 36.264626660979197 ], [ -86.955369249157698, 36.264622577250599 ], [ -86.955117225075298, 36.264609460676503 ], [ -86.954559845061496, 36.264591029900402 ], [ -86.953559386752502, 36.264750358880903 ], [ -86.953135262620805, 36.264759352203797 ], [ -86.953024545569804, 36.264763782809098 ], [ -86.952340721280507, 36.264817656613502 ], [ -86.951519999032499, 36.265044228065001 ], [ -86.9506432666454, 36.265444641301499 ], [ -86.950260101136195, 36.265585128076196 ], [ -86.948956377393102, 36.266032421646599 ], [ -86.948403569562899, 36.266222653263299 ], [ -86.947110423905499, 36.266517456390197 ], [ -86.945532272410802, 36.267199060788997 ], [ -86.945070024457294, 36.267343553643101 ], [ -86.944120965291802, 36.267650478597503 ], [ -86.943334188513404, 36.267990215511098 ], [ -86.942898742085404, 36.268100232948598 ], [ -86.941854885130994, 36.268288475091701 ], [ -86.941387474627803, 36.268492306972803 ], [ -86.940757311032698, 36.268810032392402 ], [ -86.940363389905897, 36.268953883571797 ], [ -86.9401459792129, 36.2689998709522 ], [ -86.938447364986303, 36.269222190704099 ], [ -86.937864373723897, 36.269406818565898 ], [ -86.937318004648404, 36.269674051224797 ], [ -86.936137205168393, 36.270300289526702 ], [ -86.935509093010893, 36.270692749976597 ], [ -86.934739012319994, 36.271225529196002 ], [ -86.934435641143693, 36.271354581880402 ], [ -86.934073928319606, 36.271390857418297 ], [ -86.933587222034205, 36.271327830920796 ], [ -86.933318021279206, 36.271153928583097 ], [ -86.933035993530794, 36.2709553579176 ], [ -86.932808128742593, 36.270791784630802 ], [ -86.932573801509307, 36.270648554458198 ], [ -86.932334300425794, 36.270583786849002 ], [ -86.932022512244401, 36.270574173457902 ], [ -86.931762033032498, 36.2706366165867 ], [ -86.931332140115799, 36.270824839527201 ], [ -86.930831881402, 36.271015491467899 ], [ -86.930346669394197, 36.271079318808901 ], [ -86.929264915930204, 36.271079228443 ], [ -86.927860295412898, 36.271126139192297 ], [ -86.927407513439505, 36.271146375949797 ], [ -86.926801566255605, 36.2712569564546 ], [ -86.926322685261795, 36.271463736135303 ], [ -86.92449908399, 36.272393660970799 ], [ -86.923997009455704, 36.272649025000803 ], [ -86.9237099740768, 36.272762645313101 ], [ -86.923374781351697, 36.2728558584922 ], [ -86.922554611859695, 36.2729982712519 ], [ -86.9204203023926, 36.273324669377601 ], [ -86.920181525384393, 36.273359568593897 ], [ -86.919840768968101, 36.273375897606897 ], [ -86.919422280186893, 36.273344572417798 ], [ -86.918915821594993, 36.2732603477033 ], [ -86.917922120249997, 36.272920057028898 ], [ -86.917369828586899, 36.2727958270439 ], [ -86.916743452337599, 36.272771012721499 ], [ -86.916296268394802, 36.272779591164003 ], [ -86.915520344585701, 36.272815503156799 ], [ -86.914662548082703, 36.272861671849 ], [ -86.914387187189803, 36.272885731635697 ], [ -86.9139199155304, 36.272999661918703 ], [ -86.913301109352304, 36.273253709701599 ], [ -86.912749797516796, 36.273540053157198 ], [ -86.912059864216303, 36.273776588267303 ], [ -86.911207125200306, 36.274039663019899 ], [ -86.910979402447396, 36.274099209027 ], [ -86.910634166024394, 36.274132027931699 ], [ -86.909745102395604, 36.2739649742824 ], [ -86.909300625673694, 36.273849167109397 ], [ -86.907515304360899, 36.273552000835302 ], [ -86.906836681980096, 36.273578383942997 ], [ -86.905940558637099, 36.273756964770598 ], [ -86.905369868410403, 36.273802789816301 ], [ -86.904803002884094, 36.273775100765498 ], [ -86.904505576969299, 36.273732594098199 ], [ -86.904401832815395, 36.273715143985399 ], [ -86.903842265527302, 36.273618344919299 ], [ -86.902833909090702, 36.273462758999202 ], [ -86.901951534551699, 36.273471407403498 ], [ -86.901466798128197, 36.273543012596001 ], [ -86.901019892454201, 36.273659831305501 ], [ -86.898838280345501, 36.2744244660961 ], [ -86.898508223115599, 36.274487526302401 ], [ -86.8979950632624, 36.274521557298499 ], [ -86.897302692038593, 36.274420767722901 ], [ -86.896585526008394, 36.274131071809101 ], [ -86.895248362131895, 36.2735816797979 ], [ -86.895117419302196, 36.273179401284601 ], [ -86.895084006320701, 36.273064029075996 ], [ -86.8947331004902, 36.271776584324201 ], [ -86.894590444464797, 36.271197676067601 ], [ -86.893982376222894, 36.270222004773501 ], [ -86.893824913671807, 36.269871035877202 ], [ -86.8936575642295, 36.268844736881803 ], [ -86.893433430951305, 36.267493293940198 ], [ -86.893427719204794, 36.267054842833701 ], [ -86.893422343481106, 36.266526080829699 ], [ -86.893459500499404, 36.265565073864202 ], [ -86.893491297280704, 36.265141414904598 ], [ -86.893469828024195, 36.264891937873301 ], [ -86.893353980292801, 36.264582895708401 ], [ -86.893204220584806, 36.264349818916401 ], [ -86.892363972046596, 36.263496551278003 ], [ -86.892173276378699, 36.263242486007798 ], [ -86.891736779368799, 36.262320818836201 ], [ -86.891565588879203, 36.262141808438798 ], [ -86.891435703065298, 36.262053831702097 ], [ -86.890525280715906, 36.262529049389798 ], [ -86.889935743050998, 36.262860494329601 ], [ -86.889521986452195, 36.263206918670498 ], [ -86.888624241666307, 36.264103559084496 ], [ -86.887614729065803, 36.265130981893101 ], [ -86.887268840702305, 36.265429856877397 ], [ -86.887114011839799, 36.265545523725699 ], [ -86.886995575441901, 36.265620338312203 ], [ -86.886746180823906, 36.265760760341401 ], [ -86.886101031848298, 36.266007058643197 ], [ -86.885548615382802, 36.266128371295203 ], [ -86.885011655350596, 36.266153079123796 ], [ -86.883133896227093, 36.265945852408002 ], [ -86.882622415567795, 36.265935853988204 ], [ -86.882195837675198, 36.265972791428602 ], [ -86.881739801148697, 36.2660549476388 ], [ -86.881576908726103, 36.266087701566697 ], [ -86.881460516802406, 36.266118129103504 ], [ -86.881123327275901, 36.266225272380701 ], [ -86.8806335055273, 36.266447402423601 ], [ -86.880159618898901, 36.266768307066002 ], [ -86.8798178220041, 36.267063044332801 ], [ -86.879584815029105, 36.267312780161902 ], [ -86.879498111728395, 36.267424273958 ], [ -86.879258565937704, 36.267762075727099 ], [ -86.879090114603599, 36.268118772103399 ], [ -86.8790088879189, 36.268354612898897 ], [ -86.8789760148601, 36.26847346361 ], [ -86.878919508476102, 36.268694750755103 ], [ -86.878883555095996, 36.269161661669301 ], [ -86.878964472112798, 36.2696902171906 ], [ -86.879079161264499, 36.270048298953803 ], [ -86.879161796144302, 36.270276643297997 ], [ -86.879512360466805, 36.270874354407198 ], [ -86.8796256604099, 36.271077612455997 ], [ -86.879749929949895, 36.2713066147696 ], [ -86.879836699130095, 36.271652159634201 ], [ -86.8798481788657, 36.271734081314499 ], [ -86.879849476624003, 36.271885597184898 ], [ -86.879846665694501, 36.271973364154803 ], [ -86.879799364890303, 36.272321791816502 ], [ -86.879655303468297, 36.272676175087398 ], [ -86.879397077649301, 36.273020547323497 ], [ -86.879200457222495, 36.273226312090799 ], [ -86.878802352271805, 36.273501848480002 ], [ -86.878590138246807, 36.273600051849002 ], [ -86.878045826441095, 36.273807973123297 ], [ -86.877832283364498, 36.273862919352403 ], [ -86.876990646468201, 36.274199716910204 ], [ -86.876793949035701, 36.274287688613398 ], [ -86.876685860087306, 36.274339022286398 ], [ -86.876483512153897, 36.274448094882999 ], [ -86.876171949669398, 36.2746185488243 ], [ -86.875515057490503, 36.275039652887699 ], [ -86.874821819753095, 36.275696492347102 ], [ -86.874699693083599, 36.275813599942403 ], [ -86.874610707219006, 36.275908274046799 ], [ -86.874356294142601, 36.2762124300504 ], [ -86.873754197809006, 36.277259102368099 ], [ -86.873520893688905, 36.278141600800602 ], [ -86.873505300321796, 36.2782340839128 ], [ -86.873478005695603, 36.278441281912102 ], [ -86.873439340382006, 36.279434947713803 ], [ -86.873458817560802, 36.279701438276597 ], [ -86.873430597306495, 36.279966817579499 ], [ -86.873386720510197, 36.280278487152202 ], [ -86.873245873870701, 36.280659106629699 ], [ -86.873129373067002, 36.280901513018797 ], [ -86.873003510281194, 36.281102610126702 ], [ -86.872763081310595, 36.2813634026759 ], [ -86.872642822520504, 36.281484566854203 ], [ -86.872472568164397, 36.281644856597801 ], [ -86.871964558109696, 36.2819592772166 ], [ -86.871158507152501, 36.282438088918397 ], [ -86.870510980299301, 36.282716252475602 ], [ -86.869944898258098, 36.282880340826203 ], [ -86.8689251748457, 36.283085384121101 ], [ -86.868756331473406, 36.283120834549003 ], [ -86.867768914836304, 36.283313839749098 ], [ -86.866732008061703, 36.283516689467902 ], [ -86.865812717920093, 36.283705612115398 ], [ -86.865027912202194, 36.283865919128303 ], [ -86.864314318405803, 36.284078078832501 ], [ -86.864110315126894, 36.284155594919703 ], [ -86.863593169691498, 36.284414590007103 ], [ -86.863389464151297, 36.284519572729401 ], [ -86.863117679707997, 36.284604438731598 ], [ -86.862811165963393, 36.284654871144298 ], [ -86.862512808281707, 36.284636397906397 ], [ -86.862338394390605, 36.284588196297101 ], [ -86.862024701166604, 36.284446559657702 ], [ -86.861714585773498, 36.284165829845399 ], [ -86.861316979346498, 36.283678495877503 ], [ -86.861190682781597, 36.283569687433001 ], [ -86.860947947723105, 36.283439560559401 ], [ -86.8596722560183, 36.283795276989999 ], [ -86.858717622255696, 36.285326131675902 ], [ -86.858184110625004, 36.285681879589703 ], [ -86.857180318672107, 36.285842904605403 ], [ -86.856946891442206, 36.2858829649524 ], [ -86.856137637647294, 36.286028949416703 ], [ -86.855527546908405, 36.286442914679697 ], [ -86.854478417016793, 36.287166270993701 ], [ -86.853787191335599, 36.287648960500697 ], [ -86.853536995520102, 36.287810568102003 ], [ -86.853424756295794, 36.2879038999287 ], [ -86.852376039539493, 36.288196128143703 ], [ -86.851902091257998, 36.288218354689903 ], [ -86.850261023759998, 36.289328641665101 ], [ -86.850105977730905, 36.289434197927001 ], [ -86.849491929234006, 36.2898599351619 ], [ -86.849184476147599, 36.290067847263899 ], [ -86.848367708845799, 36.290631548534002 ], [ -86.849562848281593, 36.291209168687502 ], [ -86.850056665098506, 36.291459679507398 ], [ -86.850239445206796, 36.291564798800003 ], [ -86.850782014664205, 36.291898627939702 ], [ -86.851861797741805, 36.292675976494401 ], [ -86.851296348703997, 36.293738065637498 ], [ -86.851702670723, 36.2942875202029 ], [ -86.851355478566106, 36.294503887421399 ], [ -86.850877155104897, 36.2944382368226 ], [ -86.850282755135197, 36.294109518219599 ], [ -86.849496450855199, 36.294475588187296 ], [ -86.849133062586006, 36.2947747951699 ], [ -86.848945121355698, 36.294919837464597 ], [ -86.849068023153393, 36.2951471460063 ], [ -86.849295270556496, 36.295548036071303 ], [ -86.849409804272895, 36.295770371456697 ], [ -86.849915768725594, 36.296237237009102 ], [ -86.849755678218798, 36.2963396574822 ], [ -86.849563044375699, 36.296413634758501 ], [ -86.849434057566896, 36.296449908549398 ], [ -86.849387638626396, 36.296551529802301 ], [ -86.849142919702899, 36.296713089127998 ], [ -86.849036475718805, 36.296794701106201 ], [ -86.848852521827297, 36.296887158424198 ], [ -86.848751435378304, 36.296874991637999 ], [ -86.848634638216097, 36.296940537395997 ], [ -86.848448247779004, 36.2969639931787 ], [ -86.848031511054899, 36.2972635914956 ], [ -86.847889112710206, 36.297315237792503 ], [ -86.847861894065105, 36.297427540011498 ], [ -86.847578098849894, 36.297505587079698 ], [ -86.8473114254313, 36.297637766430398 ], [ -86.847110297275094, 36.297790603384399 ], [ -86.846671520913702, 36.298035109440796 ], [ -86.846183487462199, 36.298311123162399 ], [ -86.844964295248701, 36.298559825816497 ], [ -86.844559454834595, 36.298648339813802 ], [ -86.843999772113705, 36.299583168619201 ], [ -86.843584157944505, 36.300274666655298 ], [ -86.842388589136107, 36.2998275988909 ], [ -86.841188006644899, 36.299451987192199 ], [ -86.840145698291806, 36.299687062441599 ], [ -86.839936599369395, 36.301090333855498 ], [ -86.8389441456779, 36.301068381176897 ], [ -86.838920371733593, 36.299664667445398 ], [ -86.838723097639701, 36.299622599498697 ], [ -86.838558651577301, 36.299515921176898 ], [ -86.838515732218198, 36.299428658828802 ], [ -86.838165535419606, 36.299286355545298 ], [ -86.838106438427403, 36.2991569245821 ], [ -86.8378485161154, 36.298582922056298 ], [ -86.837760512730895, 36.2985714131256 ], [ -86.836896363262198, 36.297669422078201 ], [ -86.836493156983806, 36.297367009041501 ], [ -86.836437351764701, 36.297413963361301 ], [ -86.835144783364001, 36.298284627228298 ], [ -86.834654959281906, 36.298207248557603 ], [ -86.834862681448101, 36.299176872078299 ], [ -86.834347881880703, 36.299274097862103 ], [ -86.830906887489704, 36.298988231348297 ], [ -86.830716966998494, 36.298744485251497 ], [ -86.830107329380596, 36.299021172945501 ], [ -86.829899031415295, 36.298217737865102 ], [ -86.8237774166343, 36.297595658903397 ], [ -86.823152682886004, 36.298445539411503 ], [ -86.822927539049104, 36.2987578560465 ], [ -86.822167177776294, 36.298860718546798 ], [ -86.821749054864895, 36.299037135840798 ], [ -86.821475867326697, 36.299322961126002 ], [ -86.821255524653196, 36.299913231347197 ], [ -86.821208113736503, 36.300030590611399 ], [ -86.821016393935096, 36.300462472052303 ], [ -86.820623845473605, 36.300897442401499 ], [ -86.819617250305598, 36.301229786925298 ], [ -86.819377566119996, 36.301434172603798 ], [ -86.818814570793606, 36.3014273422 ], [ -86.817923795259006, 36.301433371580401 ], [ -86.817262014924907, 36.302015510196703 ], [ -86.816874904558205, 36.302355548461499 ], [ -86.816354688939995, 36.302178276855301 ], [ -86.816089315556695, 36.302031388410903 ], [ -86.815564913269597, 36.301859120563897 ], [ -86.8149476609902, 36.301815382284502 ], [ -86.814094787156293, 36.301505912741902 ] ] ] } },
{ "type": "Feature", "properties": { "OBJECTID": 5, "CommunityNumber": 14, "CommunityName": "Donelson - Hermitage - Old Hickory", "GlobalID": "4c9ba617-436b-45be-8d80-0740d86a4809" }, "geometry": { "type": "Polygon", "coordinates": [ [ [ -86.580996943239001, 36.209307914332904 ], [ -86.581086407804804, 36.2088200031857 ], [ -86.581151245339498, 36.2084663974872 ], [ -86.581171543560998, 36.208367324727803 ], [ -86.581201819007603, 36.208219556815102 ], [ -86.5812715313577, 36.207879307719502 ], [ -86.5812765894877, 36.207854620436102 ], [ -86.581309979593996, 36.207691649987098 ], [ -86.5813621851416, 36.207436842463999 ], [ -86.581373873002505, 36.207376072270399 ], [ -86.581469882613106, 36.2068768794894 ], [ -86.581512332205193, 36.206639689910503 ], [ -86.5809991285591, 36.206563650202902 ], [ -86.580523633836293, 36.206493195752998 ], [ -86.580284328680406, 36.206452903370597 ], [ -86.579950559524704, 36.206396704668798 ], [ -86.575745107630794, 36.194694177338903 ], [ -86.574548764167801, 36.191709580660998 ], [ -86.572817368134594, 36.182956539270101 ], [ -86.570894616524399, 36.173689978278297 ], [ -86.569110985980103, 36.1706510883809 ], [ -86.564879982512394, 36.163718914556398 ], [ -86.563305801800098, 36.160355145520299 ], [ -86.563059945054405, 36.1599607196368 ], [ -86.562948912219099, 36.159709197044201 ], [ -86.558611519992496, 36.150796496259701 ], [ -86.557800441362104, 36.149010034887397 ], [ -86.557683299953197, 36.149029462245103 ], [ -86.556040373175804, 36.145799309216002 ], [ -86.552515008169607, 36.145377349524999 ], [ -86.552673699839403, 36.144576717535898 ], [ -86.550863990445194, 36.144356301510904 ], [ -86.551112976652703, 36.143021988815697 ], [ -86.555415176899203, 36.143214642934701 ], [ -86.555643028076801, 36.141896384629902 ], [ -86.5559713451607, 36.140054349653703 ], [ -86.556441478925294, 36.137429607788597 ], [ -86.556870053428398, 36.134979663556997 ], [ -86.560674904324301, 36.126685118762303 ], [ -86.561285310966497, 36.125356230810198 ], [ -86.562252473312597, 36.124171497828002 ], [ -86.563242341262693, 36.123371060763802 ], [ -86.563972324770802, 36.122941585294598 ], [ -86.565287521641395, 36.1225744170616 ], [ -86.566706643178307, 36.122392191312997 ], [ -86.593067145870293, 36.120635380055901 ], [ -86.593779984829695, 36.120518068979202 ], [ -86.595442668767603, 36.120220416450898 ], [ -86.597040972019997, 36.1198878032381 ], [ -86.598955092219299, 36.119424522981099 ], [ -86.602006993423899, 36.118333427970597 ], [ -86.605158915865502, 36.116993470441201 ], [ -86.607148913156394, 36.116103007479801 ], [ -86.609430160652593, 36.115316731484498 ], [ -86.611630160417107, 36.114591076533202 ], [ -86.613603063770299, 36.114136910859301 ], [ -86.621141631232007, 36.112939659098799 ], [ -86.623703382649794, 36.112617887173101 ], [ -86.625467987358803, 36.112349596548803 ], [ -86.627584113715997, 36.111979205880502 ], [ -86.630665682697497, 36.112084124942299 ], [ -86.631102726187706, 36.112113595159997 ], [ -86.635200395088603, 36.112631199323303 ], [ -86.637535176299195, 36.112844484843897 ], [ -86.643593479901, 36.113242399927401 ], [ -86.644566858484794, 36.113506072827398 ], [ -86.645578365203505, 36.113916507347 ], [ -86.646958233679101, 36.114529950046297 ], [ -86.647883029334906, 36.1148381489567 ], [ -86.648417021708099, 36.115020842620901 ], [ -86.649778863813495, 36.115498154221001 ], [ -86.649972740318802, 36.115566562748498 ], [ -86.650739034032199, 36.115962646588798 ], [ -86.651762924549004, 36.116701577681297 ], [ -86.652228562004794, 36.117074380833301 ], [ -86.6530040038528, 36.117601917357199 ], [ -86.653409931497606, 36.117763342163798 ], [ -86.653409378161001, 36.117850393319301 ], [ -86.653352831829395, 36.118281991451198 ], [ -86.653197147206498, 36.119497197859197 ], [ -86.653170586631205, 36.119702827895402 ], [ -86.653155152086399, 36.119821427392303 ], [ -86.653122826562495, 36.120073674519197 ], [ -86.653013884045706, 36.120927365445603 ], [ -86.652963451573996, 36.1213168767298 ], [ -86.652929680100797, 36.121584899763903 ], [ -86.652948037816302, 36.121758553149903 ], [ -86.652928001800902, 36.121895500476001 ], [ -86.650956608922897, 36.121698407295199 ], [ -86.650809431701902, 36.122641449325897 ], [ -86.650367441634799, 36.125365499679397 ], [ -86.650063446791407, 36.127111874484697 ], [ -86.649785028538304, 36.128830124099402 ], [ -86.649572030410795, 36.130157255839499 ], [ -86.649541683440901, 36.1303462644428 ], [ -86.6494656506393, 36.130820724594599 ], [ -86.649137737173206, 36.130785754243497 ], [ -86.648656528871896, 36.130733996311299 ], [ -86.647771866844906, 36.130638071804597 ], [ -86.647433678826403, 36.130601888343499 ], [ -86.646167894715106, 36.1304698102511 ], [ -86.645959085901396, 36.131842202304398 ], [ -86.645742659286498, 36.133248299584601 ], [ -86.645724074293696, 36.133367761521001 ], [ -86.6455385680392, 36.134533529869401 ], [ -86.645465019564398, 36.134996259587403 ], [ -86.6454076142969, 36.135357826764199 ], [ -86.646819713811297, 36.135503756875003 ], [ -86.646583861433001, 36.137158927483199 ], [ -86.646274654529805, 36.139372830887098 ], [ -86.646073349801497, 36.140783885800403 ], [ -86.646026249555206, 36.141125607233 ], [ -86.645876959036201, 36.142264185294799 ], [ -86.645032998506295, 36.142185086282097 ], [ -86.644990880826398, 36.142368162818201 ], [ -86.644819541265093, 36.143477174965398 ], [ -86.644685774103493, 36.144417213197798 ], [ -86.644468836950594, 36.145803577548399 ], [ -86.644318798099803, 36.146409075437397 ], [ -86.645991077583702, 36.145360836562098 ], [ -86.646874786305304, 36.144811153934903 ], [ -86.648793115279602, 36.143623788591697 ], [ -86.650476252386696, 36.142831641836104 ], [ -86.6526409966241, 36.1419717961017 ], [ -86.654018165109093, 36.141613058157603 ], [ -86.656616110410397, 36.141134522296603 ], [ -86.659550412436303, 36.140890168139997 ], [ -86.664338776044403, 36.141159523847797 ], [ -86.667665850007594, 36.141393877803502 ], [ -86.668565142404105, 36.1414577602634 ], [ -86.6727635198489, 36.141742800613997 ], [ -86.676394507984, 36.141989506223197 ], [ -86.677488193904495, 36.142067100852401 ], [ -86.678797752598101, 36.142169144968499 ], [ -86.680562768798595, 36.142373473874301 ], [ -86.685761110072704, 36.143133729994702 ], [ -86.6879690034785, 36.143459891176498 ], [ -86.690279477706596, 36.143814141273403 ], [ -86.691874888867801, 36.144040812192003 ], [ -86.692192663329294, 36.1440859050307 ], [ -86.692768125160597, 36.144174940628098 ], [ -86.694171079797101, 36.1443117854893 ], [ -86.695616106441406, 36.144369564915799 ], [ -86.697300827911405, 36.144290477123199 ], [ -86.698321274944902, 36.144161815868202 ], [ -86.699919944392605, 36.144023097246702 ], [ -86.701905091818404, 36.143696524428599 ], [ -86.703416020583504, 36.1434549935272 ], [ -86.704561998585007, 36.143274456470998 ], [ -86.706927950566893, 36.142899432520501 ], [ -86.708544134077897, 36.142625194134602 ], [ -86.710257906811606, 36.142350325254199 ], [ -86.711436774930704, 36.1421381002149 ], [ -86.713253781181606, 36.141808991284996 ], [ -86.717163571641606, 36.1412147667982 ], [ -86.718857101584504, 36.140918882780198 ], [ -86.720133160212796, 36.1407103726415 ], [ -86.720606733907204, 36.140646505088299 ], [ -86.721429359596598, 36.140529693797902 ], [ -86.722373794660996, 36.140431329140199 ], [ -86.722277748036404, 36.140597170732597 ], [ -86.721817293031506, 36.1413841188973 ], [ -86.721744464292001, 36.141522423578401 ], [ -86.721691583240499, 36.141666274746001 ], [ -86.721637363439299, 36.141988865675302 ], [ -86.721649924565, 36.142159796167199 ], [ -86.721705945005795, 36.1423611996454 ], [ -86.721769576648597, 36.142514998773002 ], [ -86.721858964762006, 36.142661261001201 ], [ -86.722214377528701, 36.143063819924997 ], [ -86.722312013375102, 36.143179292639701 ], [ -86.722397772799198, 36.143298792170903 ], [ -86.722469421827498, 36.143449452441402 ], [ -86.722549813117993, 36.1436768067854 ], [ -86.7225858148973, 36.143864594285802 ], [ -86.722584657783301, 36.143970020298497 ], [ -86.722584054657204, 36.144361090911701 ], [ -86.722550956354496, 36.144672134576098 ], [ -86.722519802948796, 36.145196875354202 ], [ -86.722201159658894, 36.148119026730598 ], [ -86.722182545664594, 36.148213740494398 ], [ -86.722113465379095, 36.148796643418898 ], [ -86.722103374023902, 36.148880349905198 ], [ -86.722054284776206, 36.149260284602498 ], [ -86.721883158570805, 36.150628663847201 ], [ -86.722072546730203, 36.150642811320203 ], [ -86.722021248508895, 36.150961263545199 ], [ -86.722007331106298, 36.1511534701527 ], [ -86.722001314177305, 36.151329833817002 ], [ -86.7220036630263, 36.1515880444869 ], [ -86.722014813626402, 36.152079346406303 ], [ -86.722022201974696, 36.152528482633301 ], [ -86.722036473411706, 36.153153367234999 ], [ -86.722048884480003, 36.153800859802899 ], [ -86.722058180463506, 36.154183184837301 ], [ -86.722123871443301, 36.154701816184399 ], [ -86.722210309971999, 36.155127266307503 ], [ -86.722330868501501, 36.155579639405602 ], [ -86.722533898921995, 36.1561142740197 ], [ -86.7228627516524, 36.156863199684899 ], [ -86.722986356827107, 36.157136465508501 ], [ -86.723330039411707, 36.1579282444306 ], [ -86.723498668257406, 36.158320451063801 ], [ -86.723569294406204, 36.158490341199297 ], [ -86.723688831499899, 36.158787804791203 ], [ -86.723787776828203, 36.159004573052201 ], [ -86.7241560187082, 36.160108527388097 ], [ -86.724188937933405, 36.160207858334097 ], [ -86.724474080507704, 36.161161507606501 ], [ -86.724499321961005, 36.161242291482601 ], [ -86.724692105241303, 36.161903020958 ], [ -86.724758924129006, 36.162129584464999 ], [ -86.724987329910206, 36.1629190877971 ], [ -86.725010761221895, 36.163000621826299 ], [ -86.7250730293635, 36.163233175858402 ], [ -86.725255175823605, 36.163858645388999 ], [ -86.725299489127295, 36.164012317643298 ], [ -86.725402161234896, 36.164355777090101 ], [ -86.7241737307113, 36.1643624101401 ], [ -86.722809796242402, 36.164370471812603 ], [ -86.722034947316303, 36.164466813593897 ], [ -86.721190871508199, 36.1646450304737 ], [ -86.720262253288894, 36.1649207195305 ], [ -86.719282627686198, 36.165224411775696 ], [ -86.718038754799693, 36.165592010609203 ], [ -86.716803637318407, 36.165959068363897 ], [ -86.715524475133194, 36.166230353325403 ], [ -86.714811749616601, 36.166400624798001 ], [ -86.712357060081899, 36.167748490930798 ], [ -86.711570657132995, 36.1682901977304 ], [ -86.7097370356841, 36.169589372336901 ], [ -86.708170991302296, 36.170847766526798 ], [ -86.706423198363495, 36.172559611086299 ], [ -86.705609143627001, 36.173535833294501 ], [ -86.7045190143279, 36.174750207543802 ], [ -86.703457592049404, 36.176289668471 ], [ -86.701777714048504, 36.1785852722263 ], [ -86.700940418225699, 36.179552951729299 ], [ -86.699924236277397, 36.180584006571898 ], [ -86.699025014980606, 36.181316524599602 ], [ -86.697905040547596, 36.182209624633302 ], [ -86.695885519088506, 36.183807505677301 ], [ -86.694693801302506, 36.184834382471003 ], [ -86.693043753108, 36.186411567830099 ], [ -86.691828210907204, 36.187876029276801 ], [ -86.690805852336496, 36.189204886640397 ], [ -86.690444886589603, 36.189948111208601 ], [ -86.690091914215998, 36.190628947125099 ], [ -86.689942144463302, 36.1910938919034 ], [ -86.689871435489493, 36.1919951518408 ], [ -86.6900428258067, 36.192755492473196 ], [ -86.690345685646903, 36.193475013306703 ], [ -86.690927938011399, 36.194392293849397 ], [ -86.691378443363803, 36.195096240479998 ], [ -86.692062277355902, 36.196096695160698 ], [ -86.692625889242393, 36.197028566793897 ], [ -86.693439814673297, 36.198242995554899 ], [ -86.694925018975496, 36.200399128260301 ], [ -86.696524664698501, 36.202974270452302 ], [ -86.697538875328803, 36.204702770099303 ], [ -86.698353540053503, 36.206296102813397 ], [ -86.699841847666093, 36.208796605536698 ], [ -86.700886266938696, 36.210549103588903 ], [ -86.7022105534584, 36.212045686934403 ], [ -86.703499680121993, 36.213405919546197 ], [ -86.704738100377099, 36.214723793407003 ], [ -86.7059820358742, 36.216704168826197 ], [ -86.706421515450302, 36.217472419438401 ], [ -86.706826003614395, 36.218737634690299 ], [ -86.707742402093302, 36.2227635856297 ], [ -86.708146181892801, 36.224471473374997 ], [ -86.708738618868395, 36.226144878308702 ], [ -86.709863086368699, 36.228562602164899 ], [ -86.710625995282896, 36.229742574553001 ], [ -86.711346743957506, 36.230985126641002 ], [ -86.711912074274906, 36.232055425630101 ], [ -86.712357109176295, 36.233357861979101 ], [ -86.712597464172006, 36.2344095575681 ], [ -86.712716946860098, 36.235042989949399 ], [ -86.712850181483503, 36.236642849572299 ], [ -86.712441718607806, 36.2379787580293 ], [ -86.7115054848841, 36.239971903868003 ], [ -86.710004855326005, 36.241427028494698 ], [ -86.708018876226006, 36.242938041711596 ], [ -86.705956302287305, 36.244421460829898 ], [ -86.703981592776003, 36.245116642066399 ], [ -86.701740016099293, 36.245550316188002 ], [ -86.699016467655298, 36.245790595712101 ], [ -86.695065293605296, 36.2461410457543 ], [ -86.692202783324106, 36.246157479628401 ], [ -86.689879625636806, 36.245508226837103 ], [ -86.688101616290894, 36.2448558258763 ], [ -86.685909285104302, 36.243543039498597 ], [ -86.684123730145103, 36.2420072924916 ], [ -86.683152482297302, 36.240025165558301 ], [ -86.682592193504107, 36.2382614985506 ], [ -86.681489691215205, 36.236285935507702 ], [ -86.680361273328103, 36.233407774478202 ], [ -86.678986528880102, 36.231104079262998 ], [ -86.678148814672696, 36.228995824589099 ], [ -86.677723221670504, 36.226804558173299 ], [ -86.6777020880794, 36.22433185573 ], [ -86.677695955457196, 36.223602387860304 ], [ -86.677676351647406, 36.221319733329402 ], [ -86.677653384212206, 36.2185831524706 ], [ -86.677345083819702, 36.2144387798634 ], [ -86.676771490102396, 36.211129265402299 ], [ -86.676623236041493, 36.209694607413198 ], [ -86.6766127829749, 36.208469323699099 ], [ -86.676481826523002, 36.206660439355097 ], [ -86.676317466099803, 36.205935992968897 ], [ -86.675429122369394, 36.204105308640301 ], [ -86.673658154676602, 36.201408870430903 ], [ -86.672995048773103, 36.199665931626399 ], [ -86.671473268009706, 36.196913813796002 ], [ -86.669567597821001, 36.194693029094097 ], [ -86.668888176886, 36.193843119013899 ], [ -86.668121438910902, 36.193266136340398 ], [ -86.667389659994598, 36.193001901759096 ], [ -86.666526878165797, 36.192839030328201 ], [ -86.665183229734296, 36.192902823238001 ], [ -86.663615197242095, 36.193000375537501 ], [ -86.661733770079707, 36.193364764120901 ], [ -86.659274891194201, 36.193823339413399 ], [ -86.657754515012897, 36.194231225665703 ], [ -86.655699799336006, 36.1950597519551 ], [ -86.653056614677496, 36.196247034083697 ], [ -86.649775046011797, 36.1980336246232 ], [ -86.646567684747595, 36.200141693794997 ], [ -86.643338105029102, 36.202908881443697 ], [ -86.640738997812903, 36.2057064583421 ], [ -86.639752664915804, 36.2071330571464 ], [ -86.639265168621904, 36.208148295504699 ], [ -86.639013022186006, 36.209457722978001 ], [ -86.639159705820006, 36.2107820363386 ], [ -86.639717477410997, 36.212325134773799 ], [ -86.640979464434494, 36.214910246303504 ], [ -86.641844107178599, 36.216977811151899 ], [ -86.642356416817904, 36.2184949852983 ], [ -86.643340714478299, 36.222244214234102 ], [ -86.644135545585797, 36.225236627209 ], [ -86.645576297755795, 36.228734422507202 ], [ -86.647058453634301, 36.2317960598402 ], [ -86.647920447581996, 36.2337004729753 ], [ -86.648899499640393, 36.235355260647403 ], [ -86.649986415236796, 36.236667974012903 ], [ -86.653382064197203, 36.239708452319697 ], [ -86.654394978981998, 36.240625938106703 ], [ -86.656439670205899, 36.242944356720699 ], [ -86.657605214590006, 36.244324633841501 ], [ -86.657822550596805, 36.244588333565197 ], [ -86.659772621527097, 36.247572980277297 ], [ -86.660737326976999, 36.249204769700398 ], [ -86.662935860185996, 36.2512907359759 ], [ -86.664471488812595, 36.252425613486601 ], [ -86.666370231036495, 36.253472188942602 ], [ -86.667882174179894, 36.2543743719894 ], [ -86.668912108779196, 36.255143728793797 ], [ -86.6702030855907, 36.256219764884598 ], [ -86.672719498243694, 36.259844975697398 ], [ -86.674197543005704, 36.261938901950401 ], [ -86.675547652746502, 36.263395328815399 ], [ -86.677941827015999, 36.265320954144798 ], [ -86.678064589699304, 36.265422423108298 ], [ -86.679836359237299, 36.267100681644401 ], [ -86.680872790163804, 36.268196513720603 ], [ -86.681819667364707, 36.269674636745798 ], [ -86.682731206621995, 36.271340482641399 ], [ -86.683163463616694, 36.272046394463601 ], [ -86.683573769972497, 36.2728069195066 ], [ -86.683986927611201, 36.273562134397402 ], [ -86.685101352128299, 36.275668014598402 ], [ -86.685720329653904, 36.277208352607801 ], [ -86.686071901025898, 36.278105304478203 ], [ -86.686607235170698, 36.280862964183598 ], [ -86.686798050719503, 36.283208472938199 ], [ -86.686821978018699, 36.285968860581001 ], [ -86.686470516031903, 36.287141954187298 ], [ -86.685973094413299, 36.288268121076598 ], [ -86.685097902914606, 36.289352425298901 ], [ -86.684142422052005, 36.2904069033615 ], [ -86.683572800788198, 36.290897167605102 ], [ -86.682116354486894, 36.292763662579802 ], [ -86.6817117595307, 36.293307591123202 ], [ -86.679311919381405, 36.2963518697658 ], [ -86.678113973797096, 36.297632052717503 ], [ -86.676702722600496, 36.298862781780699 ], [ -86.675602207029897, 36.299508427797903 ], [ -86.674430251968403, 36.300120736478803 ], [ -86.673130515914906, 36.3005403922337 ], [ -86.671944656656294, 36.300821795194601 ], [ -86.670488524676898, 36.300996309493598 ], [ -86.668850641186694, 36.300884103843103 ], [ -86.667400358672893, 36.300639399380202 ], [ -86.666424742479407, 36.300442708890699 ], [ -86.665423309871599, 36.300202029858397 ], [ -86.664647844582404, 36.299995810803601 ], [ -86.663544577842899, 36.299649231961801 ], [ -86.662932363484103, 36.299434208393201 ], [ -86.662248699223994, 36.299196567468002 ], [ -86.6617216555765, 36.298969740078299 ], [ -86.659940796593901, 36.298243808150701 ], [ -86.658403116606607, 36.297579705649802 ], [ -86.657390075601896, 36.297108451789299 ], [ -86.656674237706596, 36.296771720947 ], [ -86.652983984560606, 36.294776481400604 ], [ -86.646138679063199, 36.291020586958197 ], [ -86.645405463890498, 36.290672722720203 ], [ -86.644724981536299, 36.290028417504701 ], [ -86.644508985201497, 36.289650147077097 ], [ -86.644232088455595, 36.289084549877202 ], [ -86.6440484910202, 36.288412869073902 ], [ -86.643953997720203, 36.287745348722503 ], [ -86.643934492139095, 36.287067471047202 ], [ -86.643958424224394, 36.286515721573601 ], [ -86.644068440518893, 36.286066867404202 ], [ -86.643993587744404, 36.278631604621502 ], [ -86.643892699738799, 36.274931473558297 ], [ -86.643791232428796, 36.274656116233103 ], [ -86.643761421430199, 36.274483903241602 ], [ -86.643742523154003, 36.273932379812898 ], [ -86.643739349040999, 36.273541641475497 ], [ -86.643819291336698, 36.272524839762198 ], [ -86.643803257922698, 36.272221557506903 ], [ -86.643841226601296, 36.272093106431399 ], [ -86.643746694907506, 36.271157238953897 ], [ -86.6436728633592, 36.2705769927489 ], [ -86.643658954535496, 36.268864506087297 ], [ -86.643745664018198, 36.267324026469304 ], [ -86.643728488433595, 36.265209468080002 ], [ -86.643680396361603, 36.264508732194301 ], [ -86.643603754507396, 36.263842657003202 ], [ -86.643557249365102, 36.263337118889602 ], [ -86.643273979925397, 36.261660743192699 ], [ -86.643127938797903, 36.261167237356297 ], [ -86.642820196175805, 36.259973770288902 ], [ -86.642661288087695, 36.259618195813303 ], [ -86.642559473051406, 36.259296998057799 ], [ -86.642514976200701, 36.259090353253299 ], [ -86.642284805941003, 36.258677814023599 ], [ -86.642210497316697, 36.258506866496603 ], [ -86.642211212160404, 36.258333459989899 ], [ -86.642052260230003, 36.258024068304103 ], [ -86.641950820957405, 36.257748708041603 ], [ -86.641676070847794, 36.257118019878199 ], [ -86.641516897109597, 36.2567282795656 ], [ -86.641386964041004, 36.256441567054701 ], [ -86.641256940244105, 36.256143523593302 ], [ -86.641011719981904, 36.255650540804602 ], [ -86.640740887038902, 36.255502610432899 ], [ -86.640498829350094, 36.255400367086999 ], [ -86.637953782490399, 36.254816363478703 ], [ -86.635806972301197, 36.254298885938901 ], [ -86.634222812571593, 36.253680900748101 ], [ -86.632874747724003, 36.253107670294398 ], [ -86.630881826409194, 36.252313571528497 ], [ -86.629587091865005, 36.251723544087596 ], [ -86.627777271537596, 36.250916078539497 ], [ -86.626267775189802, 36.250234420688798 ], [ -86.620948311357594, 36.247851746222302 ], [ -86.619290401411405, 36.247040797430699 ], [ -86.618393002958896, 36.246608795941398 ], [ -86.617737857424302, 36.2462558985534 ], [ -86.616897454952806, 36.245846428782002 ], [ -86.616170930728401, 36.245470881368597 ], [ -86.614761070461796, 36.244765393892798 ], [ -86.614643348242694, 36.244671737103701 ], [ -86.614366339602299, 36.244536140413899 ], [ -86.613807100676595, 36.244356652109502 ], [ -86.613310203335402, 36.244290157686898 ], [ -86.612543473499201, 36.244248035532998 ], [ -86.610746591676005, 36.244139699001401 ], [ -86.610314837159194, 36.244109947173897 ], [ -86.609377886748703, 36.244146610243597 ], [ -86.608669956747804, 36.244198594340901 ], [ -86.602769935781396, 36.244501155197803 ], [ -86.5981637933711, 36.244771790838598 ], [ -86.595885599949298, 36.2451447910139 ], [ -86.594124951991205, 36.245515375864002 ], [ -86.593113068466806, 36.2422253490424 ], [ -86.593294856559993, 36.241424570701298 ], [ -86.593788801765996, 36.2414412011601 ], [ -86.593809542034606, 36.241041070421602 ], [ -86.595082156435893, 36.2414538946311 ], [ -86.595398917033407, 36.239833332843901 ], [ -86.593449333005694, 36.240033497128302 ], [ -86.5933548088001, 36.239976789898897 ], [ -86.593470791972507, 36.239785820152697 ], [ -86.593546672481807, 36.2383147826406 ], [ -86.593622271241003, 36.238051902789799 ], [ -86.593711230376599, 36.237365750327903 ], [ -86.591003701963899, 36.236864825674502 ], [ -86.589611029635606, 36.2329480803904 ], [ -86.588459499141507, 36.229811143629803 ], [ -86.588003771578897, 36.228594387188302 ], [ -86.587259608149196, 36.226483856243 ], [ -86.586812818606106, 36.225381737718301 ], [ -86.586274938585703, 36.223707998490603 ], [ -86.5848890838177, 36.220020527144897 ], [ -86.584403950344907, 36.218593579838398 ], [ -86.584020232206299, 36.217585915066202 ], [ -86.583276279349107, 36.215475524631103 ], [ -86.583060359018305, 36.214867077134002 ], [ -86.582605778858294, 36.213783519851901 ], [ -86.580996943239001, 36.209307914332904 ] ] ] } },
{ "type": "Feature", "properties": { "OBJECTID": 6, "CommunityNumber": 5, "CommunityName": "East Nashville", "GlobalID": "4f4b0235-cfd0-43e5-b55e-a65e565639c9" }, "geometry": { "type": "Polygon", "coordinates": [ [ [ -86.712716946860098, 36.235042989949399 ], [ -86.712597464172006, 36.2344095575681 ], [ -86.712357109176295, 36.233357861979101 ], [ -86.711912074274906, 36.232055425630101 ], [ -86.711346743957506, 36.230985126641002 ], [ -86.710625995282896, 36.229742574553001 ], [ -86.709863086368699, 36.228562602164899 ], [ -86.708738618868395, 36.226144878308702 ], [ -86.708146181892801, 36.224471473374997 ], [ -86.707742402093302, 36.2227635856297 ], [ -86.706826003614395, 36.218737634690299 ], [ -86.706421515450302, 36.217472419438401 ], [ -86.7059820358742, 36.216704168826197 ], [ -86.704738100377099, 36.214723793407003 ], [ -86.703499680121993, 36.213405919546197 ], [ -86.7022105534584, 36.212045686934403 ], [ -86.700886266938696, 36.210549103588903 ], [ -86.699841847666093, 36.208796605536698 ], [ -86.698353540053503, 36.206296102813397 ], [ -86.697538875328803, 36.204702770099303 ], [ -86.696524664698501, 36.202974270452302 ], [ -86.694925018975496, 36.200399128260301 ], [ -86.693439814673297, 36.198242995554899 ], [ -86.692625889242393, 36.197028566793897 ], [ -86.692062277355902, 36.196096695160698 ], [ -86.691378443363803, 36.195096240479998 ], [ -86.690927938011399, 36.194392293849397 ], [ -86.690345685646903, 36.193475013306703 ], [ -86.6900428258067, 36.192755492473196 ], [ -86.689871435489493, 36.1919951518408 ], [ -86.689942144463302, 36.1910938919034 ], [ -86.690091914215998, 36.190628947125099 ], [ -86.690444886589603, 36.189948111208601 ], [ -86.690805852336496, 36.189204886640397 ], [ -86.691828210907204, 36.187876029276801 ], [ -86.693043753108, 36.186411567830099 ], [ -86.694693801302506, 36.184834382471003 ], [ -86.695885519088506, 36.183807505677301 ], [ -86.697905040547596, 36.182209624633302 ], [ -86.699025014980606, 36.181316524599602 ], [ -86.699924236277397, 36.180584006571898 ], [ -86.700940418225699, 36.179552951729299 ], [ -86.701777714048504, 36.1785852722263 ], [ -86.703457592049404, 36.176289668471 ], [ -86.7045190143279, 36.174750207543802 ], [ -86.705609143627001, 36.173535833294501 ], [ -86.706423198363495, 36.172559611086299 ], [ -86.708170991302296, 36.170847766526798 ], [ -86.7097370356841, 36.169589372336901 ], [ -86.711570657132995, 36.1682901977304 ], [ -86.712357060081899, 36.167748490930798 ], [ -86.714811749616601, 36.166400624798001 ], [ -86.715524475133194, 36.166230353325403 ], [ -86.716803637318407, 36.165959068363897 ], [ -86.718038754799693, 36.165592010609203 ], [ -86.719282627686198, 36.165224411775696 ], [ -86.720262253288894, 36.1649207195305 ], [ -86.721190871508199, 36.1646450304737 ], [ -86.722034947316303, 36.164466813593897 ], [ -86.722809796242402, 36.164370471812603 ], [ -86.7241737307113, 36.1643624101401 ], [ -86.725402161234896, 36.164355777090101 ], [ -86.726066997944699, 36.164307826349301 ], [ -86.726902381055595, 36.164293869952097 ], [ -86.727767153377201, 36.164252259925298 ], [ -86.729184435956398, 36.164243705453003 ], [ -86.732168014429305, 36.164083653798997 ], [ -86.7337865417703, 36.163856806134199 ], [ -86.736023345423206, 36.163632176979696 ], [ -86.738210688168394, 36.163326942058198 ], [ -86.739802943791204, 36.1631017193818 ], [ -86.742454668366094, 36.1625109552783 ], [ -86.744200426437303, 36.161994914231201 ], [ -86.745714167218907, 36.161575398821803 ], [ -86.747665692945006, 36.160970472811798 ], [ -86.750228789843305, 36.160379914100098 ], [ -86.751254582809906, 36.160221242259198 ], [ -86.753413105553705, 36.1599291302783 ], [ -86.755317177802297, 36.159598568097103 ], [ -86.7569511050377, 36.159404277032401 ], [ -86.758719530844402, 36.159105759642898 ], [ -86.759427226096804, 36.159029541095201 ], [ -86.760216350069101, 36.159014786335703 ], [ -86.760241164753495, 36.159656415163901 ], [ -86.760436176542697, 36.161005716427503 ], [ -86.760651076485502, 36.161690100153002 ], [ -86.760968711544294, 36.162268416787498 ], [ -86.761271826546206, 36.162656932787499 ], [ -86.762113273170499, 36.163410340550399 ], [ -86.762877719730497, 36.164144605885497 ], [ -86.763359625247503, 36.1646061846915 ], [ -86.763982487559403, 36.165302746586299 ], [ -86.764651454937294, 36.166212254421502 ], [ -86.7651308319885, 36.167051639658503 ], [ -86.765683414527103, 36.167974879762497 ], [ -86.766832288536307, 36.169838456325301 ], [ -86.767414936886098, 36.170624757198397 ], [ -86.767795857221799, 36.1711617396573 ], [ -86.768629773197802, 36.172062563588398 ], [ -86.769441331278301, 36.172900691918002 ], [ -86.769581419095701, 36.173044962959601 ], [ -86.770082199249302, 36.173542273037 ], [ -86.771016302201502, 36.174612472900002 ], [ -86.771595854412993, 36.175326268649897 ], [ -86.772192336824105, 36.176229029089498 ], [ -86.772547248721693, 36.176776127465502 ], [ -86.774145652996097, 36.176859115635899 ], [ -86.7758283736338, 36.176944974608297 ], [ -86.777154212303103, 36.176773018524997 ], [ -86.780303754096295, 36.176032035033799 ], [ -86.780813815054202, 36.177239558630298 ], [ -86.781490782880198, 36.179619458121103 ], [ -86.781841242442397, 36.182001639307998 ], [ -86.782026501098002, 36.184252342670497 ], [ -86.782376997211401, 36.186634519283302 ], [ -86.782396591670107, 36.188621373538197 ], [ -86.782575771233596, 36.190209727775702 ], [ -86.783018614975703, 36.192072278706 ], [ -86.7815277503516, 36.1921013394822 ], [ -86.7797749876529, 36.192249681851202 ], [ -86.777822691970599, 36.192614069570098 ], [ -86.777047312457697, 36.193161433551197 ], [ -86.776497790015199, 36.193975864369797 ], [ -86.776060654302498, 36.1949772280215 ], [ -86.7760782876706, 36.196692990883598 ], [ -86.776327261186395, 36.198087330764601 ], [ -86.776754210909203, 36.200304961809202 ], [ -86.776852878323297, 36.202073768210603 ], [ -86.776810454173102, 36.203106243355997 ], [ -86.776627215599106, 36.204296548791802 ], [ -86.776502313983102, 36.205820072405402 ], [ -86.776423608813204, 36.206349899207403 ], [ -86.776183263591093, 36.2082187319537 ], [ -86.776141112757003, 36.2085093719244 ], [ -86.776005850612805, 36.209674017805803 ], [ -86.775982268787004, 36.209891066413903 ], [ -86.775887918437405, 36.210652510883698 ], [ -86.775812045756098, 36.211250158711003 ], [ -86.775526897086294, 36.213513353614701 ], [ -86.7754605393812, 36.214091108291299 ], [ -86.775403465077005, 36.214553164476598 ], [ -86.775334704032105, 36.215061535068301 ], [ -86.775226411308907, 36.215915459263996 ], [ -86.775163709624294, 36.216426059245101 ], [ -86.775080610110294, 36.216941833118 ], [ -86.775055048935101, 36.217404872297898 ], [ -86.774868973029299, 36.218527714110401 ], [ -86.774686341133602, 36.219456196696903 ], [ -86.774663455850998, 36.219559258733 ], [ -86.774474640663101, 36.220267905717101 ], [ -86.774439312418707, 36.220398112592598 ], [ -86.774245315069805, 36.221057608963697 ], [ -86.774146696517107, 36.222058045509002 ], [ -86.774090688530606, 36.222787278301602 ], [ -86.7741618009847, 36.223605205827802 ], [ -86.774262227065194, 36.224192776353 ], [ -86.774456467694193, 36.224690233331799 ], [ -86.774618773451195, 36.225149532516099 ], [ -86.774353993572703, 36.2255092732047 ], [ -86.774011175014905, 36.225959022926297 ], [ -86.773684261688203, 36.226421457121198 ], [ -86.773279808079593, 36.227025048211601 ], [ -86.773016692401995, 36.227525457057901 ], [ -86.772484157471098, 36.2284916227295 ], [ -86.772166552047196, 36.229094809835601 ], [ -86.771156269160898, 36.230480477555702 ], [ -86.770667797915195, 36.231043950804199 ], [ -86.769795704566405, 36.231855869832103 ], [ -86.769611741473895, 36.232021595428499 ], [ -86.768251526411603, 36.233185707617103 ], [ -86.766830041306804, 36.234201865258797 ], [ -86.765383848206099, 36.2350332535974 ], [ -86.763774194787501, 36.235751141572102 ], [ -86.763590326157896, 36.235847934441303 ], [ -86.762649117477395, 36.236262670402098 ], [ -86.761699144953496, 36.236472114787098 ], [ -86.760787382439503, 36.236776941486198 ], [ -86.759416340973701, 36.237190581006999 ], [ -86.758334695639206, 36.237506243068999 ], [ -86.756986191437804, 36.237980403964897 ], [ -86.756175130893197, 36.238270767578598 ], [ -86.755740961540894, 36.238428667739498 ], [ -86.754683626223198, 36.238941414514102 ], [ -86.753270755492295, 36.239733302287298 ], [ -86.752126128376503, 36.240431135268203 ], [ -86.751619486324003, 36.240777664624098 ], [ -86.750986553198402, 36.240708587504599 ], [ -86.750821970880295, 36.240691821296103 ], [ -86.750176921391898, 36.2406256835786 ], [ -86.748843219830405, 36.240494608956503 ], [ -86.748506612732598, 36.240460665629399 ], [ -86.747643375079093, 36.240362299876097 ], [ -86.746976184234299, 36.2402361157502 ], [ -86.745676120393796, 36.239998461516102 ], [ -86.7444141001546, 36.239642519931898 ], [ -86.743062601887402, 36.239286435701899 ], [ -86.742117386924406, 36.238971875854197 ], [ -86.739594832823798, 36.238292050011502 ], [ -86.739481824985603, 36.238265800513801 ], [ -86.738095350237501, 36.237978921019099 ], [ -86.736871549415895, 36.237780670702698 ], [ -86.736720194597396, 36.237766872134799 ], [ -86.735017776811503, 36.237625980352703 ], [ -86.734466187169204, 36.237610621121704 ], [ -86.732226391664, 36.237412803341499 ], [ -86.730551412876196, 36.2372463435239 ], [ -86.7293004527981, 36.236954306471901 ], [ -86.7273104989751, 36.2361303545879 ], [ -86.726205715677295, 36.235597900620697 ], [ -86.725492962626703, 36.235367968711003 ], [ -86.724814952419393, 36.235152859446501 ], [ -86.722973231167103, 36.234601926519701 ], [ -86.721450817007096, 36.234327571354001 ], [ -86.7200824219873, 36.234266048944299 ], [ -86.718831901755493, 36.234284123040197 ], [ -86.716704818381601, 36.234560556741798 ], [ -86.715043112538794, 36.234777832852302 ], [ -86.712716946860098, 36.235042989949399 ] ] ] } },
{ "type": "Feature", "properties": { "OBJECTID": 7, "CommunityNumber": 6, "CommunityName": "Bellevue", "GlobalID": "16db7612-099f-4067-963e-f8f35eeed9bb" }, "geometry": { "type": "Polygon", "coordinates": [ [ [ -86.885245055653797, 36.078931817624003 ], [ -86.885620038874194, 36.078494561361602 ], [ -86.886021931855396, 36.078148213369602 ], [ -86.8865100653327, 36.077794220010396 ], [ -86.888620447868703, 36.076601322762301 ], [ -86.890936522903601, 36.075280722625898 ], [ -86.892419083203706, 36.074309648113498 ], [ -86.893343136461297, 36.0735739605419 ], [ -86.894292203948297, 36.072760992302101 ], [ -86.895409350854493, 36.071726195628599 ], [ -86.896463553594998, 36.0707625179774 ], [ -86.897106322489606, 36.070111464881997 ], [ -86.897615422827101, 36.069497975286097 ], [ -86.898332915027297, 36.068536787187703 ], [ -86.898818654156003, 36.067841566217197 ], [ -86.899547432764805, 36.0668711861275 ], [ -86.900164946838004, 36.065974603987797 ], [ -86.900739485110606, 36.0652057396698 ], [ -86.901380935347404, 36.064445472045598 ], [ -86.902146688475298, 36.063757070601902 ], [ -86.9028470496783, 36.063233125882 ], [ -86.904072358765404, 36.062568568723599 ], [ -86.904654097728795, 36.062320257046501 ], [ -86.904190232134596, 36.0615539768066 ], [ -86.903934132286693, 36.061125106202198 ], [ -86.903820340528, 36.060937091189899 ], [ -86.9036780352031, 36.060696235010099 ], [ -86.903593580978395, 36.060558994270899 ], [ -86.903373540344205, 36.0601392955055 ], [ -86.903126665133101, 36.059702627535202 ], [ -86.9028021058881, 36.058979632646398 ], [ -86.9026871165578, 36.058685687461796 ], [ -86.902489586677405, 36.058278059339898 ], [ -86.902184177772995, 36.057858088611702 ], [ -86.901920254996497, 36.057557702645497 ], [ -86.901676337851896, 36.0572409237407 ], [ -86.901503376434306, 36.056905376933202 ], [ -86.901337654767005, 36.056497831699403 ], [ -86.9011954669066, 36.056034511927798 ], [ -86.901119530774693, 36.055730944136997 ], [ -86.901003509974601, 36.055444026247002 ], [ -86.900819102927997, 36.055164159967902 ], [ -86.900488538229098, 36.054780736307798 ], [ -86.900216061629393, 36.054547311111897 ], [ -86.899960543556006, 36.054388974146903 ], [ -86.899660730897807, 36.054230967300398 ], [ -86.899296561574204, 36.054079982809903 ], [ -86.8986819439111, 36.053862187811198 ], [ -86.899168092891799, 36.053403990528999 ], [ -86.899698790892202, 36.052895688886501 ], [ -86.900293755960107, 36.052309118301899 ], [ -86.901039241791494, 36.051579715170703 ], [ -86.902978953908899, 36.049706094216504 ], [ -86.913371706751505, 36.050962358210398 ], [ -86.923535879429807, 36.052267246686 ], [ -86.9286595932208, 36.0529244580515 ], [ -86.933656940416597, 36.049873381441202 ], [ -86.9369513671909, 36.047743978941199 ], [ -86.943732194396006, 36.043672434731903 ], [ -86.946221819979598, 36.042177150465299 ], [ -86.953670831656396, 36.037703157786702 ], [ -86.953807097981098, 36.037572445508403 ], [ -86.954357479125093, 36.037105355273098 ], [ -86.954925320979399, 36.036614085999403 ], [ -86.956019130600197, 36.035877917985502 ], [ -86.959276162967498, 36.033794888272901 ], [ -86.963516002949206, 36.031051278416399 ], [ -86.963872565417404, 36.030820923014502 ], [ -86.964895243196196, 36.0301589008211 ], [ -86.970744921627201, 36.026373466920603 ], [ -86.972127463051393, 36.025487674028199 ], [ -86.973940525555307, 36.024411574356101 ], [ -86.979909102639098, 36.020635711289501 ], [ -86.981036545858103, 36.019921014063399 ], [ -86.984007314967997, 36.0180379439783 ], [ -86.984104617742901, 36.017976195070801 ], [ -86.988477239596193, 36.015203126146503 ], [ -86.989827309726095, 36.014354650471802 ], [ -86.991960829479595, 36.012984432787398 ], [ -86.9940720461083, 36.011627924813503 ], [ -86.998542885946605, 36.008788251722898 ], [ -86.999611284160807, 36.008110094662001 ], [ -87.004135425539999, 36.005238516296501 ], [ -87.004470846271801, 36.005025727400302 ], [ -87.007302880652006, 36.003220833925603 ], [ -87.010596517575607, 36.001135043254699 ], [ -87.014197264464499, 35.998854267134902 ], [ -87.016074325307699, 35.997652665380699 ], [ -87.016426007922107, 35.9974276858972 ], [ -87.019706784365496, 35.995331789196698 ], [ -87.024256919685101, 35.9924250457588 ], [ -87.024790036567595, 35.992084315221803 ], [ -87.028544905971003, 35.9898577623675 ], [ -87.034362992076396, 35.9896892805953 ], [ -87.039498347833799, 35.989563672678202 ], [ -87.040293556821396, 35.9919513839478 ], [ -87.041004484100995, 35.994837586097397 ], [ -87.041645322264102, 35.9974342102389 ], [ -87.042192961551606, 35.999655777889998 ], [ -87.0429955837958, 36.0029170294805 ], [ -87.043689911799106, 36.005747207430602 ], [ -87.044339692435798, 36.008399881981902 ], [ -87.044701915104397, 36.009880254685001 ], [ -87.044773366081699, 36.010171358283102 ], [ -87.045685254351099, 36.013882701861903 ], [ -87.046316194150407, 36.0165068513313 ], [ -87.047009023293697, 36.019365691071101 ], [ -87.047192738109302, 36.020123363259501 ], [ -87.048340160621507, 36.0248485964878 ], [ -87.049780966743597, 36.030330526518 ], [ -87.049824176973402, 36.0304972163255 ], [ -87.051223239848099, 36.035812421437903 ], [ -87.052055198173704, 36.039094112726097 ], [ -87.052618360439496, 36.041294705875401 ], [ -87.052741465077105, 36.041778173175899 ], [ -87.054018747215594, 36.0467769228664 ], [ -87.054381398566505, 36.0481990461045 ], [ -87.054850586075105, 36.050000382774499 ], [ -87.054681193231602, 36.049982119673103 ], [ -87.0543858982752, 36.049972512810101 ], [ -87.054238462987101, 36.049951824854404 ], [ -87.054093857046496, 36.0498893884861 ], [ -87.053996285903693, 36.049866031954899 ], [ -87.053863227007994, 36.049845217806201 ], [ -87.053713955103603, 36.049813556371198 ], [ -87.053376193097506, 36.0497265375338 ], [ -87.053168280473201, 36.049673410178201 ], [ -87.052453780278597, 36.049557572339999 ], [ -87.052157630271296, 36.049483236009799 ], [ -87.051845429409795, 36.049410240961699 ], [ -87.051673122165894, 36.049363324923398 ], [ -87.051519303513601, 36.049307490540301 ], [ -87.051357306078998, 36.049240738415101 ], [ -87.051212967556495, 36.049166277168602 ], [ -87.051087624523902, 36.049089246252997 ], [ -87.051010733189202, 36.049030679828803 ], [ -87.050938447601496, 36.048968639159298 ], [ -87.050854805552603, 36.048879225224901 ], [ -87.050773818653099, 36.0487987165627 ], [ -87.050703852486095, 36.048720172178101 ], [ -87.050651265202006, 36.048644738568903 ], [ -87.050601581016494, 36.048564987088 ], [ -87.050545687681506, 36.048431375419099 ], [ -87.050393129601403, 36.048054790062203 ], [ -87.050253365290502, 36.047814252361398 ], [ -87.050006102290695, 36.047342682317201 ], [ -87.049906476121294, 36.047163435339698 ], [ -87.049843247757195, 36.047082599622499 ], [ -87.0497772639375, 36.047017241021102 ], [ -87.049687093828695, 36.0469455683996 ], [ -87.049523587193306, 36.046860111497601 ], [ -87.049095884766601, 36.046749482398297 ], [ -87.0489618403886, 36.046749619056001 ], [ -87.048479267617495, 36.046774766252803 ], [ -87.047948037907801, 36.046829867324199 ], [ -87.047727307192702, 36.046926222491798 ], [ -87.047222845377306, 36.047151587279998 ], [ -87.047043959896897, 36.047214610829997 ], [ -87.046926429401196, 36.047248598642298 ], [ -87.046737502202006, 36.047287670752603 ], [ -87.0462944911866, 36.0473310092896 ], [ -87.046106556225197, 36.047349124203201 ], [ -87.045967115934701, 36.047357030930598 ], [ -87.0458331270071, 36.047361456156302 ], [ -87.045731593046796, 36.047357873035502 ], [ -87.045626082108697, 36.047341275020599 ], [ -87.045497070310304, 36.047306165336003 ], [ -87.045271689444903, 36.047242187078901 ], [ -87.044949372711301, 36.047138355728698 ], [ -87.044821180830496, 36.047069069611503 ], [ -87.044743493324901, 36.047013768450199 ], [ -87.0446394796151, 36.046918002192299 ], [ -87.044518972386399, 36.046725539142699 ], [ -87.044448754762598, 36.046627247661498 ], [ -87.044366476940596, 36.046222573402702 ], [ -87.044351097198501, 36.0460819114166 ], [ -87.044341534333398, 36.045965580635503 ], [ -87.044345006274995, 36.045843642437802 ], [ -87.044358580401095, 36.045718182655399 ], [ -87.044341669726407, 36.045589724732203 ], [ -87.044291041821594, 36.045437520777497 ], [ -87.044264050752204, 36.045346409435702 ], [ -87.044241391530704, 36.045263158821697 ], [ -87.044219407522107, 36.045134744833398 ], [ -87.044205718456695, 36.045026176345402 ], [ -87.044186809209194, 36.044906492483001 ], [ -87.044137766201899, 36.044778312937197 ], [ -87.044059834242105, 36.044607629968397 ], [ -87.044010994591702, 36.044494901748799 ], [ -87.043953624709005, 36.0443765812539 ], [ -87.043901268811794, 36.044285861255403 ], [ -87.043866405539404, 36.0442070088177 ], [ -87.043840773956205, 36.044122753651401 ], [ -87.043823553248799, 36.044034991589598 ], [ -87.0438031407745, 36.043929571903199 ], [ -87.0437896959927, 36.0438395450049 ], [ -87.043774263620605, 36.043694762497203 ], [ -87.043728310089705, 36.0435763429942 ], [ -87.043628123017896, 36.043481744604101 ], [ -87.043496074448299, 36.043408026238303 ], [ -87.043326209214896, 36.043352492127397 ], [ -87.043226755280799, 36.043313690092198 ], [ -87.043125947444807, 36.043268375033101 ], [ -87.042971024657504, 36.043223699979698 ], [ -87.042803871943093, 36.043149254478699 ], [ -87.042632376773, 36.043066089536303 ], [ -87.042483584282294, 36.042972940954797 ], [ -87.0423607534361, 36.0428926169457 ], [ -87.0422527362268, 36.042813366597102 ], [ -87.042132170212795, 36.042712246867701 ], [ -87.042034641780504, 36.042594444444298 ], [ -87.041959105691703, 36.042509246793799 ], [ -87.041891476693294, 36.042414365435903 ], [ -87.041858307383194, 36.042335497761002 ], [ -87.041820386219797, 36.042248944584998 ], [ -87.041769289014994, 36.042157182556501 ], [ -87.041697041165705, 36.042032464928099 ], [ -87.041634906837899, 36.041937364220097 ], [ -87.041177923979006, 36.042267718472402 ], [ -87.0408934390626, 36.046891008318703 ], [ -87.0406178221902, 36.0523878316449 ], [ -87.040599385787203, 36.052756118263503 ], [ -87.040348510233798, 36.057884592534499 ], [ -87.040109130469304, 36.060888849549897 ], [ -87.039907886942203, 36.063382823514203 ], [ -87.039727387176995, 36.065620610922501 ], [ -87.039465510957001, 36.068881060311398 ], [ -87.039013713780193, 36.0798737752093 ], [ -87.038909738731505, 36.081465815587201 ], [ -87.038864605021203, 36.082155236602198 ], [ -87.0386774159997, 36.082107399835898 ], [ -87.038359483649501, 36.082025490400497 ], [ -87.038193647071196, 36.0819929219819 ], [ -87.037938750017204, 36.081943435007503 ], [ -87.037663599574302, 36.081930350510703 ], [ -87.037522842206101, 36.081939288409004 ], [ -87.037182136799302, 36.081959905036101 ], [ -87.036933405562294, 36.081993809077098 ], [ -87.0367579402118, 36.082033778883698 ], [ -87.036515039073507, 36.0820930435139 ], [ -87.036302011492793, 36.082139860178899 ], [ -87.035979706876404, 36.082241529296702 ], [ -87.035733105019901, 36.082341517018698 ], [ -87.035572476809193, 36.082578640816799 ], [ -87.035469463591895, 36.082627258173801 ], [ -87.0354059773085, 36.082722410059603 ], [ -87.035347125794104, 36.082881051066302 ], [ -87.035331745205696, 36.082966861390297 ], [ -87.035267422575799, 36.083322489082498 ], [ -87.035306827994503, 36.083651814443698 ], [ -87.035360366878194, 36.084221569870301 ], [ -87.035451912388993, 36.0850131783466 ], [ -87.035512808330594, 36.085205989318197 ], [ -87.035523775208603, 36.085398198892399 ], [ -87.035533352260799, 36.085548697347399 ], [ -87.035531935217804, 36.085861889905999 ], [ -87.035517281402804, 36.086198203893602 ], [ -87.035515040585494, 36.086545571724798 ], [ -87.035624809334806, 36.0865928765474 ], [ -87.038544821934593, 36.086979839350199 ], [ -87.038357037606303, 36.090868222626199 ], [ -87.038346588270997, 36.091104571267699 ], [ -87.038303223849098, 36.091930132882602 ], [ -87.038219283170406, 36.093568182371797 ], [ -87.038173372014597, 36.094425701443598 ], [ -87.037990053182497, 36.094579061943001 ], [ -87.037308312678903, 36.095154112149899 ], [ -87.036105952272607, 36.096169920910803 ], [ -87.035887026940699, 36.096383850482802 ], [ -87.035754172730705, 36.096514109593201 ], [ -87.0294246819861, 36.101933563331499 ], [ -87.025709111260099, 36.105022836420403 ], [ -87.022747327774795, 36.107484738071399 ], [ -87.016069463208197, 36.113035531789698 ], [ -87.015649061399301, 36.1133874484103 ], [ -87.009333957005694, 36.118586422512998 ], [ -87.005607666230603, 36.121653677740099 ], [ -87.002590314255897, 36.124136989060602 ], [ -87.002437766544602, 36.124291067647498 ], [ -87.001763359868406, 36.124850394598397 ], [ -86.999745999501101, 36.1265276165242 ], [ -86.998251305876494, 36.127766256916701 ], [ -86.9979378399034, 36.128017124728203 ], [ -86.997884734794297, 36.128338466211602 ], [ -86.997696020301007, 36.129489540045398 ], [ -86.997665720975306, 36.129672133049802 ], [ -86.997456710216198, 36.130926563887797 ], [ -86.997145725941905, 36.132791704760102 ], [ -86.996937030768805, 36.134072572280502 ], [ -86.996752745345205, 36.135173985698401 ], [ -86.996478266765806, 36.136813554656698 ], [ -86.996100210502505, 36.139072600827298 ], [ -86.995831176908595, 36.140675893480399 ], [ -86.995687417646494, 36.141534189610098 ], [ -86.995046643552698, 36.146176655292898 ], [ -86.994690383459599, 36.148458690079899 ], [ -86.994181984249906, 36.151678063343603 ], [ -86.993323979489801, 36.157179401450797 ], [ -86.992821067635703, 36.160203154030597 ], [ -86.9924137738561, 36.162681153700397 ], [ -86.992132409386201, 36.164394413381501 ], [ -86.991563573278697, 36.168182397009801 ], [ -86.991373639386197, 36.169454159161297 ], [ -86.991308862348305, 36.169896463135501 ], [ -86.991196362300002, 36.170451275921202 ], [ -86.990570115522303, 36.173684800955897 ], [ -86.990523926903407, 36.173920402237897 ], [ -86.989966477422598, 36.176799492890602 ], [ -86.989823594708, 36.177534660306897 ], [ -86.989783056652001, 36.177748237745199 ], [ -86.989691570298007, 36.178223724142399 ], [ -86.989504098320793, 36.1791877822033 ], [ -86.989472272222301, 36.179352870083598 ], [ -86.989046758555006, 36.181540829266702 ], [ -86.9889043935882, 36.182284918385001 ], [ -86.988437509691096, 36.1846907492573 ], [ -86.988086861816299, 36.186500188988802 ], [ -86.987370773091598, 36.190193698589603 ], [ -86.986790140950504, 36.193202750201202 ], [ -86.986310242592793, 36.195696578241098 ], [ -86.986217094991005, 36.196178082179799 ], [ -86.9861661577212, 36.196442735189599 ], [ -86.985478986415899, 36.200057006647697 ], [ -86.985260579486393, 36.201199350302502 ], [ -86.984974909157302, 36.202691638346899 ], [ -86.984944281840299, 36.202852421690302 ], [ -86.984307163222496, 36.206138679798102 ], [ -86.984196366102196, 36.206702222190899 ], [ -86.983784270879298, 36.208799895534099 ], [ -86.983649476414598, 36.209513177262799 ], [ -86.982795172252594, 36.209373092556703 ], [ -86.980112434578402, 36.208979002335703 ], [ -86.977127768868797, 36.208654636486997 ], [ -86.973804551566801, 36.208392237287697 ], [ -86.971552725479498, 36.208342959243502 ], [ -86.969972219586893, 36.208333912331902 ], [ -86.968709761000298, 36.2083266731442 ], [ -86.967010510891896, 36.208241616914599 ], [ -86.965558468459193, 36.208099224927501 ], [ -86.963775910193107, 36.207795615225301 ], [ -86.960794893149199, 36.206943921424099 ], [ -86.959881326669006, 36.206710551008598 ], [ -86.956867719196097, 36.206021960914001 ], [ -86.955877453342893, 36.2057965005027 ], [ -86.954956600031295, 36.205638281199001 ], [ -86.953985243922702, 36.205496615916203 ], [ -86.951972428329697, 36.2053113934629 ], [ -86.951150541259693, 36.2051900733114 ], [ -86.950438682969903, 36.204966234837897 ], [ -86.949270364602398, 36.204384457959399 ], [ -86.948444721676296, 36.203906307040697 ], [ -86.947587890875795, 36.203345623226099 ], [ -86.946851461242105, 36.202816411780198 ], [ -86.945283127304194, 36.201296685636301 ], [ -86.944009872697094, 36.200196140996802 ], [ -86.943433983141105, 36.199706182134001 ], [ -86.942544029043205, 36.198842170287698 ], [ -86.942106352515495, 36.198233168341901 ], [ -86.941787885800693, 36.197522334380899 ], [ -86.941549038183098, 36.196778456102102 ], [ -86.941438284453795, 36.196185719270098 ], [ -86.941352112750295, 36.195353351846201 ], [ -86.941240770493195, 36.194397723810901 ], [ -86.941196442031796, 36.193190289613099 ], [ -86.941266993785703, 36.191657676440897 ], [ -86.941460156079103, 36.190132306579798 ], [ -86.941667143471506, 36.189036393609797 ], [ -86.941846389583802, 36.187737523325403 ], [ -86.941955837001501, 36.1872427344546 ], [ -86.942088580480601, 36.186690346979802 ], [ -86.942218567417399, 36.186280752056703 ], [ -86.942397411678897, 36.185717205868499 ], [ -86.942442460925307, 36.1852773023328 ], [ -86.942437328300102, 36.183161695426001 ], [ -86.942209631243003, 36.1799859481374 ], [ -86.942040911245201, 36.179249624190298 ], [ -86.941954387327797, 36.178699095306698 ], [ -86.941885743386294, 36.177970098492999 ], [ -86.941751137884594, 36.175053008386797 ], [ -86.941713353768094, 36.174396721739001 ], [ -86.941669991202204, 36.173270333888098 ], [ -86.941620194451602, 36.172443913757199 ], [ -86.941639185986105, 36.1673045904368 ], [ -86.941657438184393, 36.166315519510697 ], [ -86.941607357420907, 36.165464783543101 ], [ -86.941364311224206, 36.1637151537604 ], [ -86.940919575190307, 36.161417161608902 ], [ -86.940331217714004, 36.159006165899903 ], [ -86.940265006417604, 36.158479793662003 ], [ -86.940238774110895, 36.157953109846098 ], [ -86.940190355246799, 36.156397138639598 ], [ -86.940101852890606, 36.155676395440402 ], [ -86.940015368122204, 36.155125861680801 ], [ -86.939827403612497, 36.154446421989398 ], [ -86.939529794044304, 36.1537921545129 ], [ -86.939315596902901, 36.153429052298499 ], [ -86.9390401453538, 36.153112339928697 ], [ -86.937288428242596, 36.151527213559497 ], [ -86.933478892399606, 36.148127484599399 ], [ -86.933101261197393, 36.1477057984346 ], [ -86.9323309908889, 36.146795774186003 ], [ -86.931114375823597, 36.145321771342701 ], [ -86.929287213127793, 36.142912161970898 ], [ -86.928749050194099, 36.142186764874801 ], [ -86.928101506477006, 36.141495833872803 ], [ -86.927050463275506, 36.140505672051702 ], [ -86.926720450766894, 36.140216963637499 ], [ -86.925428131715506, 36.139358966661597 ], [ -86.924080263622798, 36.138607333505497 ], [ -86.923146818439207, 36.1382578150195 ], [ -86.920733576322306, 36.137667917857101 ], [ -86.919339570478201, 36.137411435721802 ], [ -86.918028144623804, 36.137210666529 ], [ -86.913393703268397, 36.136548723652901 ], [ -86.911550953428602, 36.136197890217701 ], [ -86.910238728069501, 36.135924088107799 ], [ -86.909387079066306, 36.135727859553 ], [ -86.908436254724407, 36.135597222315297 ], [ -86.907176605550802, 36.135549958690198 ], [ -86.905798346167401, 36.135617056264003 ], [ -86.904596538757204, 36.135732247414801 ], [ -86.901023675862902, 36.1364045576994 ], [ -86.899015968271698, 36.137015489064197 ], [ -86.898219614004702, 36.137421298540097 ], [ -86.897664034421197, 36.137856044902797 ], [ -86.896688456834298, 36.138595157864202 ], [ -86.895806902652495, 36.139290716387301 ], [ -86.893581844481403, 36.141374242689402 ], [ -86.892713324717207, 36.1423452834388 ], [ -86.891954526522696, 36.143299293910502 ], [ -86.891838741120495, 36.143229171157799 ], [ -86.8917085462095, 36.143171757185101 ], [ -86.891469188474204, 36.143044754792101 ], [ -86.891313672631597, 36.142956794104002 ], [ -86.891136366920804, 36.142851137890901 ], [ -86.890935391919001, 36.142748918395597 ], [ -86.890866931095005, 36.142684523254601 ], [ -86.890769035379805, 36.142600257092703 ], [ -86.890665010038006, 36.142573382165303 ], [ -86.890525750391902, 36.142538010769798 ], [ -86.890408748439896, 36.142524280202402 ], [ -86.890220062061204, 36.142536145879099 ], [ -86.890093628005502, 36.142587385231799 ], [ -86.889985706632999, 36.142628357906297 ], [ -86.889819669927107, 36.142659114006797 ], [ -86.889705808233899, 36.142623382666002 ], [ -86.889593010755306, 36.142569272029 ], [ -86.889446558994607, 36.142496522953401 ], [ -86.889362661719503, 36.142414556193202 ], [ -86.889256203123693, 36.142359368349503 ], [ -86.889122499905994, 36.142290817292498 ], [ -86.888930052739298, 36.142231455328798 ], [ -86.888884819575395, 36.142123964239403 ], [ -86.888823489085496, 36.141977788688102 ], [ -86.888575591702207, 36.141616651758902 ], [ -86.888437490528005, 36.141495422022203 ], [ -86.888306260891596, 36.141382897972399 ], [ -86.888125869582296, 36.141227811954501 ], [ -86.887963371412795, 36.141007006555299 ], [ -86.887901986097603, 36.140931397494498 ], [ -86.887780904234404, 36.140741878901203 ], [ -86.887727139006799, 36.1406662136798 ], [ -86.887544728049306, 36.140443837261799 ], [ -86.887611708009501, 36.140376211841598 ], [ -86.887557971179703, 36.140189459755099 ], [ -86.887516725598303, 36.139958982362501 ], [ -86.887902957562204, 36.1396556974859 ], [ -86.891612403020801, 36.1368738388853 ], [ -86.892393377763298, 36.136302501147 ], [ -86.893226064098897, 36.135700385299202 ], [ -86.894434468248306, 36.134813772577402 ], [ -86.895049925132, 36.134366619047498 ], [ -86.8955233101983, 36.133999025174198 ], [ -86.8961096668381, 36.133473571519097 ], [ -86.896925261951594, 36.132681150660503 ], [ -86.898035089884502, 36.131513092030097 ], [ -86.899079675061998, 36.130305675493901 ], [ -86.899547184876297, 36.129762036306097 ], [ -86.900212501880205, 36.129081108082303 ], [ -86.900627266183506, 36.1286279982004 ], [ -86.901307839359404, 36.127838438058198 ], [ -86.901848935613202, 36.127329991179501 ], [ -86.902406875462404, 36.126924183642103 ], [ -86.903501866664598, 36.126326212664601 ], [ -86.903796167542893, 36.126188368430398 ], [ -86.9044813763348, 36.1258103095617 ], [ -86.905014362993498, 36.125557868290798 ], [ -86.906081168691301, 36.125052628915398 ], [ -86.906841830528094, 36.124612007394198 ], [ -86.907235452262796, 36.124425333075301 ], [ -86.907771593951097, 36.124117226196503 ], [ -86.908455117853407, 36.123595104071001 ], [ -86.908818195923104, 36.123292244639401 ], [ -86.909273546450194, 36.122915889469397 ], [ -86.9097900779133, 36.122338530147601 ], [ -86.909952758123893, 36.122166980610103 ], [ -86.910523892241798, 36.121627665961597 ], [ -86.910797818911405, 36.121339723987397 ], [ -86.910566913894399, 36.1205811969918 ], [ -86.910727877743298, 36.118968956899003 ], [ -86.910857902263004, 36.117611746751898 ], [ -86.910997364917307, 36.116081566503098 ], [ -86.911059220656497, 36.115607732551602 ], [ -86.9111952973971, 36.1147420418162 ], [ -86.911310399449405, 36.114040307564302 ], [ -86.911486626776195, 36.112764816711298 ], [ -86.911641881387396, 36.111616710791601 ], [ -86.911757079435503, 36.110924074687901 ], [ -86.911880984016506, 36.109994774624901 ], [ -86.911973651405404, 36.109256808744199 ], [ -86.912043571752804, 36.108528114586797 ], [ -86.912094622679007, 36.108072560667701 ], [ -86.912277956255707, 36.1064601438122 ], [ -86.912575901211994, 36.106021093112197 ], [ -86.913061738269107, 36.105362049192799 ], [ -86.913951018530497, 36.104681746473702 ], [ -86.915600295610304, 36.104624285952099 ], [ -86.915865499114602, 36.102671710458502 ], [ -86.915313424855697, 36.102617529560597 ], [ -86.912522959182994, 36.102407961957098 ], [ -86.911074668075301, 36.102273313291803 ], [ -86.910781996343104, 36.102175424736402 ], [ -86.910702045606996, 36.1020668293027 ], [ -86.911013695373498, 36.101864105089298 ], [ -86.911158415423102, 36.1017538124878 ], [ -86.911872455852404, 36.101439017477297 ], [ -86.912042296139006, 36.101305526445302 ], [ -86.912369380928595, 36.100752591762003 ], [ -86.912463620594494, 36.100668433994699 ], [ -86.9126791411054, 36.100386250157399 ], [ -86.913556217093301, 36.099605942093802 ], [ -86.914333475621504, 36.098718970539601 ], [ -86.914284063754394, 36.098508089056502 ], [ -86.913940789254198, 36.097946322780601 ], [ -86.914005233079706, 36.097700135734101 ], [ -86.914258112075601, 36.097393112901599 ], [ -86.914613814318102, 36.096976453646 ], [ -86.914997274850705, 36.096729219484402 ], [ -86.915394757059502, 36.096597429856097 ], [ -86.916322174366101, 36.096299015839399 ], [ -86.916679370569, 36.096159801678503 ], [ -86.917278279046201, 36.095590878385103 ], [ -86.917941505471802, 36.094730263697997 ], [ -86.917419157808496, 36.094197341380898 ], [ -86.917201098781703, 36.093743830543701 ], [ -86.917042250341396, 36.093581239431501 ], [ -86.916816132394004, 36.093455559442297 ], [ -86.9165350137975, 36.093366696946099 ], [ -86.916243732668207, 36.093387110543901 ], [ -86.915584053310795, 36.0935650206006 ], [ -86.914531059511205, 36.094125533451802 ], [ -86.914323364714704, 36.094129855651403 ], [ -86.9135886601035, 36.093634755048697 ], [ -86.913272443810996, 36.0934369513974 ], [ -86.912022034619099, 36.092982145929902 ], [ -86.910745320293699, 36.0931100951736 ], [ -86.9094688683317, 36.092300561739997 ], [ -86.909069428816494, 36.092149389680301 ], [ -86.908691242654598, 36.091969726083597 ], [ -86.908323331790797, 36.091171530172801 ], [ -86.907834751590997, 36.090920067486202 ], [ -86.907228379320898, 36.090579004667298 ], [ -86.906824719346901, 36.090316425388302 ], [ -86.906617696877603, 36.090119328354703 ], [ -86.905598768697601, 36.0892532176426 ], [ -86.905021631667097, 36.088802552947499 ], [ -86.903074429608097, 36.088189083908802 ], [ -86.902278324975399, 36.087193876595002 ], [ -86.902492651562, 36.085317164779802 ], [ -86.9016785478088, 36.085714726056999 ], [ -86.900894550767305, 36.085820686252497 ], [ -86.899707821063501, 36.085966047109402 ], [ -86.898387273703705, 36.0862124929942 ], [ -86.897951923918896, 36.085387467887699 ], [ -86.897566759448395, 36.085071837157201 ], [ -86.897263271995499, 36.084983096455801 ], [ -86.896493068522105, 36.084324356850402 ], [ -86.895911896223097, 36.084483376208297 ], [ -86.894750249010698, 36.084901500843401 ], [ -86.893657239491404, 36.084460366831003 ], [ -86.893129048854107, 36.084294723807403 ], [ -86.892664366505699, 36.084157233672499 ], [ -86.892142134661796, 36.084051693535798 ], [ -86.8895598163476, 36.0834997154844 ], [ -86.889072002483999, 36.083360548497403 ], [ -86.888066478629696, 36.082945938609598 ], [ -86.8875386344086, 36.082761370488797 ], [ -86.887146333494897, 36.0826511275474 ], [ -86.886819387185895, 36.082603207230299 ], [ -86.886471161330505, 36.082559753240297 ], [ -86.8855183280413, 36.082584955273198 ], [ -86.8854405803948, 36.080619591504501 ], [ -86.885417190564993, 36.079545795898902 ], [ -86.885422727386896, 36.079017785554399 ], [ -86.885245055653797, 36.078931817624003 ] ] ] } },
{ "type": "Feature", "properties": { "OBJECTID": 8, "CommunityNumber": 9, "CommunityName": "Downtown", "GlobalID": "1c5370e3-69e2-4f7d-8294-a0e087d42401" }, "geometry": { "type": "Polygon", "coordinates": [ [ [ -86.780303754096295, 36.176032035033799 ], [ -86.777154212303103, 36.176773018524997 ], [ -86.7758283736338, 36.176944974608297 ], [ -86.774145652996097, 36.176859115635899 ], [ -86.772547248721693, 36.176776127465502 ], [ -86.772192336824105, 36.176229029089498 ], [ -86.771595854412993, 36.175326268649897 ], [ -86.771016302201502, 36.174612472900002 ], [ -86.770082199249302, 36.173542273037 ], [ -86.769581419095701, 36.173044962959601 ], [ -86.769441331278301, 36.172900691918002 ], [ -86.768629773197802, 36.172062563588398 ], [ -86.767795857221799, 36.1711617396573 ], [ -86.767414936886098, 36.170624757198397 ], [ -86.766832288536307, 36.169838456325301 ], [ -86.765683414527103, 36.167974879762497 ], [ -86.7651308319885, 36.167051639658503 ], [ -86.764651454937294, 36.166212254421502 ], [ -86.763982487559403, 36.165302746586299 ], [ -86.763359625247503, 36.1646061846915 ], [ -86.762877719730497, 36.164144605885497 ], [ -86.762113273170499, 36.163410340550399 ], [ -86.761271826546206, 36.162656932787499 ], [ -86.760968711544294, 36.162268416787498 ], [ -86.760651076485502, 36.161690100153002 ], [ -86.760436176542697, 36.161005716427503 ], [ -86.760241164753495, 36.159656415163901 ], [ -86.760216350069101, 36.159014786335703 ], [ -86.760173161850801, 36.157898134497799 ], [ -86.760168410235096, 36.157188970333998 ], [ -86.760328433627507, 36.156522311447702 ], [ -86.760526305285197, 36.156093894270697 ], [ -86.760879466150101, 36.155654367860699 ], [ -86.761358532872805, 36.155098325436498 ], [ -86.761543538770496, 36.1549427517363 ], [ -86.762520568488299, 36.154145306968601 ], [ -86.763513853589998, 36.153611244091898 ], [ -86.764529554931201, 36.153119953979797 ], [ -86.765832219758295, 36.152530858248603 ], [ -86.768062049829197, 36.151714882206697 ], [ -86.768930212495604, 36.151340042578703 ], [ -86.769712153622905, 36.1510167049912 ], [ -86.770665727401095, 36.150621043562197 ], [ -86.771414898077794, 36.150325935767597 ], [ -86.772350927774994, 36.149957086094098 ], [ -86.773698941508201, 36.1494209417517 ], [ -86.774684211471197, 36.149077072410698 ], [ -86.775828281011002, 36.148780248035202 ], [ -86.776724486548005, 36.148682111844003 ], [ -86.776974662395801, 36.148650965481899 ], [ -86.777539182509798, 36.148595585585298 ], [ -86.778158380624603, 36.148539852736398 ], [ -86.778778088326604, 36.148535854777499 ], [ -86.779753941029199, 36.148603469963597 ], [ -86.781371162312894, 36.1488073225607 ], [ -86.783573071349593, 36.149521193842403 ], [ -86.785588547993598, 36.150730542714001 ], [ -86.786597778554096, 36.151867957679002 ], [ -86.7879773395277, 36.153839605326297 ], [ -86.788448085315693, 36.154612526831002 ], [ -86.788711780056403, 36.155056057843098 ], [ -86.789296214086903, 36.1558531099299 ], [ -86.790166011510095, 36.157031483792203 ], [ -86.791127483116597, 36.158205743146603 ], [ -86.792371125050096, 36.159604604840901 ], [ -86.793088335566594, 36.161023259191097 ], [ -86.7932126414278, 36.161269130033098 ], [ -86.793223342394, 36.162339733920099 ], [ -86.793528680331903, 36.163527555168798 ], [ -86.794572204234399, 36.165186277247599 ], [ -86.795019743603305, 36.165897055055098 ], [ -86.7954680670465, 36.166727495468301 ], [ -86.795913231341203, 36.167199804895603 ], [ -86.796805132004906, 36.168383747326203 ], [ -86.797402817489896, 36.169450472688403 ], [ -86.798001715533999, 36.1706361695204 ], [ -86.798625215620802, 36.171487244154903 ], [ -86.798219201170298, 36.1715837034914 ], [ -86.797067423340494, 36.171868556281801 ], [ -86.796754657772894, 36.1719459139184 ], [ -86.795665176084796, 36.172214024394897 ], [ -86.795149718992207, 36.172342186273397 ], [ -86.793277099470899, 36.1728011015094 ], [ -86.792068897054804, 36.173104986929097 ], [ -86.791433928977597, 36.173266982577303 ], [ -86.788546449218302, 36.173932016433803 ], [ -86.787542788320394, 36.174230918889599 ], [ -86.786134938218794, 36.174678622063503 ], [ -86.785400597926198, 36.174866121320697 ], [ -86.783497066229302, 36.175329200913602 ], [ -86.782252631141901, 36.175593078747397 ], [ -86.780303754096295, 36.176032035033799 ] ] ] } },
{ "type": "Feature", "properties": { "OBJECTID": 9, "CommunityNumber": 13, "CommunityName": "Antioch - Priest Lake", "GlobalID": "ad902707-e9a3-4146-bb8d-e45ce8e2bcc6" }, "geometry": { "type": "MultiPolygon", "coordinates": [ [ [ [ -86.644990880826398, 36.142368162818201 ], [ -86.645032998506295, 36.142185086282097 ], [ -86.645876959036201, 36.142264185294799 ], [ -86.646026249555206, 36.141125607233 ], [ -86.646073349801497, 36.140783885800403 ], [ -86.646274654529805, 36.139372830887098 ], [ -86.646583861433001, 36.137158927483199 ], [ -86.646819713811297, 36.135503756875003 ], [ -86.6454076142969, 36.135357826764199 ], [ -86.645465019564398, 36.134996259587403 ], [ -86.6455385680392, 36.134533529869401 ], [ -86.645724074293696, 36.133367761521001 ], [ -86.645742659286498, 36.133248299584601 ], [ -86.645959085901396, 36.131842202304398 ], [ -86.646167894715106, 36.1304698102511 ], [ -86.647433678826403, 36.130601888343499 ], [ -86.647771866826304, 36.130638069515499 ], [ -86.648656528871896, 36.130733996311299 ], [ -86.649137737173206, 36.130785754243497 ], [ -86.6494656506393, 36.130820724594599 ], [ -86.649541680619095, 36.130346264457998 ], [ -86.649572030410795, 36.130157255839499 ], [ -86.649785028538304, 36.128830124099402 ], [ -86.650063446791407, 36.127111874484697 ], [ -86.650367441634799, 36.125365499679397 ], [ -86.650809431701902, 36.122641449325897 ], [ -86.650956608922897, 36.121698407295199 ], [ -86.652928001800902, 36.121895500476001 ], [ -86.652948037816302, 36.121758553149903 ], [ -86.652929680100797, 36.121584899763903 ], [ -86.652963451573996, 36.1213168767298 ], [ -86.653013884045706, 36.120927365445603 ], [ -86.653122826562495, 36.120073674519197 ], [ -86.653155152086399, 36.119821427392303 ], [ -86.653170586631205, 36.119702827895402 ], [ -86.653197147206498, 36.119497197859197 ], [ -86.653352831829395, 36.118281991451198 ], [ -86.653409378161001, 36.117850393319301 ], [ -86.653409931497606, 36.117763342163798 ], [ -86.6530040038528, 36.117601917357199 ], [ -86.652228562004794, 36.117074380833301 ], [ -86.651762924549004, 36.116701577681297 ], [ -86.650739034032199, 36.115962646588798 ], [ -86.649972740318802, 36.115566562748498 ], [ -86.649778863813495, 36.115498154221001 ], [ -86.648417021708099, 36.115020842620901 ], [ -86.647883029334906, 36.1148381489567 ], [ -86.646958233679101, 36.114529950046297 ], [ -86.645578365203505, 36.113916507347 ], [ -86.644566858484794, 36.113506072827398 ], [ -86.643593479901, 36.113242399927401 ], [ -86.637535176299195, 36.112844484843897 ], [ -86.635200395088603, 36.112631199323303 ], [ -86.631102726187706, 36.112113595159997 ], [ -86.630665682697497, 36.112084124942299 ], [ -86.627584113697907, 36.111979203591297 ], [ -86.625467987358803, 36.112349596548803 ], [ -86.623703382649794, 36.112617887173101 ], [ -86.621141631232007, 36.112939659098799 ], [ -86.613603063770299, 36.114136910859301 ], [ -86.611630160417107, 36.114591076533202 ], [ -86.609430160652593, 36.115316731484498 ], [ -86.607148913156394, 36.116103007479801 ], [ -86.605158915865502, 36.116993470441201 ], [ -86.602006993423899, 36.118333427970597 ], [ -86.598955092219299, 36.119424522981099 ], [ -86.597040972019997, 36.1198878032381 ], [ -86.595442668767603, 36.120220416450898 ], [ -86.593779984829695, 36.120518068979202 ], [ -86.593067145870293, 36.120635380055901 ], [ -86.566706643178307, 36.122392191312997 ], [ -86.565287521657694, 36.122574419350698 ], [ -86.563972324770802, 36.122941585294598 ], [ -86.563242341262693, 36.123371060763802 ], [ -86.562252473312597, 36.124171497828002 ], [ -86.561285310966497, 36.125356230810198 ], [ -86.560674904324301, 36.126685118762303 ], [ -86.556870053428398, 36.134979663556997 ], [ -86.556767497458793, 36.134963311179 ], [ -86.5566662342966, 36.1349502148745 ], [ -86.556562740336702, 36.134920818148501 ], [ -86.556462589505998, 36.134885225044997 ], [ -86.5563383878537, 36.134860730978197 ], [ -86.556211716264798, 36.134846206238102 ], [ -86.556088854391803, 36.1348316638055 ], [ -86.555970599529601, 36.134810060694399 ], [ -86.555852349540004, 36.134789144208298 ], [ -86.555751041079603, 36.134769523094498 ], [ -86.555651811898798, 36.1347445699041 ], [ -86.555554660814195, 36.134714112956999 ], [ -86.555460435636505, 36.134678320045602 ], [ -86.555369138782794, 36.134637534547103 ], [ -86.5552803385646, 36.134590556619401 ], [ -86.555196161078797, 36.134538750010201 ], [ -86.555116606331893, 36.134482114729202 ], [ -86.555042102424295, 36.134421335579098 ], [ -86.554972649355904, 36.134356412568998 ], [ -86.554909519406607, 36.134287683237297 ], [ -86.554868348024797, 36.134211298487003 ], [ -86.554868616231701, 36.134128542271903 ], [ -86.554906600668701, 36.134051793456898 ], [ -86.554977723034099, 36.133992232971401 ], [ -86.554913264692104, 36.133915096895798 ], [ -86.554796257394102, 36.133890053081203 ], [ -86.554682914797795, 36.1339048245801 ], [ -86.554580250400605, 36.133933282154999 ], [ -86.554481023828103, 36.133969106547902 ], [ -86.554391993346798, 36.134010206421799 ], [ -86.554308940414501, 36.134058661471201 ], [ -86.554232285914694, 36.134114126393001 ], [ -86.554163718219499, 36.134175906680497 ], [ -86.554103657030097, 36.134243485347199 ], [ -86.554053821891003, 36.1343206317068 ], [ -86.554030286020307, 36.134405555053199 ], [ -86.554033857744201, 36.1344927575838 ], [ -86.554047997481007, 36.134577851291503 ], [ -86.554048602566994, 36.134664552369202 ], [ -86.554066554412799, 36.134749971946299 ], [ -86.554101415397099, 36.134832051735899 ], [ -86.554151898898795, 36.134908393962199 ], [ -86.554217143974398, 36.1349769422715 ], [ -86.554278184953205, 36.135049630438203 ], [ -86.554334586546801, 36.135124743560702 ], [ -86.554385502149998, 36.135202285535499 ], [ -86.554442415982507, 36.135290101369399 ], [ -86.554517485053296, 36.1353711377919 ], [ -86.554546542903495, 36.135470756573802 ], [ -86.554515812309205, 36.135555884750801 ], [ -86.554490167256603, 36.135641847998997 ], [ -86.554469610159501, 36.135728989692097 ], [ -86.554436744887497, 36.1358115522915 ], [ -86.554387754493405, 36.135888523181897 ], [ -86.554328995673899, 36.135960903282196 ], [ -86.554261309025094, 36.136027830262996 ], [ -86.554186795474607, 36.136087062479497 ], [ -86.554081847086096, 36.136152615290897 ], [ -86.553968359362301, 36.136207734083598 ], [ -86.553837327956003, 36.136235977858298 ], [ -86.553734812902107, 36.136225631890802 ], [ -86.553641433358706, 36.136189833687197 ], [ -86.5535537467089, 36.136120529598898 ], [ -86.553485967432096, 36.136052851029 ], [ -86.553422404543198, 36.135982749409301 ], [ -86.553353819579101, 36.135920911944702 ], [ -86.553273034340407, 36.135869946906098 ], [ -86.553182174898197, 36.135831218047201 ], [ -86.553048771368694, 36.135822730027598 ], [ -86.552948554031104, 36.135838298163101 ], [ -86.552853511930095, 36.135867577759498 ], [ -86.552766178859599, 36.135909698766099 ], [ -86.552695062679504, 36.135970631400397 ], [ -86.552630765850594, 36.136038228693998 ], [ -86.552568593794902, 36.136107018055299 ], [ -86.552508548904697, 36.136177342858097 ], [ -86.552451052097098, 36.136248857796701 ], [ -86.552395246015195, 36.1363200215836 ], [ -86.552339853582097, 36.1363898099236 ], [ -86.552287857050104, 36.1364609562171 ], [ -86.552239257620002, 36.136533632153501 ], [ -86.552193629603593, 36.136607496303803 ], [ -86.552150975395406, 36.136682892041897 ], [ -86.552077534315799, 36.136774910949299 ], [ -86.552003866243297, 36.136834309617399 ], [ -86.551926788919801, 36.136890461712099 ], [ -86.551845877846006, 36.136943197477997 ], [ -86.551761556332806, 36.136992514971503 ], [ -86.551674244114196, 36.137037897194602 ], [ -86.551564907812605, 36.137081663133799 ], [ -86.551466197049905, 36.1371315612705 ], [ -86.551363687111404, 36.137183021903098 ], [ -86.551259729473799, 36.137208907153401 ], [ -86.551160492540603, 36.137244042044202 ], [ -86.551066396018101, 36.137287909597703 ], [ -86.550995262999194, 36.137346780985702 ], [ -86.550918168975599, 36.1374007005208 ], [ -86.550822709283395, 36.137431182234998 ], [ -86.550727253090997, 36.137462178929098 ], [ -86.550632224898393, 36.137493860356301 ], [ -86.550537623512994, 36.137526054832399 ], [ -86.550443026812601, 36.137558935974901 ], [ -86.550348000771194, 36.137590960547897 ], [ -86.550252116129599, 36.137621272054801 ], [ -86.550156664245094, 36.1376529550367 ], [ -86.550062069614896, 36.137686179249897 ], [ -86.549967907733006, 36.137720774940597 ], [ -86.549876738686095, 36.137759649182797 ], [ -86.549781293619404, 36.137792361977802 ], [ -86.549681545207903, 36.137814964556 ], [ -86.549579184359601, 36.137827105823497 ], [ -86.549473432224104, 36.137838575686203 ], [ -86.549365087903894, 36.137842502871997 ], [ -86.549257497544204, 36.137833034660197 ], [ -86.549145034620494, 36.137792340838203 ], [ -86.549053284432105, 36.137747260389801 ], [ -86.548953157147196, 36.137715094783204 ], [ -86.548856725798601, 36.137666429981103 ], [ -86.548610768000103, 36.1375430729193 ], [ -86.548431013594396, 36.137504744680101 ], [ -86.548332169844798, 36.137474461320998 ], [ -86.548204956051407, 36.137443104955402 ], [ -86.548078994510306, 36.137409167407903 ], [ -86.547977293315199, 36.1373941772043 ], [ -86.547877254593104, 36.137374715409599 ], [ -86.547778455049496, 36.137350783949799 ], [ -86.547681320378899, 36.1373227242768 ], [ -86.5475858505947, 36.137290536394602 ], [ -86.547493314454996, 36.137254042858999 ], [ -86.5473791777749, 36.137215930347303 ], [ -86.547278590654201, 36.137178271338897 ], [ -86.547191005506093, 36.137123040835398 ], [ -86.547095115218397, 36.1370911978536 ], [ -86.546995469645793, 36.137067269589899 ], [ -86.546893763179597, 36.137051420045303 ], [ -86.5467904190985, 36.137043647296103 ], [ -86.546686709661998, 36.137044288954598 ], [ -86.546583481454604, 36.137053341184298 ], [ -86.546469900963103, 36.137095919886299 ], [ -86.546363591046799, 36.137149282064797 ], [ -86.546256909658894, 36.137210200217098 ], [ -86.546180239403199, 36.137264629865903 ], [ -86.546097018115006, 36.137351366950398 ], [ -86.546050536111295, 36.137425060908498 ], [ -86.546019327465899, 36.137503664754199 ], [ -86.545986008105004, 36.1375831365945 ], [ -86.545942513840899, 36.137660422487301 ], [ -86.545895200236103, 36.1377363521188 ], [ -86.545813532563798, 36.137864459393903 ], [ -86.545764201294006, 36.137954820104802 ], [ -86.545720275034796, 36.138030906028298 ], [ -86.545670838524202, 36.1381059867117 ], [ -86.545617143992601, 36.138177481126903 ], [ -86.545559197334995, 36.138246247694603 ], [ -86.5454961530953, 36.1383124619217 ], [ -86.545429280034497, 36.138375946374303 ], [ -86.545358152475401, 36.1384363595891 ], [ -86.545283191374295, 36.138493356275099 ], [ -86.545206112402894, 36.138550190792898 ], [ -86.545130756063202, 36.138611309740497 ], [ -86.545053698086505, 36.138671234493003 ], [ -86.544975786286301, 36.138730132908201 ], [ -86.544896597345698, 36.138788006896299 ], [ -86.544813583107199, 36.138843666127499 ], [ -86.544735271203194, 36.138906000000297 ], [ -86.544673545184494, 36.138979418830999 ], [ -86.544631351816903, 36.139061505675699 ], [ -86.544588858711293, 36.139161621359797 ], [ -86.544526330468898, 36.139241567969002 ], [ -86.544450622634102, 36.139313332872902 ], [ -86.544406696719093, 36.139389761661697 ], [ -86.544360649402094, 36.139465513241802 ], [ -86.544312904000293, 36.139540585701099 ], [ -86.5442638838325, 36.139614977128197 ], [ -86.544210609158796, 36.139686297294602 ], [ -86.544150532973802, 36.139753527539199 ], [ -86.5440840774164, 36.139816494257701 ], [ -86.544011241305299, 36.139875025754797 ], [ -86.543934996142298, 36.139930310456201 ], [ -86.5438587555781, 36.139986281849403 ], [ -86.543783365083897, 36.140042764433197 ], [ -86.5437088246602, 36.140099758209402 ], [ -86.543633450412102, 36.140158644290103 ], [ -86.543555530220402, 36.140216683339602 ], [ -86.543475055854103, 36.140272673557 ], [ -86.543392873966496, 36.140326611124102 ], [ -86.543308561234099, 36.140378497943701 ], [ -86.543222116484202, 36.140428162326401 ], [ -86.543131389019607, 36.140470634926402 ], [ -86.543037234908297, 36.140507285404901 ], [ -86.542940939413597, 36.140540339946 ], [ -86.542842501371894, 36.1405696268599 ], [ -86.542743190777898, 36.140595140428303 ], [ -86.542641738835101, 36.140617058046303 ], [ -86.542539842387399, 36.1406358871496 ], [ -86.542434471280004, 36.140641855006102 ], [ -86.542330651543097, 36.140627041256202 ], [ -86.542234318053801, 36.1405926210658 ], [ -86.542150562527993, 36.140540288477901 ], [ -86.542085335024098, 36.1404734505942 ], [ -86.542055995439298, 36.140392544526001 ], [ -86.542006805300602, 36.1403184235498 ], [ -86.541960441395005, 36.140224202076801 ], [ -86.541926044395197, 36.140146580807901 ], [ -86.541878926620498, 36.140065926231102 ], [ -86.541833546769894, 36.139991788067199 ], [ -86.541773401044907, 36.139925098877903 ], [ -86.541699773496006, 36.139867913162099 ], [ -86.541619413875395, 36.139816766787298 ], [ -86.541543251283201, 36.139760279116999 ], [ -86.541465407218197, 36.139705515848803 ], [ -86.5413854571851, 36.139652307193799 ], [ -86.541297491059396, 36.139603083329298 ], [ -86.541194273740103, 36.139552210905897 ], [ -86.541101557681799, 36.139489272966998 ], [ -86.541019023717894, 36.1394295514189 ], [ -86.540929341383503, 36.139376901171502 ], [ -86.540833784140602, 36.1393318315722 ], [ -86.540740674541894, 36.139273187380603 ], [ -86.5406437809214, 36.139218337263301 ], [ -86.540567144836999, 36.1391542967147 ], [ -86.540492628981696, 36.139090761690298 ], [ -86.540383912029, 36.139040256589702 ], [ -86.540295968235696, 36.138994122321499 ], [ -86.540219311618102, 36.1389269912138 ], [ -86.540148597943798, 36.138862237117998 ], [ -86.540090943004003, 36.138787981548397 ], [ -86.540059492990295, 36.138707599489699 ], [ -86.540034806772795, 36.138625813623399 ], [ -86.540016040034104, 36.138542971113402 ], [ -86.540010384462803, 36.138458353012602 ], [ -86.540016142082393, 36.1383712801602 ], [ -86.540016396588797, 36.138284231936503 ], [ -86.540010724685203, 36.1381972102361 ], [ -86.540004599114894, 36.138105726610597 ], [ -86.539993856811705, 36.138020101123097 ], [ -86.539985198400302, 36.1379296589718 ], [ -86.539996902245605, 36.137845478234397 ], [ -86.540010299316506, 36.137761289915403 ], [ -86.540025816423693, 36.137677607175497 ], [ -86.540043451224903, 36.137594086643297 ], [ -86.540067857801702, 36.137510364103903 ], [ -86.540084207404504, 36.137424617337501 ], [ -86.540087427341902, 36.137337899198499 ], [ -86.540077527001003, 36.137251583170197 ], [ -86.540065947459695, 36.137167334942603 ], [ -86.540067503370395, 36.137084916510901 ], [ -86.540059324348405, 36.137002713344003 ], [ -86.540041838403596, 36.136921410286803 ], [ -86.5400150514035, 36.136841865761703 ], [ -86.539978968045403, 36.1367647665042 ], [ -86.539934016330804, 36.136690797352998 ], [ -86.539881046394996, 36.136620469565997 ], [ -86.539830591873198, 36.136546524998003 ], [ -86.539772109811196, 36.136474848299898 ], [ -86.539700982383593, 36.136411125906498 ], [ -86.539618915657002, 36.136357238761804 ], [ -86.539540240148199, 36.136304023157997 ], [ -86.539464931348107, 36.136247873709003 ], [ -86.539393413728703, 36.136188960213801 ], [ -86.539324840681203, 36.136127286463598 ], [ -86.539260061145498, 36.136063192049903 ], [ -86.539199073952204, 36.135996505293299 ], [ -86.539147786682406, 36.1359244527507 ], [ -86.539088484739096, 36.135856556571603 ], [ -86.5390220170693, 36.135793156332802 ], [ -86.538948810477507, 36.135734765188097 ], [ -86.538861223394505, 36.135678155134002 ], [ -86.538782917603797, 36.135616867922302 ], [ -86.538714667466806, 36.135540255295098 ], [ -86.538601548096295, 36.135401519249001 ], [ -86.538437709343398, 36.135586302889301 ], [ -86.536206889941397, 36.138099829436797 ], [ -86.535818683750804, 36.138536617720803 ], [ -86.534911547383203, 36.138105579282801 ], [ -86.533368408389293, 36.1373959466044 ], [ -86.5334148689481, 36.137569320276903 ], [ -86.533431120996894, 36.1376569822541 ], [ -86.533442718949203, 36.137745008185703 ], [ -86.533454699860897, 36.1378270232549 ], [ -86.533448480620805, 36.137909462173198 ], [ -86.533425313809602, 36.137989744042997 ], [ -86.533385183228106, 36.1380654652597 ], [ -86.533327245665205, 36.138137144605103 ], [ -86.533248106487605, 36.1382035952238 ], [ -86.533168488513695, 36.138261806763602 ], [ -86.533091824410107, 36.138318631674601 ], [ -86.533013030936104, 36.138373577347799 ], [ -86.532932106940194, 36.138426472093897 ], [ -86.532849052424595, 36.138477315908503 ], [ -86.529529947361198, 36.138129318542397 ], [ -86.528443354996199, 36.138015444511801 ], [ -86.528417899194196, 36.138134194070702 ], [ -86.528298819186205, 36.1386879019677 ], [ -86.527849595764806, 36.140778309212997 ], [ -86.526053763877798, 36.139625697635701 ], [ -86.525564018191005, 36.138546697918301 ], [ -86.526069347839993, 36.138144457090199 ], [ -86.526496768266696, 36.137804190936897 ], [ -86.526732611803595, 36.137811917751002 ], [ -86.527016500412103, 36.136129485266103 ], [ -86.527042167889107, 36.135983207887797 ], [ -86.527042226944999, 36.1359833890495 ], [ -86.529140413923002, 36.136292021385998 ], [ -86.529282531838604, 36.136312924560599 ], [ -86.529281805348703, 36.134842670844002 ], [ -86.530326921459107, 36.132631720784303 ], [ -86.530574871158805, 36.132094839502599 ], [ -86.532154116320299, 36.132149188276003 ], [ -86.531775080999594, 36.130723339317797 ], [ -86.531769316619801, 36.130701656146698 ], [ -86.531199403638695, 36.128557666156802 ], [ -86.533523933013299, 36.127229005818002 ], [ -86.533720880781104, 36.127109461859 ], [ -86.535110259733003, 36.126261609083102 ], [ -86.535221908982905, 36.126193474965099 ], [ -86.533462649854997, 36.125154231136797 ], [ -86.532273890919399, 36.124476304755902 ], [ -86.532213318395407, 36.124441069737699 ], [ -86.531685397393701, 36.124133974404103 ], [ -86.5299434949344, 36.124201536045703 ], [ -86.529115585486494, 36.1242336383824 ], [ -86.529104752326703, 36.124230780886698 ], [ -86.529492401096107, 36.121647168892501 ], [ -86.5298566775502, 36.119217169092202 ], [ -86.530019913266997, 36.118119859781203 ], [ -86.530152388702803, 36.117233522093997 ], [ -86.530227306265502, 36.116727733460998 ], [ -86.530314434950697, 36.116149437261498 ], [ -86.530536028240604, 36.114667280915803 ], [ -86.530665691633402, 36.113805162709397 ], [ -86.530751091356294, 36.113222409366799 ], [ -86.530906659189199, 36.1121845361073 ], [ -86.535293953194198, 36.112512304884298 ], [ -86.535555914248704, 36.110818949281601 ], [ -86.535577928756197, 36.110632050988897 ], [ -86.535625135508596, 36.1102275074389 ], [ -86.535650720774598, 36.1100053964471 ], [ -86.535865957248404, 36.1081628746945 ], [ -86.535703331397599, 36.108143680903098 ], [ -86.534594565344705, 36.108007985120999 ], [ -86.533938538516793, 36.107927449025901 ], [ -86.533236782485901, 36.1078426475732 ], [ -86.532550699577399, 36.107760004829203 ], [ -86.531168352538899, 36.107590288501001 ], [ -86.530463640384497, 36.107505483951002 ], [ -86.529645422173303, 36.107405721553903 ], [ -86.528802211554506, 36.107301770902602 ], [ -86.528089453218598, 36.107215270857701 ], [ -86.527769709044094, 36.107176666316001 ], [ -86.527466061973698, 36.107140565903698 ], [ -86.523359783364995, 36.106639774209398 ], [ -86.522107392208895, 36.105634281493003 ], [ -86.515302844019303, 36.100706805220497 ], [ -86.515439531707401, 36.099731525979401 ], [ -86.516208580102003, 36.094234090021097 ], [ -86.516963561337406, 36.088736701572302 ], [ -86.517602134805301, 36.084088133737303 ], [ -86.517782842372796, 36.084098861230203 ], [ -86.518784151862903, 36.084159971844002 ], [ -86.5191397939995, 36.083233189304003 ], [ -86.519994294276998, 36.0777353372346 ], [ -86.520419296268798, 36.075005130245799 ], [ -86.520739471539997, 36.072677478043097 ], [ -86.520980252746696, 36.072629222097802 ], [ -86.521372022784206, 36.072514382583599 ], [ -86.521639561770797, 36.072418622277702 ], [ -86.521855419516498, 36.072311066587702 ], [ -86.521960225566602, 36.072232664148103 ], [ -86.522600427184699, 36.071818857029498 ], [ -86.522917048020801, 36.071597716729102 ], [ -86.523051556735297, 36.071469736828398 ], [ -86.523625868567805, 36.070879365982101 ], [ -86.523851445495197, 36.070643166191097 ], [ -86.5241149499183, 36.070386026179897 ], [ -86.524261473337106, 36.070220563504698 ], [ -86.524391981748906, 36.070063926667103 ], [ -86.524499365584603, 36.069928336878 ], [ -86.524597057457896, 36.069798283350401 ], [ -86.524707401235901, 36.069662680482999 ], [ -86.524821455921696, 36.069512639115104 ], [ -86.524943111757196, 36.069296805993503 ], [ -86.525019050287099, 36.0691393758947 ], [ -86.525064440174503, 36.069031526484203 ], [ -86.525162681347794, 36.068728918268299 ], [ -86.525187447262297, 36.0683804445748 ], [ -86.525161816931004, 36.067766237380802 ], [ -86.525105871996004, 36.066724817255199 ], [ -86.525030815015995, 36.0659911547692 ], [ -86.524984325232495, 36.065100096471298 ], [ -86.524866478225107, 36.064034736395399 ], [ -86.524831193090606, 36.063815122316001 ], [ -86.524792165418205, 36.063669181039401 ], [ -86.524721750187197, 36.063445427515802 ], [ -86.524608419201599, 36.063127257578898 ], [ -86.524559108426203, 36.063025142820102 ], [ -86.524508363575094, 36.0628979670186 ], [ -86.524475233710305, 36.0628124360858 ], [ -86.524426989215101, 36.062679583477198 ], [ -86.5243510417815, 36.062450359567599 ], [ -86.524309623199301, 36.062326405274902 ], [ -86.524280069279001, 36.062141791519302 ], [ -86.524265934664001, 36.062050683697301 ], [ -86.524221345387005, 36.061894808144103 ], [ -86.524202012528903, 36.061785008313997 ], [ -86.524162711807094, 36.061597346411197 ], [ -86.524140548989493, 36.061507303637299 ], [ -86.524100566405593, 36.061408581967399 ], [ -86.524018223744804, 36.061235357720399 ], [ -86.524041592829406, 36.061059441838097 ], [ -86.524057525614197, 36.060846129060501 ], [ -86.524119522319097, 36.060563595124798 ], [ -86.524192974718503, 36.060222635467198 ], [ -86.524257368524005, 36.059918972666203 ], [ -86.524307016730901, 36.059688000385499 ], [ -86.524367913718294, 36.059495438523598 ], [ -86.5244142844099, 36.059344661396402 ], [ -86.524507830989904, 36.059165177803102 ], [ -86.5246189720487, 36.058960378568997 ], [ -86.524761881593193, 36.058699297057501 ], [ -86.5248920219436, 36.058489950785102 ], [ -86.524999367734793, 36.058351098090803 ], [ -86.525152705962, 36.058196592472299 ], [ -86.525323265111794, 36.058024327135598 ], [ -86.525452416320206, 36.057921606363301 ], [ -86.525619452151901, 36.057792279397901 ], [ -86.525743192539295, 36.057702802323398 ], [ -86.525958968395003, 36.057589744867101 ], [ -86.526181466602296, 36.057470133307 ], [ -86.526370270974894, 36.057371443434199 ], [ -86.526506900005401, 36.057312642464701 ], [ -86.526628457469201, 36.057276914164397 ], [ -86.526828132270097, 36.057223331543099 ], [ -86.526945883499295, 36.057187619557801 ], [ -86.527111952673707, 36.057168178760399 ], [ -86.527318918426801, 36.057130015880396 ], [ -86.527528566025495, 36.057113646022401 ], [ -86.527756435144198, 36.057102861909897 ], [ -86.528694513541595, 36.0571172935935 ], [ -86.529149172547704, 36.057124226444301 ], [ -86.529503811904107, 36.057162158536997 ], [ -86.529830191649594, 36.0572112022246 ], [ -86.530053840748707, 36.057265160901501 ], [ -86.530242310558293, 36.057307255365799 ], [ -86.530426800402495, 36.057386624616498 ], [ -86.530584605291196, 36.057459586693803 ], [ -86.530827324742305, 36.0575826526048 ], [ -86.530982331939697, 36.057679835314602 ], [ -86.531201212089996, 36.057842495075498 ], [ -86.531378111272204, 36.057987998449903 ], [ -86.531463345307699, 36.058149014846002 ], [ -86.531602332609495, 36.058316661859003 ], [ -86.531772760308698, 36.058505975111899 ], [ -86.531984043877401, 36.058733567212599 ], [ -86.532360092449295, 36.059125257357401 ], [ -86.532557913438893, 36.0593628661343 ], [ -86.532641470662398, 36.059462422696299 ], [ -86.532711169199899, 36.059576462728799 ], [ -86.532761991819598, 36.059713593120399 ], [ -86.532784760186601, 36.059892569084603 ], [ -86.532836161450902, 36.0600528755364 ], [ -86.532857271097598, 36.060173654622702 ], [ -86.532855673916202, 36.060376947089097 ], [ -86.532846146747801, 36.060532887129597 ], [ -86.532779573785703, 36.060695947080902 ], [ -86.5326381168193, 36.060981068777998 ], [ -86.532549912160704, 36.061197964303503 ], [ -86.532470407890699, 36.061451048688198 ], [ -86.532403005240397, 36.061679870739702 ], [ -86.532319613330401, 36.061920953605799 ], [ -86.532226640025897, 36.0621838838019 ], [ -86.532156143444993, 36.062392974560098 ], [ -86.532020621649494, 36.062744171245903 ], [ -86.531907560256798, 36.063039124814999 ], [ -86.531811735327295, 36.063318721474701 ], [ -86.531717468125393, 36.063578394706703 ], [ -86.531628853326694, 36.063861221552202 ], [ -86.531586373478603, 36.064022972573198 ], [ -86.531532536331397, 36.0642572283462 ], [ -86.531501382794005, 36.064468377123397 ], [ -86.531481532866806, 36.064725489916299 ], [ -86.531471368258096, 36.064849840869996 ], [ -86.531472286944805, 36.064987191661601 ], [ -86.531435785702499, 36.065157672592399 ], [ -86.531402585427998, 36.065442315151799 ], [ -86.531372729718797, 36.065657922142897 ], [ -86.531329574297203, 36.065908613215697 ], [ -86.531296870668001, 36.066077875469901 ], [ -86.531240097664096, 36.0662529096724 ], [ -86.531184360803493, 36.066456440392898 ], [ -86.531128480804199, 36.0665753268214 ], [ -86.531056422908804, 36.066741671893197 ], [ -86.530971028116198, 36.066937606937998 ], [ -86.530861826050398, 36.0671786304449 ], [ -86.530716526085399, 36.067524374076299 ], [ -86.530562939063003, 36.067832724806998 ], [ -86.530465794660003, 36.0680429617003 ], [ -86.530361379499197, 36.068241211953698 ], [ -86.530288328098806, 36.068449282353498 ], [ -86.530215093004401, 36.068629882562902 ], [ -86.530144430762107, 36.068815793898203 ], [ -86.530078188937296, 36.069030358537603 ], [ -86.530022606683403, 36.069194398411099 ], [ -86.529981849154396, 36.069361635249201 ], [ -86.529926216818197, 36.069581647315196 ], [ -86.529869628355598, 36.069785180985001 ], [ -86.529809917517994, 36.069964519580402 ], [ -86.529707103572207, 36.070213239956701 ], [ -86.529650023107394, 36.070343119219203 ], [ -86.529539033569904, 36.070571100456398 ], [ -86.529430842779604, 36.070774860530101 ], [ -86.529350586919406, 36.070918061793499 ], [ -86.529299498595194, 36.070995204712901 ], [ -86.5292072896722, 36.071121975799102 ], [ -86.529092955131105, 36.071229099195399 ], [ -86.528949829352101, 36.071331884789103 ], [ -86.528787329157296, 36.071510643616399 ], [ -86.528737953454893, 36.071591040942202 ], [ -86.5286844874216, 36.071692402760902 ], [ -86.528609661539093, 36.071825621467703 ], [ -86.528547692539902, 36.071920496160701 ], [ -86.528495793411395, 36.072003136453198 ], [ -86.528371087570804, 36.072204735874998 ], [ -86.528318823333194, 36.072296134038602 ], [ -86.528227982961198, 36.0724383507143 ], [ -86.528159368843703, 36.072551797173602 ], [ -86.528050879701794, 36.072711603732699 ], [ -86.527963946618499, 36.0728690837702 ], [ -86.527862530980698, 36.073075044631899 ], [ -86.527770871475298, 36.073221556845297 ], [ -86.527725585502495, 36.073344859102903 ], [ -86.527687365674794, 36.073513114018603 ], [ -86.527665678062306, 36.073686790734399 ], [ -86.5276560721979, 36.073819492067599 ], [ -86.527642044336105, 36.074013282857301 ], [ -86.527701567534194, 36.074186604084296 ], [ -86.527771885486302, 36.074393014792001 ], [ -86.527873547867401, 36.074733208838303 ], [ -86.527905957025098, 36.074899952629202 ], [ -86.527974861160899, 36.075084392662298 ], [ -86.528046244158801, 36.075259893750498 ], [ -86.528127523799895, 36.075460590319899 ], [ -86.528198885785599, 36.075632829228198 ], [ -86.528225381711096, 36.0757371025297 ], [ -86.528264260654595, 36.075858834256103 ], [ -86.528318010954706, 36.0760541571224 ], [ -86.528411302877998, 36.076216341581002 ], [ -86.528543993029302, 36.0764509794014 ], [ -86.528612416778003, 36.076562794961198 ], [ -86.528678397621704, 36.076688871715398 ], [ -86.528756141214302, 36.076802706634901 ], [ -86.528855925014696, 36.076923140847803 ], [ -86.528976246951402, 36.077078681932903 ], [ -86.529064909063294, 36.077180450226201 ], [ -86.529147854112594, 36.077249450178599 ], [ -86.529233328101398, 36.0773170654276 ], [ -86.529328444095995, 36.077371589611701 ], [ -86.529477901072497, 36.077455577966298 ], [ -86.529749040393199, 36.077518084961604 ], [ -86.529875114876106, 36.077520964769498 ], [ -86.5300959601757, 36.077526518250103 ], [ -86.530526106262599, 36.077519131953999 ], [ -86.530889076879006, 36.077524058466103 ], [ -86.531209661103404, 36.077516121987102 ], [ -86.531416933993597, 36.077516238673603 ], [ -86.531698121296998, 36.077499718203804 ], [ -86.531941535775701, 36.077464477514503 ], [ -86.532176987956703, 36.077440431528302 ], [ -86.532365035059399, 36.077412130404099 ], [ -86.532612680035598, 36.077377041368301 ], [ -86.532900500864599, 36.077340572389502 ], [ -86.533158800800905, 36.077317453645101 ], [ -86.533406443978606, 36.077282191290003 ], [ -86.533620337656401, 36.077260469872499 ], [ -86.533893322944806, 36.077219600163602 ], [ -86.534128736872503, 36.077190056349501 ], [ -86.534373404436096, 36.0771527448697 ], [ -86.534656095775006, 36.077108568238302 ], [ -86.534911893500194, 36.077090951006603 ], [ -86.535146957693001, 36.077072395109298 ], [ -86.535444548976798, 36.077042401011099 ], [ -86.535770941499393, 36.077017944057097 ], [ -86.535997871186694, 36.076985000428401 ], [ -86.536291671148405, 36.076957424795197 ], [ -86.536582442730705, 36.0769199037234 ], [ -86.536852924520204, 36.076884532619999 ], [ -86.537051684937794, 36.076877123020999 ], [ -86.537418252032396, 36.0768512807755 ], [ -86.537720154014494, 36.0768334520466 ], [ -86.538039361160003, 36.076810051150403 ], [ -86.538258424698597, 36.076802548947299 ], [ -86.538605244487002, 36.076796535964398 ], [ -86.538848855200399, 36.076790983335599 ], [ -86.539162772729995, 36.076798507870201 ], [ -86.539479836601998, 36.076833316717497 ], [ -86.539833389729594, 36.076884443887302 ], [ -86.540136097868597, 36.076985245458701 ], [ -86.540300220711899, 36.0770471780219 ], [ -86.540438631383594, 36.077122445999201 ], [ -86.540661649618301, 36.077260860871199 ], [ -86.540729904151306, 36.077345199468397 ], [ -86.540924786492894, 36.077513614647501 ], [ -86.541088397449499, 36.0776864621917 ], [ -86.5411604141281, 36.0777640876235 ], [ -86.541321698719898, 36.077967850047898 ], [ -86.541429779793404, 36.078123433742 ], [ -86.541527929930993, 36.078249359036803 ], [ -86.541641465092894, 36.078398222004701 ], [ -86.541684128383906, 36.078513408082699 ], [ -86.541822667329697, 36.078792988658002 ], [ -86.541943608935597, 36.079035219074498 ], [ -86.542047987470497, 36.079267737323399 ], [ -86.542130433824696, 36.0794476443279 ], [ -86.542211843556501, 36.079661551155901 ], [ -86.542290524744701, 36.079909465415099 ], [ -86.542362326982996, 36.080141099717999 ], [ -86.542428203034802, 36.080434055038502 ], [ -86.542477516581599, 36.080717470020303 ], [ -86.542534603860403, 36.0809622190582 ], [ -86.542601833520905, 36.081267358342402 ], [ -86.542669790098699, 36.081554981613401 ], [ -86.542713434369006, 36.081751373612597 ], [ -86.542819523002805, 36.082047581456401 ], [ -86.542866307494407, 36.082146265952602 ], [ -86.542974975798202, 36.082386490121401 ], [ -86.543045677522599, 36.082642165864499 ], [ -86.543208493623695, 36.082882145899902 ], [ -86.543381915602495, 36.083126370229898 ], [ -86.543991035391699, 36.084292852100901 ], [ -86.544910306273295, 36.086081861052698 ], [ -86.545054189037003, 36.086335144362998 ], [ -86.545206147003796, 36.086593713452302 ], [ -86.545330549262999, 36.086782184623402 ], [ -86.545468405747698, 36.086958404607401 ], [ -86.545596670536, 36.087093118181002 ], [ -86.5457341731192, 36.087217659931099 ], [ -86.545837984333701, 36.087302864712299 ], [ -86.545962956233694, 36.087389175437998 ], [ -86.546089529702002, 36.087462258437398 ], [ -86.546225386778204, 36.087531865392101 ], [ -86.546393396707202, 36.087601498186899 ], [ -86.546523989927195, 36.08764382951 ], [ -86.546676936174705, 36.0876761011667 ], [ -86.546786587702698, 36.087687622455903 ], [ -86.546937199038993, 36.087687969517901 ], [ -86.547118126578994, 36.0876674040084 ], [ -86.547290101464995, 36.087636920683103 ], [ -86.547445479250499, 36.0875922619691 ], [ -86.547643757689897, 36.087511181032298 ], [ -86.548262328433196, 36.087090813047503 ], [ -86.548503252245396, 36.086875444673502 ], [ -86.548670776545407, 36.086629676815598 ], [ -86.548774876423096, 36.086450127440898 ], [ -86.548816314428606, 36.086324603063403 ], [ -86.548896908776499, 36.086049527640697 ], [ -86.548965986761303, 36.085883357850697 ], [ -86.549030185012995, 36.085745711248698 ], [ -86.549090601765997, 36.085489442053898 ], [ -86.549150371290807, 36.085139603135197 ], [ -86.549192463709005, 36.084741770661303 ], [ -86.549214539535996, 36.0844470450659 ], [ -86.549186362627097, 36.084042836570099 ], [ -86.549115283103106, 36.083551946798302 ], [ -86.548946760675307, 36.083101161707802 ], [ -86.548882251740693, 36.082948648654401 ], [ -86.548844698128207, 36.082840137955401 ], [ -86.548767975421597, 36.082695406616601 ], [ -86.548730282980898, 36.082505514029499 ], [ -86.548693851470702, 36.082314413833203 ], [ -86.548647243749997, 36.0820586316609 ], [ -86.548626637021101, 36.0818312321842 ], [ -86.548634917433304, 36.081621385625603 ], [ -86.548607725246796, 36.081420456817597 ], [ -86.548568143763902, 36.081201899982503 ], [ -86.548535601927, 36.080961334384 ], [ -86.548512453193396, 36.080794554047699 ], [ -86.548455968710201, 36.080639772175203 ], [ -86.548366746976299, 36.0804611021466 ], [ -86.548317077329202, 36.080312985232403 ], [ -86.548214820072005, 36.080206828847899 ], [ -86.548127735825801, 36.0799699449502 ], [ -86.548058144634695, 36.079693320351403 ], [ -86.547840758596706, 36.079331692513101 ], [ -86.547758724402101, 36.079213425309497 ], [ -86.547564842718103, 36.0790087893673 ], [ -86.547343081995606, 36.0788097738617 ], [ -86.547154747447195, 36.078611808097797 ], [ -86.546947528961098, 36.078374266589897 ], [ -86.5467890471365, 36.078211190208997 ], [ -86.546674611714707, 36.078055811781802 ], [ -86.546541571086493, 36.077839909900597 ], [ -86.546430488980306, 36.077618414158302 ], [ -86.546390190747104, 36.077479010248901 ], [ -86.546305349797393, 36.077136523436899 ], [ -86.546277357658397, 36.0770027295858 ], [ -86.546259447244594, 36.076735656114103 ], [ -86.546251705518998, 36.076409474079902 ], [ -86.546264175074796, 36.076254378594498 ], [ -86.546301503329303, 36.075961987558301 ], [ -86.546346701487593, 36.075645352074297 ], [ -86.546379202244495, 36.075450676315 ], [ -86.546372229972206, 36.075236434714597 ], [ -86.546340324766504, 36.074964102075697 ], [ -86.546310254533694, 36.074712535984702 ], [ -86.546275298389105, 36.074365530533498 ], [ -86.546239578843299, 36.0740920132451 ], [ -86.546213173547002, 36.073942759696997 ], [ -86.546218324020003, 36.073707516498203 ], [ -86.5462227119516, 36.073361362838497 ], [ -86.546229411010003, 36.073166803915299 ], [ -86.546226729212194, 36.072961299112698 ], [ -86.5462000820132, 36.072653745327401 ], [ -86.546143662319395, 36.072322289325001 ], [ -86.546138080220601, 36.072125553983 ], [ -86.546144371715002, 36.071625554270597 ], [ -86.546144372130101, 36.071256413399198 ], [ -86.546109318815297, 36.071079556267399 ], [ -86.546052832180806, 36.070738142187402 ], [ -86.546016926252705, 36.0704371544956 ], [ -86.545972848831397, 36.070116459032498 ], [ -86.545974140706406, 36.069935144862299 ], [ -86.545975539347694, 36.069707816343502 ], [ -86.545973485380301, 36.069408907257198 ], [ -86.545980804683296, 36.069119913920197 ], [ -86.545983304600398, 36.068868199887604 ], [ -86.545989211052898, 36.068558266299299 ], [ -86.546028318769501, 36.068340553433401 ], [ -86.546064699833096, 36.068095381924302 ], [ -86.546107462533399, 36.067855675672099 ], [ -86.546166613374794, 36.067600442715701 ], [ -86.546278510603798, 36.0673274579405 ], [ -86.546454382985601, 36.066947561305099 ], [ -86.546629830665395, 36.066629132617003 ], [ -86.546724755646807, 36.066471602440998 ], [ -86.546848137208102, 36.066331455841301 ], [ -86.546965476921301, 36.066235290098597 ], [ -86.547078330786206, 36.066163353402601 ], [ -86.547229807113894, 36.0661109860377 ], [ -86.547474291271698, 36.066052873588703 ], [ -86.547618675526095, 36.066014788516497 ], [ -86.547740221421094, 36.065976807050802 ], [ -86.547853762311405, 36.0659433258798 ], [ -86.547986017613894, 36.065863745621201 ], [ -86.548115515853794, 36.065813709064102 ], [ -86.548504613854604, 36.065689864939202 ], [ -86.548809792290101, 36.0656017705588 ], [ -86.549154256031798, 36.065506800377598 ], [ -86.549451494782403, 36.065432819417502 ], [ -86.549556621946607, 36.0654060710377 ], [ -86.549968956567596, 36.0653403203832 ], [ -86.550159929179202, 36.0653119779139 ], [ -86.550364027828195, 36.065285807229003 ], [ -86.550697865902507, 36.065244792959703 ], [ -86.550990008984201, 36.065229207338703 ], [ -86.551190490178797, 36.065230351090499 ], [ -86.551509899373499, 36.0652433123797 ], [ -86.551871806380603, 36.065285609583299 ], [ -86.552043597929, 36.0652968415014 ], [ -86.552227647230893, 36.065306986856697 ], [ -86.552671941997005, 36.0653368856279 ], [ -86.552963289391798, 36.065389289595302 ], [ -86.553358655699498, 36.065438124900503 ], [ -86.553627097659302, 36.065480845871697 ], [ -86.553901883819705, 36.065523537093398 ], [ -86.554242208496603, 36.065563694342998 ], [ -86.554515603079906, 36.065588706109899 ], [ -86.554722914404394, 36.065598740645498 ], [ -86.555066347392199, 36.065599391703103 ], [ -86.555491328638695, 36.065588677605902 ], [ -86.555793368710198, 36.065597243557498 ], [ -86.556059904535104, 36.0656090630292 ], [ -86.556307771509495, 36.065612383384199 ], [ -86.556536568268996, 36.065610297078102 ], [ -86.556748939401004, 36.065618072750198 ], [ -86.557039014509201, 36.0656694425941 ], [ -86.557295294252, 36.065726462193098 ], [ -86.557579919022302, 36.065784551992998 ], [ -86.557906660105303, 36.065877471728697 ], [ -86.558276710871596, 36.065994398823499 ], [ -86.558656591525505, 36.066125701503701 ], [ -86.559075982410704, 36.0662818870344 ], [ -86.559312244042104, 36.066378656456102 ], [ -86.559550903593305, 36.066455497807503 ], [ -86.559751862122994, 36.066523929074997 ], [ -86.559861718623097, 36.066568402656401 ], [ -86.559969030387805, 36.066611857796701 ], [ -86.560175017668797, 36.0666735689422 ], [ -86.5603950855931, 36.066752727040203 ], [ -86.560632525756603, 36.0668362679789 ], [ -86.560850973136994, 36.066925391020902 ], [ -86.561087175799699, 36.067013229166903 ], [ -86.561263667438098, 36.067090356488897 ], [ -86.561465630209995, 36.067180757028098 ], [ -86.561609901749307, 36.067247045514399 ], [ -86.561767549189994, 36.0673507007306 ], [ -86.561898455643302, 36.067500666011298 ], [ -86.561954372910805, 36.067572860105997 ], [ -86.561978575603604, 36.067705809923197 ], [ -86.561963105842494, 36.067850791555202 ], [ -86.561970759317106, 36.067976092297698 ], [ -86.562041825124595, 36.068037227324297 ], [ -86.562155259457995, 36.0680488886318 ], [ -86.562259508336695, 36.0680176692454 ], [ -86.562359340597794, 36.067960029538199 ], [ -86.562443674644598, 36.067864002664201 ], [ -86.562513511869795, 36.067751560778902 ], [ -86.562572085154201, 36.067661148217702 ], [ -86.562657846554401, 36.067527856978799 ], [ -86.562794528651196, 36.067298694518897 ], [ -86.562908290293805, 36.067117884873902 ], [ -86.563037765260802, 36.066886523745602 ], [ -86.563087126448707, 36.0668093743597 ], [ -86.563157966580405, 36.0666596698265 ], [ -86.563202041785203, 36.066552842056801 ], [ -86.563250981508006, 36.0664162885096 ], [ -86.563279995231497, 36.0663327097447 ], [ -86.5633051002727, 36.066234726956601 ], [ -86.563296145642099, 36.066105139972898 ], [ -86.563195202907707, 36.066005685841702 ], [ -86.563131303495197, 36.0659410841143 ], [ -86.562957233396304, 36.065847465592903 ], [ -86.562815782707304, 36.065761249049103 ], [ -86.562719210117606, 36.065681518901499 ], [ -86.562554308048803, 36.065508706141301 ], [ -86.562506411497097, 36.065434242844802 ], [ -86.562480044173199, 36.065354013170797 ], [ -86.562437218046497, 36.065219089951697 ], [ -86.562416980889395, 36.065048864079898 ], [ -86.562413455370901, 36.064909293426403 ], [ -86.562424585134394, 36.0647488794311 ], [ -86.562439574625103, 36.064596001949198 ], [ -86.562460141032503, 36.064454258538397 ], [ -86.562517593848597, 36.064325391720999 ], [ -86.562566626971901, 36.064202058371897 ], [ -86.562632294823501, 36.064098563845398 ], [ -86.562710335367996, 36.064010292277402 ], [ -86.562809739348396, 36.063952654116598 ], [ -86.562946165402494, 36.063867371949101 ], [ -86.563054377770698, 36.0638591402899 ], [ -86.563203190275601, 36.063850718838601 ], [ -86.563316641928907, 36.063865641141099 ], [ -86.563448357035, 36.063891466376397 ], [ -86.563577243308998, 36.0639358476365 ], [ -86.563689479987602, 36.063958329801203 ], [ -86.563864270973198, 36.063975196742902 ], [ -86.564022631599499, 36.063941490610098 ], [ -86.564134315023693, 36.063886025913099 ], [ -86.564224641476301, 36.063800958035102 ], [ -86.564295575709295, 36.063724737263399 ], [ -86.564335044247102, 36.063565220519997 ], [ -86.564322187072605, 36.063481837463499 ], [ -86.564329849175294, 36.063369685450802 ], [ -86.564320750722402, 36.063279588729102 ], [ -86.564319978900599, 36.063170910075797 ], [ -86.5643013823356, 36.062993980676303 ], [ -86.564285253834299, 36.062807253156997 ], [ -86.564234038483093, 36.062682328010702 ], [ -86.564193709277504, 36.0625418994277 ], [ -86.564141865385807, 36.062447538705399 ], [ -86.564084070402899, 36.062348913459999 ], [ -86.564015406690899, 36.0622086174061 ], [ -86.563936294783801, 36.0620858829799 ], [ -86.563854176468496, 36.061956638191504 ], [ -86.563775973000105, 36.061842655799197 ], [ -86.5636655752363, 36.061721269376001 ], [ -86.563549928421594, 36.061634932967898 ], [ -86.563401579319304, 36.061529176194099 ], [ -86.563304971121298, 36.061443780721397 ], [ -86.563259904000404, 36.061350589790599 ], [ -86.563225511818899, 36.061271771257402 ], [ -86.563146189656393, 36.061178740342697 ], [ -86.563058645162499, 36.061059306905896 ], [ -86.562963743344298, 36.060856464470703 ], [ -86.562846246123996, 36.060687722887103 ], [ -86.562818488510402, 36.0605901585973 ], [ -86.562814573360697, 36.060395647531401 ], [ -86.5627991959242, 36.060135259461703 ], [ -86.562769905300101, 36.059821196094603 ], [ -86.562706276887994, 36.059614945197701 ], [ -86.562590378613194, 36.0593133046414 ], [ -86.562490901140194, 36.059061035224097 ], [ -86.562442821395507, 36.058960131771201 ], [ -86.562214820166204, 36.0586535196746 ], [ -86.562096198783493, 36.058504527361599 ], [ -86.561883263076396, 36.058294679841502 ], [ -86.561740115347106, 36.058145801506001 ], [ -86.561601485804303, 36.058037765147802 ], [ -86.561428915308895, 36.0579142625676 ], [ -86.561363130961993, 36.057821167370399 ], [ -86.561308473985804, 36.057746734976199 ], [ -86.561271012002294, 36.057592041320902 ], [ -86.561302398179606, 36.057485273094699 ], [ -86.561373178783398, 36.0573278432976 ], [ -86.561434146680497, 36.057158268876002 ], [ -86.561496992664104, 36.057015126567997 ], [ -86.561620996658107, 36.056789286052599 ], [ -86.561751130223698, 36.056593119920102 ], [ -86.561895904452697, 36.056434143021001 ], [ -86.562017796547806, 36.056268748262603 ], [ -86.562108865468105, 36.056110193204098 ], [ -86.562219951501902, 36.055911883331497 ], [ -86.562254062641401, 36.055772136803803 ], [ -86.562251776076295, 36.055628267707803 ], [ -86.562230863469495, 36.055541487982502 ], [ -86.562201299097296, 36.0554272775315 ], [ -86.562124182623506, 36.0552265832698 ], [ -86.562044303457597, 36.0549939667033 ], [ -86.562011947353099, 36.054843713417803 ], [ -86.562019180514, 36.054730361475599 ], [ -86.562025200900607, 36.0546249131216 ], [ -86.562038929144506, 36.054473243060798 ], [ -86.562071577091501, 36.054306032274603 ], [ -86.562103282969105, 36.054185011629599 ], [ -86.562168701457594, 36.054047351074502 ], [ -86.562280865981293, 36.053822595082501 ], [ -86.562391011442799, 36.053730911484102 ], [ -86.562543139219599, 36.053596108255 ], [ -86.562710379116695, 36.053505359710798 ], [ -86.562883976166404, 36.053416641572397 ], [ -86.563109374433395, 36.0532979780414 ], [ -86.563391545015506, 36.053194501196401 ], [ -86.563677426844507, 36.053077785862499 ], [ -86.564028311350199, 36.052944282994197 ], [ -86.564230768655406, 36.052870708622002 ], [ -86.564363149179897, 36.052814116430802 ], [ -86.564551848715496, 36.052708842478602 ], [ -86.56468350822, 36.052610359880902 ], [ -86.5647775098587, 36.052508791419797 ], [ -86.5648861562794, 36.052385349054099 ], [ -86.564951989539907, 36.052306919522302 ], [ -86.565056876095596, 36.052190019006296 ], [ -86.565211299090194, 36.052022236238898 ], [ -86.565351008244207, 36.051866712590602 ], [ -86.565424789337598, 36.051776226894198 ], [ -86.565507833946299, 36.0516802034617 ], [ -86.565530042502402, 36.051592191705502 ], [ -86.565529041896994, 36.051451578663603 ], [ -86.565521611643604, 36.051358211757901 ], [ -86.565482906458698, 36.0512078173508 ], [ -86.565454960797098, 36.051083813389397 ], [ -86.565441939558397, 36.050977252230901 ], [ -86.565429788688405, 36.050814714592697 ], [ -86.565422030028699, 36.050675163398701 ], [ -86.565439070168907, 36.050573955412197 ], [ -86.565456032085507, 36.050461759341502 ], [ -86.565480371861, 36.050316735002703 ], [ -86.565534357410399, 36.050059283348197 ], [ -86.5656151149377, 36.049820420706901 ], [ -86.565708120954994, 36.049401392958302 ], [ -86.565730924977302, 36.049159540027098 ], [ -86.565711030691801, 36.048859683069303 ], [ -86.565678271851695, 36.048415834744802 ], [ -86.565643765698297, 36.048142315580499 ], [ -86.565599935458494, 36.047865749648601 ], [ -86.565554585239596, 36.047613228059603 ], [ -86.565512358822204, 36.047383698856997 ], [ -86.5654886818498, 36.047265168995096 ], [ -86.565404963399402, 36.047087514505002 ], [ -86.565327056509005, 36.046835145532498 ], [ -86.5652913048269, 36.046742941538199 ], [ -86.565130581773104, 36.046380046138403 ], [ -86.565078169459696, 36.046263882953198 ], [ -86.564895027769396, 36.0460185314653 ], [ -86.564732598172895, 36.045772052463001 ], [ -86.564509458338193, 36.045431425574698 ], [ -86.564256503722504, 36.045060032819698 ], [ -86.563916048214594, 36.044572640007402 ], [ -86.563674318739999, 36.044233128667898 ], [ -86.563411749397304, 36.043876201401801 ], [ -86.5633025823048, 36.043745880376797 ], [ -86.563249491815597, 36.043652726608599 ], [ -86.563195955525501, 36.043556312699501 ], [ -86.563116417527894, 36.043430317084599 ], [ -86.562923807888694, 36.043159767616103 ], [ -86.562777783924105, 36.04295939512 ], [ -86.562663122646001, 36.042829099157501 ], [ -86.562528221746305, 36.042706623829901 ], [ -86.562390543896299, 36.042550165748601 ], [ -86.562256656037107, 36.042391457791403 ], [ -86.562065724549896, 36.042178073439203 ], [ -86.561915686517494, 36.042007421789897 ], [ -86.561801012250001, 36.041874893020101 ], [ -86.561659253023905, 36.041678963315 ], [ -86.5614816130728, 36.041431348802703 ], [ -86.5613652536221, 36.0412395927559 ], [ -86.561224210058796, 36.041024944453198 ], [ -86.561113293629106, 36.040825436534 ], [ -86.561036752740605, 36.040703889604401 ], [ -86.560962670092593, 36.040571171017199 ], [ -86.560892700532506, 36.0404221222283 ], [ -86.560833098750294, 36.040244352105397 ], [ -86.560804900120999, 36.0400829185063 ], [ -86.560813093133305, 36.039925779598398 ], [ -86.560829021131198, 36.039666446248603 ], [ -86.560838625369499, 36.039469639242903 ], [ -86.560823864147906, 36.039295094268603 ], [ -86.560815672549694, 36.0390928758355 ], [ -86.560825262239405, 36.038774165504101 ], [ -86.560815779323804, 36.038568690854198 ], [ -86.560831275763604, 36.038428000608803 ], [ -86.560869295915197, 36.038303688230798 ], [ -86.560939125146803, 36.038193478441499 ], [ -86.561005059606302, 36.038130502842897 ], [ -86.561088234670905, 36.038054226419703 ], [ -86.561190458951202, 36.037981295119302 ], [ -86.561345343862499, 36.037881677399298 ], [ -86.561504362793997, 36.037768819702301 ], [ -86.561594170461007, 36.0376739689587 ], [ -86.561641990602894, 36.037560599109902 ], [ -86.561665749877704, 36.037452663938197 ], [ -86.561685049589897, 36.0373119558109 ], [ -86.561682780357501, 36.037170318049697 ], [ -86.561667385086494, 36.037085744196901 ], [ -86.561639736637304, 36.037002257624003 ], [ -86.561608897128494, 36.036885992177403 ], [ -86.561613554979601, 36.036767329242203 ], [ -86.561664224779406, 36.036638493528301 ], [ -86.561733364171303, 36.036490856933398 ], [ -86.561784049375106, 36.036364253122201 ], [ -86.561841123316995, 36.036244315601103 ], [ -86.5619238020209, 36.036038411142002 ], [ -86.561986153032095, 36.035887543829297 ], [ -86.562089105391706, 36.035738719119898 ], [ -86.562153613180399, 36.035653772536001 ], [ -86.562205946779301, 36.035581073065799 ], [ -86.562275372073401, 36.035474126503999 ], [ -86.562343669775203, 36.035387101785403 ], [ -86.562447494286602, 36.035301971536597 ], [ -86.5625428948467, 36.035221344595797 ], [ -86.562635967640702, 36.0351702599947 ], [ -86.562803487152706, 36.0351244935514 ], [ -86.562915348575402, 36.035099762009999 ], [ -86.563028987331506, 36.0350872124083 ], [ -86.563130396267795, 36.035079012232998 ], [ -86.5632766645261, 36.0350771266856 ], [ -86.5634495292596, 36.035069794046102 ], [ -86.563595728106705, 36.0350581218174 ], [ -86.563700918699993, 36.035046641266803 ], [ -86.563802304377901, 36.035035178427897 ], [ -86.564011863029805, 36.035015482929701 ], [ -86.564125462501806, 36.034997438233901 ], [ -86.564233557450393, 36.034978217341497 ], [ -86.564386403222201, 36.034950030299001 ], [ -86.564498295607507, 36.034929761210599 ], [ -86.564621602572103, 36.034909438530399 ], [ -86.564757974909895, 36.034883388548302 ], [ -86.564878236982295, 36.0348510612205 ], [ -86.564993033535501, 36.034823051777103 ], [ -86.565160151388099, 36.034780546134002 ], [ -86.565283371264499, 36.034748032831097 ], [ -86.565436976258297, 36.034707822232299 ], [ -86.565566983327003, 36.034678538993901 ], [ -86.565708867982906, 36.034654865788397 ], [ -86.565835492762801, 36.034625598138902 ], [ -86.5659772990075, 36.0345909364978 ], [ -86.566142419423102, 36.034564921597998 ], [ -86.566366796179494, 36.034548414575497 ], [ -86.566533341292796, 36.034544369416302 ], [ -86.566673635960399, 36.034534953241803 ], [ -86.5668105007516, 36.034518856928997 ], [ -86.567009065483106, 36.034499207922302 ], [ -86.567129356682202, 36.034471170578797 ], [ -86.567252098603106, 36.034431102918496 ], [ -86.567382762575306, 36.034375545266997 ], [ -86.567475910937802, 36.034335616725897 ], [ -86.567607051299902, 36.034287611170697 ], [ -86.567766134175699, 36.034245139746801 ], [ -86.567898865088097, 36.034242282197901 ], [ -86.568053345731201, 36.0342657630177 ], [ -86.568191904540797, 36.0343684701798 ], [ -86.568364823282394, 36.034428091326397 ], [ -86.568559810961304, 36.034440391929401 ], [ -86.5686961738337, 36.034413307351301 ], [ -86.568906581364402, 36.034335394664403 ], [ -86.569011855020904, 36.034276692909998 ], [ -86.569122083641602, 36.034201484923699 ], [ -86.569244209393304, 36.034075570557597 ], [ -86.569309890389405, 36.033978595864099 ], [ -86.569344262485501, 36.033878335173597 ], [ -86.569410155960497, 36.033811062680101 ], [ -86.569632269990095, 36.033656173942902 ], [ -86.569776566969907, 36.033556595253003 ], [ -86.569832333952604, 36.033433226080298 ], [ -86.569864225236998, 36.033340874936101 ], [ -86.569909013157101, 36.033160383145002 ], [ -86.569974112256503, 36.033041433827897 ], [ -86.570099636197, 36.032977141052001 ], [ -86.5703760868507, 36.032853757404098 ], [ -86.570519903239102, 36.032746453784597 ], [ -86.570666923780493, 36.032673302163502 ], [ -86.571076912350307, 36.0324835250699 ], [ -86.571382810391199, 36.032340254555102 ], [ -86.571517876995003, 36.0323099106865 ], [ -86.571840380607298, 36.032183214670297 ], [ -86.571911718131403, 36.032109218813297 ], [ -86.571986694720493, 36.032012198471101 ], [ -86.572021102124907, 36.031917431033101 ], [ -86.572041792488704, 36.031796459331197 ], [ -86.572039773063196, 36.031692078190503 ], [ -86.572032988744695, 36.0315130322209 ], [ -86.5719969680937, 36.031383573286902 ], [ -86.5719801526689, 36.031279262377097 ], [ -86.572001944381597, 36.031135106570197 ], [ -86.572081305530901, 36.031060042326203 ], [ -86.572166296890103, 36.031003666079897 ], [ -86.572312597000902, 36.030889824031597 ], [ -86.5724862240845, 36.030754905131502 ], [ -86.572619425715999, 36.030642155108197 ], [ -86.572704027855906, 36.030531867989502 ], [ -86.5727639846492, 36.030404185044702 ], [ -86.572898611895795, 36.0303134049257 ], [ -86.573080783657801, 36.030249869775297 ], [ -86.573180312451996, 36.030216430825298 ], [ -86.573316860170706, 36.030157576430597 ], [ -86.573402749656196, 36.030108749613802 ], [ -86.573672914522604, 36.030053722917899 ], [ -86.573949825467906, 36.029996259742703 ], [ -86.5740594360541, 36.029954015570901 ], [ -86.574303479301193, 36.029852925854797 ], [ -86.574475332682894, 36.029882840046902 ], [ -86.574611694408901, 36.029856950572302 ], [ -86.574719771142895, 36.029836518424197 ], [ -86.574918475514707, 36.029779597733402 ], [ -86.575043511681599, 36.029707575750898 ], [ -86.575166291086902, 36.029615819439798 ], [ -86.575291048455, 36.029505338757602 ], [ -86.5753795136675, 36.029403787728398 ], [ -86.575496422549904, 36.029260378787498 ], [ -86.575590431244194, 36.0291654972375 ], [ -86.575720634351001, 36.029048293955398 ], [ -86.575826997524899, 36.028966573725903 ], [ -86.575911776272505, 36.028881522667199 ], [ -86.575996124643098, 36.028795443431299 ], [ -86.576104982522295, 36.028708045072797 ], [ -86.576208832106801, 36.028629598728202 ], [ -86.576367309031696, 36.028505735074603 ], [ -86.576461498808399, 36.028436091184602 ], [ -86.576562291455105, 36.028344266907901 ], [ -86.576681797780097, 36.028209772498897 ], [ -86.576741362790202, 36.028029207139802 ], [ -86.576781339221597, 36.027945571768498 ], [ -86.576857772595005, 36.027817636096302 ], [ -86.576974476803102, 36.027704960117802 ], [ -86.5771616486265, 36.027574433529303 ], [ -86.577250540653495, 36.027532285657102 ], [ -86.577535114019597, 36.027425500833601 ], [ -86.577767443585103, 36.027343003249896 ], [ -86.578015126314, 36.027220941589299 ], [ -86.578330267068196, 36.027016141768001 ], [ -86.578611501054496, 36.0267994852613 ], [ -86.578724548032696, 36.026707600267201 ], [ -86.578793752104502, 36.026574375474098 ], [ -86.578908395524905, 36.0265276385608 ], [ -86.579390771689702, 36.026416636473897 ], [ -86.579640684457502, 36.026369248266903 ], [ -86.579905279350299, 36.0263063362694 ], [ -86.580140549192294, 36.026279964361301 ], [ -86.580786789649594, 36.026437386166499 ], [ -86.581136549053994, 36.026516911605498 ], [ -86.581510155517407, 36.026562325208801 ], [ -86.581868968473998, 36.026607980798303 ], [ -86.5821692918406, 36.026632799405697 ], [ -86.582467856638701, 36.026590664489497 ], [ -86.582766554365605, 36.026509038202697 ], [ -86.583016208550902, 36.026426618335599 ], [ -86.583347022869802, 36.026343633310702 ], [ -86.583583446403793, 36.026301796483999 ], [ -86.583847044677199, 36.026276310283599 ], [ -86.584077755455596, 36.026204968522201 ], [ -86.584559803247799, 36.0261080263206 ], [ -86.584942187311796, 36.026024958365198 ], [ -86.585156953218601, 36.025970003024 ], [ -86.585389922623904, 36.025861218114699 ], [ -86.585771907404293, 36.025724237016597 ], [ -86.586118924641795, 36.025660910559701 ], [ -86.5864193290614, 36.025639703735401 ], [ -86.586768020330496, 36.025631481564602 ], [ -86.586934424035306, 36.025610926007403 ], [ -86.587193629481703, 36.025563476819002 ], [ -86.587319338241599, 36.025527666452497 ], [ -86.587750905026098, 36.025350775623401 ], [ -86.587962400894199, 36.025254280849701 ], [ -86.588194517669393, 36.025145322935998 ], [ -86.588306040787899, 36.025077817082199 ], [ -86.588415965638205, 36.0250228527159 ], [ -86.588522159128402, 36.024920690154502 ], [ -86.588747632755002, 36.024714068744103 ], [ -86.588981991848001, 36.024565780006903 ], [ -86.589126825706501, 36.024544124980899 ], [ -86.589345740375805, 36.024536529857102 ], [ -86.589489834379194, 36.024472125773798 ], [ -86.589654191314395, 36.024347013745398 ], [ -86.589806291959206, 36.024279307870998 ], [ -86.589892400404196, 36.0242052288067 ], [ -86.590040271891496, 36.024080368651603 ], [ -86.590164497336104, 36.024016061054397 ], [ -86.590379085221699, 36.023995264665402 ], [ -86.590589146415297, 36.024047975873899 ], [ -86.590722521580005, 36.024134200034801 ], [ -86.590847818041397, 36.024270942222898 ], [ -86.5909515545613, 36.024350615346798 ], [ -86.591083813497093, 36.024343442087698 ], [ -86.5913548213057, 36.024235489084603 ], [ -86.591556689633407, 36.024095939557498 ], [ -86.591738653325606, 36.024008339578003 ], [ -86.591865110584706, 36.023903327355399 ], [ -86.591918194192303, 36.023765709924703 ], [ -86.591930738985695, 36.023463463681701 ], [ -86.591939814306897, 36.023376541012901 ], [ -86.591935923485494, 36.023251393883498 ], [ -86.591848947196695, 36.023151722538998 ], [ -86.5917313577811, 36.023028164081701 ], [ -86.591624216329706, 36.022945246110602 ], [ -86.591485094171901, 36.022825055372401 ], [ -86.591416448173902, 36.022689065894298 ], [ -86.5914267511925, 36.022596642957801 ], [ -86.591454050143895, 36.022459152269903 ], [ -86.591542087022205, 36.022303850377099 ], [ -86.591630908037004, 36.0222539658145 ], [ -86.591769866192493, 36.0221818578501 ], [ -86.591893345020694, 36.0220746281244 ], [ -86.592027184554198, 36.021882872987703 ], [ -86.592073780891994, 36.021782545302102 ], [ -86.592166492879102, 36.021687656892198 ], [ -86.592244581779497, 36.021615847544503 ], [ -86.592557244825301, 36.021483477810598 ], [ -86.592812269496505, 36.021387790424903 ], [ -86.593028996496699, 36.0212581235388 ], [ -86.593414003102296, 36.021021004303499 ], [ -86.593615713514794, 36.020861878610397 ], [ -86.593778789711493, 36.020736938791899 ], [ -86.593980596158801, 36.020590860888497 ], [ -86.594288573670894, 36.020398072725399 ], [ -86.594416166647605, 36.020276569281002 ], [ -86.594584032694698, 36.020114174990297 ], [ -86.594826168410606, 36.019935102650201 ], [ -86.595027905365598, 36.019780266794903 ], [ -86.595207804535903, 36.019588108764196 ], [ -86.595313533377293, 36.019426020406698 ], [ -86.595503191756194, 36.019126160288003 ], [ -86.595662619643093, 36.018910065287301 ], [ -86.595821906418394, 36.018675255891502 ], [ -86.596471057270094, 36.017590701717403 ], [ -86.596659340974995, 36.017277797516002 ], [ -86.5967304603342, 36.017179578469097 ], [ -86.596934103867497, 36.016942315697399 ], [ -86.596986384321099, 36.0168683989912 ], [ -86.597046621865502, 36.016784656145099 ], [ -86.5971482235948, 36.016636837272102 ], [ -86.597341873186494, 36.016307422484601 ], [ -86.597644999237801, 36.015922349800697 ], [ -86.598485068565097, 36.014883022799502 ], [ -86.599226256533996, 36.013961793446597 ], [ -86.599329020202902, 36.0138009179081 ], [ -86.599649340449403, 36.013400473354103 ], [ -86.599830225507603, 36.013174307248804 ], [ -86.599939665084193, 36.013002237648003 ], [ -86.600223905054094, 36.012638199077102 ], [ -86.600319074187695, 36.012535565521198 ], [ -86.600388428092003, 36.012428596453802 ], [ -86.600441713585496, 36.012320677261997 ], [ -86.600548499398897, 36.0121333393177 ], [ -86.600626247116907, 36.012018601917198 ], [ -86.600666231878705, 36.011940452399998 ], [ -86.600883250172998, 36.011686633006597 ], [ -86.601074546769397, 36.011552785614903 ], [ -86.601362767168894, 36.011436997278601 ], [ -86.601473671753396, 36.011403477847402 ], [ -86.601781185201901, 36.011323991794598 ], [ -86.601940551124201, 36.01127151491 ], [ -86.602179005992497, 36.011170224079699 ], [ -86.602419534527399, 36.011119572836499 ], [ -86.602577201265802, 36.011066073422697 ], [ -86.602936395814297, 36.010946663988904 ], [ -86.603175190971101, 36.010890525619999 ], [ -86.603467991897602, 36.010822097475398 ], [ -86.603784412707697, 36.010802998790801 ], [ -86.604044249835297, 36.010790707500497 ], [ -86.604271121353506, 36.0107785810279 ], [ -86.604409205537706, 36.010762435562498 ], [ -86.604535853724599, 36.010743085101403 ], [ -86.6046627991458, 36.010707250157402 ], [ -86.605001347807203, 36.010596866384702 ], [ -86.605112224861003, 36.010560081489601 ], [ -86.605263092562495, 36.010502148586603 ], [ -86.605477635151303, 36.010425180528401 ], [ -86.605671092552498, 36.010409957134002 ], [ -86.605801016160299, 36.010432311105397 ], [ -86.605933509657504, 36.010459116117303 ], [ -86.606308031230697, 36.0105770756726 ], [ -86.606550054139504, 36.010612085162201 ], [ -86.606824842258305, 36.010620659549303 ], [ -86.607014064362403, 36.010604253460897 ], [ -86.607394978563804, 36.0105628431131 ], [ -86.607650326911894, 36.010516399074099 ], [ -86.608054089999499, 36.010423190731402 ], [ -86.608486134356994, 36.010325374058098 ], [ -86.608594228396697, 36.010311779030197 ], [ -86.608809660490493, 36.010296267865002 ], [ -86.608969239302596, 36.0102724538743 ], [ -86.609138115923997, 36.0102485926528 ], [ -86.609331528777105, 36.010227697614098 ], [ -86.609446459656994, 36.010223853935202 ], [ -86.609569470547001, 36.010226493724304 ], [ -86.609718338350504, 36.010238960904601 ], [ -86.609981097048902, 36.0102772924729 ], [ -86.610293886069002, 36.0103361452732 ], [ -86.610532131352699, 36.0103744281421 ], [ -86.610640325315998, 36.010373879705 ], [ -86.610760725511696, 36.0103667448126 ], [ -86.6108726717151, 36.010359480977101 ], [ -86.611056762718306, 36.0103355399051 ], [ -86.611222544485003, 36.0102940067178 ], [ -86.611476563744105, 36.010240006646598 ], [ -86.6117802154168, 36.0101548485924 ], [ -86.612055466903001, 36.010059017197499 ], [ -86.612440194876996, 36.009964688950198 ], [ -86.612765188223904, 36.009852120133402 ], [ -86.612981248912902, 36.007560931607202 ], [ -86.6177406445549, 36.011848344322303 ], [ -86.619165973325806, 36.013128823517199 ], [ -86.626743877743905, 36.020014744999102 ], [ -86.6268251726123, 36.020089222835402 ], [ -86.633492619647498, 36.026049424055401 ], [ -86.6358557540768, 36.028220599930897 ], [ -86.642094356407199, 36.033758034539197 ], [ -86.644920414021001, 36.036234265500497 ], [ -86.647264132389196, 36.038274524182398 ], [ -86.647700270541904, 36.0386375974565 ], [ -86.653592363060099, 36.042191727537698 ], [ -86.657910834532998, 36.044685600942898 ], [ -86.6613052867894, 36.046673626608602 ], [ -86.669721430191302, 36.051590305378099 ], [ -86.671697169993706, 36.052739816385497 ], [ -86.672942976835103, 36.0535391260754 ], [ -86.676240519316295, 36.056631127623099 ], [ -86.679594995613101, 36.059853391058603 ], [ -86.682955650996405, 36.063168735143599 ], [ -86.688902160554306, 36.068829112893297 ], [ -86.689708420455304, 36.069749126412702 ], [ -86.690017081446399, 36.0701013288731 ], [ -86.690900560413795, 36.071291836196302 ], [ -86.692696332925607, 36.074065173692503 ], [ -86.694834168128097, 36.077562971502502 ], [ -86.695371070167297, 36.078446013431503 ], [ -86.695922618869901, 36.0793510711447 ], [ -86.700451169107495, 36.086498267442003 ], [ -86.701964674519104, 36.088585926195499 ], [ -86.705062635927902, 36.092341993850198 ], [ -86.706840482579693, 36.094539136918399 ], [ -86.708896645082106, 36.097072735872501 ], [ -86.711956720008303, 36.100834833814297 ], [ -86.712230430026295, 36.1011713129556 ], [ -86.712728381659304, 36.101681221154003 ], [ -86.713669641684007, 36.102645382436201 ], [ -86.717687756267907, 36.1054489938263 ], [ -86.718805876753294, 36.106305611906897 ], [ -86.7199004784826, 36.107365988928997 ], [ -86.720602242031504, 36.108221984304002 ], [ -86.720760347086298, 36.108390673073799 ], [ -86.720866068502303, 36.108522588872503 ], [ -86.721681884415403, 36.109633033114001 ], [ -86.718762928345399, 36.110537262298699 ], [ -86.717358271632705, 36.110806771254303 ], [ -86.716610954623107, 36.110810183664 ], [ -86.715615222494506, 36.110672216481198 ], [ -86.715105568358695, 36.1106568681369 ], [ -86.714620899749903, 36.110690473993202 ], [ -86.714221908909195, 36.1107927631124 ], [ -86.712015555980898, 36.111327757118502 ], [ -86.709689312830307, 36.111993903132102 ], [ -86.709048714845395, 36.112291266744798 ], [ -86.708325598799405, 36.112779519646701 ], [ -86.707810905992005, 36.113244740088597 ], [ -86.705617719981205, 36.115178668320802 ], [ -86.704377719253799, 36.116037858425003 ], [ -86.702627298377905, 36.117041485056603 ], [ -86.700279206029094, 36.118281201369797 ], [ -86.702320907885195, 36.119866935575899 ], [ -86.704952493092506, 36.1219069228923 ], [ -86.706977461402801, 36.123493705855502 ], [ -86.708151613079707, 36.124400397268502 ], [ -86.709569078390302, 36.125533826207899 ], [ -86.710950585260093, 36.1265911682992 ], [ -86.710728788787804, 36.126720116350697 ], [ -86.710428933769606, 36.1268067149392 ], [ -86.710181025981399, 36.126855893830196 ], [ -86.708927888811601, 36.127043530721799 ], [ -86.708345464045195, 36.1271044531236 ], [ -86.707222921534495, 36.127133068623202 ], [ -86.7072646183194, 36.128646758930302 ], [ -86.707273901411, 36.128881065172202 ], [ -86.707254388600902, 36.129256499993097 ], [ -86.706661784733598, 36.130254588822297 ], [ -86.706533911564904, 36.130630658059303 ], [ -86.7060697054076, 36.133026771290602 ], [ -86.705342902851299, 36.134171576391097 ], [ -86.704746665874595, 36.134957978598599 ], [ -86.705449365728896, 36.135291075846702 ], [ -86.706480597369506, 36.135437332852597 ], [ -86.707267064677296, 36.135906081130798 ], [ -86.708224827233806, 36.136926325207597 ], [ -86.708877346611203, 36.138131036094599 ], [ -86.709455218075604, 36.139791510250603 ], [ -86.710034572586693, 36.141615079986799 ], [ -86.710257906811606, 36.142350325254199 ], [ -86.708544134077897, 36.142625194134602 ], [ -86.706927950566893, 36.142899432520501 ], [ -86.704561998585007, 36.143274456470998 ], [ -86.703416020583504, 36.1434549935272 ], [ -86.701905091818404, 36.143696524428599 ], [ -86.699919944392605, 36.144023097246702 ], [ -86.698321274944902, 36.144161815868202 ], [ -86.697300827911405, 36.144290477123199 ], [ -86.695616106441406, 36.144369564915799 ], [ -86.694171079797101, 36.1443117854893 ], [ -86.692768125160597, 36.144174940628098 ], [ -86.692192663329294, 36.1440859050307 ], [ -86.691874888867801, 36.144040812192003 ], [ -86.690279477706596, 36.143814141273403 ], [ -86.6879690034785, 36.143459891176498 ], [ -86.685761110072704, 36.143133729994702 ], [ -86.680562768798595, 36.142373473874301 ], [ -86.678797752598101, 36.142169144968499 ], [ -86.677488193904495, 36.142067100852401 ], [ -86.676394505161795, 36.141989506239 ], [ -86.6727635198489, 36.141742800613997 ], [ -86.668565142404105, 36.1414577602634 ], [ -86.667665850007594, 36.141393877803502 ], [ -86.664338776044403, 36.141159523847797 ], [ -86.659550412436303, 36.140890168139997 ], [ -86.656616110410397, 36.141134522296603 ], [ -86.654018165109093, 36.141613058157603 ], [ -86.6526409966241, 36.1419717961017 ], [ -86.650476252386696, 36.142831641836104 ], [ -86.648793115279602, 36.143623788591697 ], [ -86.646874786305304, 36.144811153934903 ], [ -86.645991077583702, 36.145360836562098 ], [ -86.644318798099803, 36.146409075437397 ], [ -86.644468836950594, 36.145803577548399 ], [ -86.644685774103493, 36.144417213197798 ], [ -86.644819541265093, 36.143477174965398 ], [ -86.644990880826398, 36.142368162818201 ] ] ], [ [ [ -86.521588557393699, 36.138163911038198 ], [ -86.521741215103603, 36.137301708791902 ], [ -86.5220610313892, 36.137333289914302 ], [ -86.522462605695296, 36.137373444076097 ], [ -86.522879841790598, 36.137413357338097 ], [ -86.523300056197698, 36.137455488215799 ], [ -86.523457205479303, 36.137470086955801 ], [ -86.523296634124094, 36.138156514823301 ], [ -86.523154179134494, 36.138765946527997 ], [ -86.522882811631902, 36.139920881647299 ], [ -86.522561207141607, 36.141291332881302 ], [ -86.521929600508599, 36.141230369621503 ], [ -86.521062055088294, 36.141148445853702 ], [ -86.521177163523404, 36.140497414487299 ], [ -86.521273912697296, 36.139951880028498 ], [ -86.521375495714295, 36.139369067730598 ], [ -86.521519163148099, 36.138555321573897 ], [ -86.521542835750594, 36.138421300798498 ], [ -86.521588557393699, 36.138163911038198 ] ] ] ] } },
{ "type": "Feature", "properties": { "OBJECTID": 10, "CommunityNumber": 8, "CommunityName": "North Nashville", "GlobalID": "30ab97d4-af57-4749-b47a-11858e6e8aa6" }, "geometry": { "type": "Polygon", "coordinates": [ [ [ -86.822640903578701, 36.153027297860902 ], [ -86.822642361545803, 36.1530748217819 ], [ -86.822789104068704, 36.154568411156703 ], [ -86.822810186154797, 36.154700315526597 ], [ -86.822887555930095, 36.154916105397099 ], [ -86.822970584176005, 36.155164666046403 ], [ -86.823214243764596, 36.155509481009197 ], [ -86.823511003977302, 36.155789033093598 ], [ -86.823779969322004, 36.155960607479798 ], [ -86.824116168503707, 36.156164000461402 ], [ -86.824585293727793, 36.156323389327497 ], [ -86.8248729811489, 36.156363169874297 ], [ -86.825079195467197, 36.156361760169702 ], [ -86.825235153792903, 36.1563516535685 ], [ -86.825446752049203, 36.156332128271103 ], [ -86.825647109348694, 36.1563036370014 ], [ -86.825786254664393, 36.156284604495902 ], [ -86.825930971893001, 36.156265533695198 ], [ -86.8260812638527, 36.156246424559797 ], [ -86.8262593742256, 36.1562226058088 ], [ -86.826476217176307, 36.156171398589898 ], [ -86.826664486433501, 36.156133179004399 ], [ -86.826922010337299, 36.156059303507597 ], [ -86.827050768531393, 36.156022022190598 ], [ -86.827179524815094, 36.155984569054901 ], [ -86.827308277398103, 36.155946772419703 ], [ -86.827436604667795, 36.155908806868702 ], [ -86.827564930024593, 36.155870669499897 ], [ -86.827693251677204, 36.155832188632303 ], [ -86.827821148014493, 36.155793538851498 ], [ -86.827949042436202, 36.1557547172537 ], [ -86.828077358341304, 36.1557157209336 ], [ -86.828204823738204, 36.155676386926402 ], [ -86.828332710616195, 36.155636878196901 ], [ -86.828460170383707, 36.155597028876301 ], [ -86.830494944674697, 36.155049248399799 ], [ -86.832201410782901, 36.154610491125801 ], [ -86.832792059505195, 36.154446398255601 ], [ -86.832920489828794, 36.154418727715203 ], [ -86.833178231235095, 36.154366642315203 ], [ -86.833317678503803, 36.154339753752197 ], [ -86.833468555459106, 36.154312614393298 ], [ -86.833633398832703, 36.1542848632849 ], [ -86.833838826367497, 36.154250993955202 ], [ -86.834123341324599, 36.1542083363559 ], [ -86.834370278841504, 36.154175896123498 ], [ -86.834688716884401, 36.1541379817413 ], [ -86.835030916890403, 36.154104881203899 ], [ -86.8352301713673, 36.154088049861798 ], [ -86.835535231849803, 36.154066536705599 ], [ -86.835662194803206, 36.154060506766903 ], [ -86.835828071698799, 36.154050601610898 ], [ -86.8361751741364, 36.154040814175502 ], [ -86.836355938338002, 36.154037329487302 ], [ -86.836522710735906, 36.154032052892298 ], [ -86.836614044543097, 36.154023389056 ], [ -86.837219834130707, 36.1549073350333 ], [ -86.838008789237406, 36.156064894048001 ], [ -86.838237609537799, 36.156375230535097 ], [ -86.838431917336393, 36.156718828715199 ], [ -86.838567855700305, 36.157090589258601 ], [ -86.838660716427398, 36.157549878360598 ], [ -86.838718569546799, 36.158397973177998 ], [ -86.838827766144902, 36.158834798591599 ], [ -86.838991732901306, 36.159190714399998 ], [ -86.839147240061394, 36.159449666076803 ], [ -86.839357721606007, 36.159749537733397 ], [ -86.8397878282682, 36.1603408033139 ], [ -86.840308559580095, 36.161042805711197 ], [ -86.840631978180994, 36.161384251106298 ], [ -86.840955062702903, 36.161730404632799 ], [ -86.841239502572606, 36.161994864920501 ], [ -86.841582920924907, 36.1622874624152 ], [ -86.842040148532305, 36.162588433352298 ], [ -86.842488292987596, 36.1628235495334 ], [ -86.8430299399745, 36.163042773770101 ], [ -86.843462232751406, 36.163184692150502 ], [ -86.843846358876405, 36.163258133450597 ], [ -86.842184402240804, 36.163675752892203 ], [ -86.838497371698097, 36.1645800536213 ], [ -86.834489021136605, 36.165590094535801 ], [ -86.835202388265103, 36.167832498239697 ], [ -86.836036078874201, 36.167497385186302 ], [ -86.836235928030007, 36.167583376336999 ], [ -86.836255621550706, 36.167878977342603 ], [ -86.836436029514402, 36.168065305073299 ], [ -86.836615789913694, 36.168232709604801 ], [ -86.836908024562604, 36.168432321941602 ], [ -86.837741866150793, 36.168897025913203 ], [ -86.837163999811807, 36.169616673711801 ], [ -86.836387281937903, 36.170673724410698 ], [ -86.835339725034601, 36.172301516905399 ], [ -86.834014111050394, 36.174586680939797 ], [ -86.833666944561699, 36.175329103361797 ], [ -86.833424143947198, 36.176082382990501 ], [ -86.832807569993804, 36.1782288276857 ], [ -86.832436037522498, 36.179982255118702 ], [ -86.832188252226601, 36.181143098561499 ], [ -86.831859543334403, 36.182215337895897 ], [ -86.831371546935699, 36.183658161120498 ], [ -86.830940654766593, 36.185369508566197 ], [ -86.830841038180495, 36.185767791439801 ], [ -86.830596981075402, 36.1867308789272 ], [ -86.830193139171001, 36.187765796945698 ], [ -86.829776176675097, 36.1885603365428 ], [ -86.829184465238697, 36.189350665349998 ], [ -86.828513511578606, 36.190214490044703 ], [ -86.827703824325596, 36.191200849306398 ], [ -86.826696328495004, 36.192399307539297 ], [ -86.825807528878798, 36.193475357656702 ], [ -86.825085122173505, 36.194288931155903 ], [ -86.824267346137901, 36.195100715428602 ], [ -86.823412061952098, 36.195842404300997 ], [ -86.8221912658299, 36.196834702274103 ], [ -86.820702847296999, 36.197862984758899 ], [ -86.819114928432001, 36.198862758778503 ], [ -86.817909480711506, 36.199494993024402 ], [ -86.8166954635564, 36.200086829421501 ], [ -86.815431260772499, 36.200662777820199 ], [ -86.814166374085502, 36.201173873151099 ], [ -86.813159490752696, 36.201488678351701 ], [ -86.811952587546998, 36.201804820225199 ], [ -86.811004612723096, 36.202013834194297 ], [ -86.810096302713305, 36.2021901547729 ], [ -86.808477618932301, 36.202338800162899 ], [ -86.806558169605907, 36.202416482896702 ], [ -86.804757735688199, 36.202396073441598 ], [ -86.803141002066894, 36.202261644419799 ], [ -86.801701870626601, 36.2021542864887 ], [ -86.799362039340807, 36.201929019736397 ], [ -86.798000329841202, 36.201743821509098 ], [ -86.796697295111002, 36.201553356271901 ], [ -86.795085308213203, 36.201276703942902 ], [ -86.793509176038, 36.200930953453401 ], [ -86.792247453486695, 36.200506584857699 ], [ -86.791242926509995, 36.200077972417503 ], [ -86.790087726818896, 36.199566765497998 ], [ -86.7891530266443, 36.199102743173597 ], [ -86.787824638128498, 36.198339002075897 ], [ -86.786858273444395, 36.197634362109397 ], [ -86.785831851546305, 36.196749431687998 ], [ -86.785393990974697, 36.196201066395602 ], [ -86.784735902497403, 36.195386659684601 ], [ -86.784136946146305, 36.194482702800798 ], [ -86.783708274232694, 36.193650736702502 ], [ -86.783372113758901, 36.192998306809002 ], [ -86.783018614975703, 36.192072278706 ], [ -86.782575771233596, 36.190209727775702 ], [ -86.782396591670107, 36.188621373538197 ], [ -86.782376997211401, 36.186634519283302 ], [ -86.782026501098002, 36.184252342670497 ], [ -86.781841242442397, 36.182001639307998 ], [ -86.781490782880198, 36.179619458121103 ], [ -86.780813815054202, 36.177239558630298 ], [ -86.780303754096295, 36.176032035033799 ], [ -86.782252631141901, 36.175593078747397 ], [ -86.783497066229302, 36.175329200913602 ], [ -86.785400597926198, 36.174866121320697 ], [ -86.786134938218794, 36.174678622063503 ], [ -86.787542788320394, 36.174230918889599 ], [ -86.788546449218302, 36.173932016433803 ], [ -86.791433928977597, 36.173266982577303 ], [ -86.792068897054804, 36.173104986929097 ], [ -86.793277099470899, 36.1728011015094 ], [ -86.795149718992207, 36.172342186273397 ], [ -86.795665176084796, 36.172214024394897 ], [ -86.796754657772894, 36.1719459139184 ], [ -86.797067423340494, 36.171868556281801 ], [ -86.798219201170298, 36.1715837034914 ], [ -86.798625215620802, 36.171487244154903 ], [ -86.798001715533999, 36.1706361695204 ], [ -86.797402817489896, 36.169450472688403 ], [ -86.796805132004906, 36.168383747326203 ], [ -86.795913231341203, 36.167199804895603 ], [ -86.7954680670465, 36.166727495468301 ], [ -86.795019743603305, 36.165897055055098 ], [ -86.794572204234399, 36.165186277247599 ], [ -86.793528680331903, 36.163527555168798 ], [ -86.793223342394, 36.162339733920099 ], [ -86.7932126414278, 36.161269130033098 ], [ -86.793088335566594, 36.161023259191097 ], [ -86.795428322578502, 36.159974064114401 ], [ -86.796188942296993, 36.1596464381145 ], [ -86.796606370394301, 36.159468385339302 ], [ -86.796822251721096, 36.1593763064594 ], [ -86.797621728190506, 36.159039830107702 ], [ -86.798153481650701, 36.158819810013298 ], [ -86.798626202682797, 36.158624901956202 ], [ -86.799044098667295, 36.1584523316996 ], [ -86.799970977349503, 36.158070355862002 ], [ -86.800108864042301, 36.1580129548556 ], [ -86.800255128769294, 36.157946570111399 ], [ -86.800505204591701, 36.1578449863892 ], [ -86.800743644240498, 36.157765284330999 ], [ -86.800986863955998, 36.157697740256999 ], [ -86.801234869037501, 36.157642869182702 ], [ -86.801399308912806, 36.157615336623401 ], [ -86.801511743722102, 36.157595532034698 ], [ -86.802706986839695, 36.1573319372512 ], [ -86.802859068543, 36.1572967587162 ], [ -86.803607274430206, 36.157128670582701 ], [ -86.803835405315596, 36.157076845250401 ], [ -86.804003883152504, 36.157364510265097 ], [ -86.804806232662997, 36.157441574716202 ], [ -86.805250424174105, 36.157483766855897 ], [ -86.805902731942794, 36.157546372742502 ], [ -86.806770780101999, 36.157629509731699 ], [ -86.807766640812801, 36.157705947499203 ], [ -86.812336274710503, 36.1581482886385 ], [ -86.812373584337294, 36.158152023058399 ], [ -86.815400919577797, 36.156546980929498 ], [ -86.816840589522698, 36.1558163148311 ], [ -86.818485226084107, 36.154916584029699 ], [ -86.819985294819702, 36.154034576891803 ], [ -86.8203963100582, 36.153797062704299 ], [ -86.820601644826198, 36.153661539832598 ], [ -86.820766153716804, 36.153576591247699 ], [ -86.820888276643899, 36.153391336842503 ], [ -86.822640903578701, 36.153027297860902 ] ] ] } },
{ "type": "Feature", "properties": { "OBJECTID": 11, "CommunityNumber": 11, "CommunityName": "South Nashville", "GlobalID": "d58ec291-d909-4635-8ade-72e23b456f58" }, "geometry": { "type": "Polygon", "coordinates": [ [ [ -86.725402161234896, 36.164355777090101 ], [ -86.725299489127295, 36.164012317643298 ], [ -86.725255175823605, 36.163858645388999 ], [ -86.7250730293635, 36.163233175858402 ], [ -86.725010761221895, 36.163000621826299 ], [ -86.724987329910206, 36.1629190877971 ], [ -86.724758924129006, 36.162129584464999 ], [ -86.724692105241303, 36.161903020958 ], [ -86.724499321961005, 36.161242291482601 ], [ -86.724474080507704, 36.161161507606501 ], [ -86.724188937933405, 36.160207858334097 ], [ -86.7241560187082, 36.160108527388097 ], [ -86.723787776828203, 36.159004573052201 ], [ -86.723688831499899, 36.158787804791203 ], [ -86.723569294406204, 36.158490341199297 ], [ -86.723498668257406, 36.158320451063801 ], [ -86.723330039411707, 36.1579282444306 ], [ -86.722986356827107, 36.157136465508501 ], [ -86.7228627516524, 36.156863199684899 ], [ -86.722533898921995, 36.1561142740197 ], [ -86.722330868501501, 36.155579639405602 ], [ -86.722210309971999, 36.155127266307503 ], [ -86.722123871443301, 36.154701816184399 ], [ -86.722058180463506, 36.154183184837301 ], [ -86.722048884480003, 36.153800859802899 ], [ -86.722036473411706, 36.153153367234999 ], [ -86.722022201974696, 36.152528482633301 ], [ -86.722014813626402, 36.152079346406303 ], [ -86.7220036630263, 36.1515880444869 ], [ -86.722001314177305, 36.151329833817002 ], [ -86.722007331106298, 36.1511534701527 ], [ -86.722021248508895, 36.150961263545199 ], [ -86.722072546730203, 36.150642811320203 ], [ -86.721883158570805, 36.150628663847201 ], [ -86.722054284776206, 36.149260284602498 ], [ -86.722103374023902, 36.148880349905198 ], [ -86.722113465379095, 36.148796643418898 ], [ -86.722182545664594, 36.148213740494398 ], [ -86.722201159658894, 36.148119026730598 ], [ -86.722519802948796, 36.145196875354202 ], [ -86.722550956354496, 36.144672134576098 ], [ -86.722584054657204, 36.144361090911701 ], [ -86.722584657783301, 36.143970020298497 ], [ -86.7225858148973, 36.143864594285802 ], [ -86.722549813117993, 36.1436768067854 ], [ -86.722469421827498, 36.143449452441402 ], [ -86.722397772799198, 36.143298792170903 ], [ -86.722312013375102, 36.143179292639701 ], [ -86.722214377528701, 36.143063819924997 ], [ -86.721858964762006, 36.142661261001201 ], [ -86.721769576648597, 36.142514998773002 ], [ -86.721705945005795, 36.1423611996454 ], [ -86.721649924565, 36.142159796167199 ], [ -86.721637363439299, 36.141988865675302 ], [ -86.721691583240499, 36.141666274746001 ], [ -86.721744464292001, 36.141522423578401 ], [ -86.721817293031506, 36.1413841188973 ], [ -86.722277748036404, 36.140597170732597 ], [ -86.722373794660996, 36.140431329140199 ], [ -86.721429359596598, 36.140529693797902 ], [ -86.720606733907204, 36.140646505088299 ], [ -86.720133160212796, 36.1407103726415 ], [ -86.718857101584504, 36.140918882780198 ], [ -86.717163571641606, 36.1412147667982 ], [ -86.713253781181606, 36.141808991284996 ], [ -86.711436774930704, 36.1421381002149 ], [ -86.710257906811606, 36.142350325254199 ], [ -86.710034572586693, 36.141615079986799 ], [ -86.709455218075604, 36.139791510250603 ], [ -86.708877346611203, 36.138131036094599 ], [ -86.708224827233806, 36.136926325207597 ], [ -86.707267064677296, 36.135906081130798 ], [ -86.706480597369506, 36.135437332852597 ], [ -86.705449365728896, 36.135291075846702 ], [ -86.704746665874595, 36.134957978598599 ], [ -86.705342902851299, 36.134171576391097 ], [ -86.7060697054076, 36.133026771290602 ], [ -86.706533911564904, 36.130630658059303 ], [ -86.706661784733598, 36.130254588822297 ], [ -86.707254388600902, 36.129256499993097 ], [ -86.707273901411, 36.128881065172202 ], [ -86.7072646183194, 36.128646758930302 ], [ -86.707222921534495, 36.127133068623202 ], [ -86.708345464045195, 36.1271044531236 ], [ -86.708927888811601, 36.127043530721799 ], [ -86.710181025981399, 36.126855893830196 ], [ -86.710428933769606, 36.1268067149392 ], [ -86.710728788787804, 36.126720116350697 ], [ -86.710950585260093, 36.1265911682992 ], [ -86.709569078390302, 36.125533826207899 ], [ -86.708151613079707, 36.124400397268502 ], [ -86.706977461402801, 36.123493705855502 ], [ -86.704952493092506, 36.1219069228923 ], [ -86.702320907885195, 36.119866935575899 ], [ -86.700279206029094, 36.118281201369797 ], [ -86.702627298377905, 36.117041485056603 ], [ -86.704377719253799, 36.116037858425003 ], [ -86.705617719981205, 36.115178668320802 ], [ -86.707810905992005, 36.113244740088597 ], [ -86.708325598799405, 36.112779519646701 ], [ -86.709048714845395, 36.112291266744798 ], [ -86.709689312830307, 36.111993903132102 ], [ -86.712015555980898, 36.111327757118502 ], [ -86.714221908909195, 36.1107927631124 ], [ -86.714620899749903, 36.110690473993202 ], [ -86.715105568358695, 36.1106568681369 ], [ -86.715615222494506, 36.110672216481198 ], [ -86.716610954623107, 36.110810183664 ], [ -86.717358271632705, 36.110806771254303 ], [ -86.718762928345399, 36.110537262298699 ], [ -86.721681884415403, 36.109633033114001 ], [ -86.720866068502303, 36.108522588872503 ], [ -86.720760347086298, 36.108390673073799 ], [ -86.720602242031504, 36.108221984304002 ], [ -86.7199004784826, 36.107365988928997 ], [ -86.718805876753294, 36.106305611906897 ], [ -86.717687756267907, 36.1054489938263 ], [ -86.713669641684007, 36.102645382436201 ], [ -86.712728381659304, 36.101681221154003 ], [ -86.712230430026295, 36.1011713129556 ], [ -86.711956722829001, 36.100834833797599 ], [ -86.712756947904197, 36.100385105490901 ], [ -86.713668646925697, 36.099803508040502 ], [ -86.713769347599595, 36.099379342597103 ], [ -86.713688096434097, 36.098813061055303 ], [ -86.713821455785194, 36.098209453424403 ], [ -86.714461781134901, 36.097425997879398 ], [ -86.715840675448902, 36.097468641829899 ], [ -86.717155000313397, 36.097342191788798 ], [ -86.719017332326402, 36.096943931184803 ], [ -86.720507936615306, 36.096288433131697 ], [ -86.721567455092696, 36.095688721995003 ], [ -86.725714091199904, 36.092375715809297 ], [ -86.727668774519202, 36.091499624848701 ], [ -86.728797647662901, 36.09116636281 ], [ -86.729483549399902, 36.091057682838702 ], [ -86.729901463309702, 36.090985464051798 ], [ -86.730266038981497, 36.090948411729897 ], [ -86.7305662193031, 36.090911748482696 ], [ -86.730984452107606, 36.090874368871297 ], [ -86.731510409578405, 36.090879889844402 ], [ -86.731993354986997, 36.090876958997796 ], [ -86.732669482447605, 36.090872852538801 ], [ -86.733581876196297, 36.090884728691599 ], [ -86.734472646005798, 36.090879306074797 ], [ -86.735138119596598, 36.090883961316898 ], [ -86.7358574987705, 36.090914418164502 ], [ -86.736340608536096, 36.090928890203102 ], [ -86.736781109805094, 36.090978467847599 ], [ -86.737500894841801, 36.091052467959599 ], [ -86.737790906988806, 36.091076825743698 ], [ -86.738220516477398, 36.091109041191899 ], [ -86.738908187469207, 36.091191940175399 ], [ -86.739628138652293, 36.0912833501827 ], [ -86.740229710527501, 36.091340635500103 ], [ -86.74078851646, 36.091415604157604 ], [ -86.741637501045005, 36.091532341347097 ], [ -86.742164193279507, 36.091616211809402 ], [ -86.7425725912818, 36.091674676577199 ], [ -86.742819759280096, 36.091707999070302 ], [ -86.743013182030296, 36.091732939307299 ], [ -86.743389220370901, 36.091774177117102 ], [ -86.743765011605007, 36.091789283322001 ], [ -86.7443126842347, 36.091820748797097 ], [ -86.744688315343296, 36.091818429519201 ], [ -86.745385750003294, 36.091796696612903 ], [ -86.745718206154095, 36.091768509049899 ], [ -86.746254326542399, 36.091712923740303 ], [ -86.746436530432703, 36.091685663995698 ], [ -86.747100536747794, 36.091533461390803 ], [ -86.747582258646901, 36.091399809000599 ], [ -86.748459757233803, 36.091124318970103 ], [ -86.7492939921068, 36.090814248719198 ], [ -86.749411551503002, 36.090761249594699 ], [ -86.749902598329996, 36.0904794395286 ], [ -86.750436241132604, 36.090162519681101 ], [ -86.750649646520202, 36.090030522244703 ], [ -86.750979869881107, 36.089767132400702 ], [ -86.751736400092298, 36.0891874823457 ], [ -86.753183633574096, 36.087880488256403 ], [ -86.753875575242503, 36.087283804121597 ], [ -86.756301991183307, 36.085125661653599 ], [ -86.756546489898, 36.084880215058497 ], [ -86.756977542638396, 36.0844405654695 ], [ -86.757219266621803, 36.084191462872298 ], [ -86.757545959961604, 36.083847221762603 ], [ -86.7578152277502, 36.083558969990001 ], [ -86.758142110887505, 36.083235157741299 ], [ -86.758507374091593, 36.082943725244903 ], [ -86.758814752392595, 36.082660038839201 ], [ -86.759262191775505, 36.0822475565313 ], [ -86.759627409668298, 36.081908046065003 ], [ -86.760050939476599, 36.081517688370703 ], [ -86.761184364260401, 36.081971883625698 ], [ -86.7614472731848, 36.082081482151601 ], [ -86.761681189333203, 36.082167397598703 ], [ -86.761794928098595, 36.082205482172 ], [ -86.762032518686397, 36.082277466386103 ], [ -86.762141948608104, 36.0823073364826 ], [ -86.7623387099746, 36.082356570988999 ], [ -86.762526924018104, 36.082396759371903 ], [ -86.762714664141399, 36.082431627899098 ], [ -86.762831186811297, 36.0824511507709 ], [ -86.762932853018796, 36.0824654449817 ], [ -86.763096767941704, 36.082486212950599 ], [ -86.7634363301826, 36.082515998635003 ], [ -86.763651753773203, 36.082526137947603 ], [ -86.7638307294269, 36.0825396006028 ], [ -86.763523342018203, 36.084408198017002 ], [ -86.763335794174594, 36.085392069409103 ], [ -86.763174869632294, 36.086362212376002 ], [ -86.762924364394294, 36.0878764907362 ], [ -86.762760509125897, 36.088902580195601 ], [ -86.762592704444302, 36.090680256591703 ], [ -86.762584035842906, 36.092244882173098 ], [ -86.762650693178003, 36.093638910735599 ], [ -86.762780536459303, 36.094838503177897 ], [ -86.762929803018196, 36.095749872715103 ], [ -86.763083394999697, 36.096464005722403 ], [ -86.763400047440697, 36.097739583296402 ], [ -86.763804052545893, 36.099026110006498 ], [ -86.764727662083502, 36.101206363880799 ], [ -86.765187561267496, 36.102118396429901 ], [ -86.765719334584801, 36.103086220215701 ], [ -86.766592797087299, 36.104365336367103 ], [ -86.767005074862695, 36.104979199456501 ], [ -86.767950125025806, 36.106335652956503 ], [ -86.768585176761803, 36.107293236695597 ], [ -86.7687303470708, 36.107471070660402 ], [ -86.7698030533479, 36.109018759758598 ], [ -86.771115461664493, 36.110871010371 ], [ -86.771709049262299, 36.111821539404197 ], [ -86.772325750206093, 36.112901249011998 ], [ -86.772653825651801, 36.113650482203902 ], [ -86.773054545994398, 36.114783935596698 ], [ -86.773184848859799, 36.115251260295402 ], [ -86.773354767402594, 36.115988421872402 ], [ -86.773534728108501, 36.117047676523597 ], [ -86.773600098578996, 36.117577618307202 ], [ -86.773629085452399, 36.118072415200402 ], [ -86.773644289065501, 36.118582226373903 ], [ -86.773640244715594, 36.119049805144201 ], [ -86.773578065313004, 36.120013551951097 ], [ -86.773524221114897, 36.120383426346002 ], [ -86.773467957275102, 36.120788534072702 ], [ -86.773412848543202, 36.121146592452803 ], [ -86.772996790921496, 36.123479105096003 ], [ -86.772856662928902, 36.124260720226502 ], [ -86.772745446621897, 36.124826033068501 ], [ -86.772643698442195, 36.125357692606499 ], [ -86.772606055913599, 36.125909226469702 ], [ -86.772569091876704, 36.126530541396598 ], [ -86.772573709115306, 36.127005043591701 ], [ -86.772610521465595, 36.127381302423402 ], [ -86.772686772384205, 36.128016186081197 ], [ -86.772822382868895, 36.128692220894202 ], [ -86.772956161399804, 36.129179852873001 ], [ -86.773124078190307, 36.1296393507833 ], [ -86.773352382764301, 36.130162777745703 ], [ -86.773546067155806, 36.1305717486308 ], [ -86.773687791684594, 36.1308844942333 ], [ -86.773896869672697, 36.131260359407101 ], [ -86.774280590492495, 36.131795234021602 ], [ -86.774796066578006, 36.132608396040901 ], [ -86.775035760190704, 36.1330039926954 ], [ -86.775313941204601, 36.133665784630402 ], [ -86.775425508593699, 36.134043663158899 ], [ -86.775513716134398, 36.134438339111597 ], [ -86.775592670876904, 36.134899167263796 ], [ -86.775632944739598, 36.135499047819103 ], [ -86.775735535697606, 36.137194134964503 ], [ -86.775846959540701, 36.138303074644 ], [ -86.775995434113199, 36.139139431229502 ], [ -86.776209404940005, 36.140044952242803 ], [ -86.7766201504826, 36.141438275408902 ], [ -86.776736835224796, 36.141932989508 ], [ -86.776934909835902, 36.142831924135102 ], [ -86.777053042629504, 36.1436240763923 ], [ -86.777191766992004, 36.144761512354002 ], [ -86.777239944189304, 36.145958664473099 ], [ -86.777392491250097, 36.147576471350902 ], [ -86.777518203993097, 36.148314835834 ], [ -86.777539182509798, 36.148595585585298 ], [ -86.776974662395801, 36.148650965481899 ], [ -86.776724486548005, 36.148682111844003 ], [ -86.775828281011002, 36.148780248035202 ], [ -86.774684211471197, 36.149077072410698 ], [ -86.773698941508201, 36.1494209417517 ], [ -86.772350927774994, 36.149957086094098 ], [ -86.771414898077794, 36.150325935767597 ], [ -86.770665727401095, 36.150621043562197 ], [ -86.769712153622905, 36.1510167049912 ], [ -86.768930212495604, 36.151340042578703 ], [ -86.768062049829197, 36.151714882206697 ], [ -86.765832219758295, 36.152530858248603 ], [ -86.764529554931201, 36.153119953979797 ], [ -86.763513853589998, 36.153611244091898 ], [ -86.762520568488299, 36.154145306968601 ], [ -86.761543538770496, 36.1549427517363 ], [ -86.761358532872805, 36.155098325436498 ], [ -86.760879466150101, 36.155654367860699 ], [ -86.760526305285197, 36.156093894270697 ], [ -86.760328433627507, 36.156522311447702 ], [ -86.760168410235096, 36.157188970333998 ], [ -86.760173161850801, 36.157898134497799 ], [ -86.760216350069101, 36.159014786335703 ], [ -86.759427226096804, 36.159029541095201 ], [ -86.758719530844402, 36.159105759642898 ], [ -86.7569511050377, 36.159404277032401 ], [ -86.755317177802297, 36.159598568097103 ], [ -86.753413105553705, 36.1599291302783 ], [ -86.751254582809906, 36.160221242259198 ], [ -86.750228789843305, 36.160379914100098 ], [ -86.747665692945006, 36.160970472811798 ], [ -86.745714167218907, 36.161575398821803 ], [ -86.744200426437303, 36.161994914231201 ], [ -86.742454668366094, 36.1625109552783 ], [ -86.739802943791204, 36.1631017193818 ], [ -86.738210688168394, 36.163326942058198 ], [ -86.736023345423206, 36.163632176979696 ], [ -86.7337865417703, 36.163856806134199 ], [ -86.732168014429305, 36.164083653798997 ], [ -86.729184435956398, 36.164243705453003 ], [ -86.727767153377201, 36.164252259925298 ], [ -86.726902381055595, 36.164293869952097 ], [ -86.726066997944699, 36.164307826349301 ], [ -86.725402161234896, 36.164355777090101 ] ] ] } },
{ "type": "Feature", "properties": { "OBJECTID": 12, "CommunityNumber": 12, "CommunityName": "Southeast", "GlobalID": "b01406e6-8be0-475c-8d01-840515b0127a" }, "geometry": { "type": "Polygon", "coordinates": [ [ [ -86.7638307294269, 36.0825396006028 ], [ -86.763651753773203, 36.082526137947603 ], [ -86.7634363301826, 36.082515998635003 ], [ -86.763096767941704, 36.082486212950599 ], [ -86.762932853018796, 36.0824654449817 ], [ -86.762831186811297, 36.0824511507709 ], [ -86.762714664141399, 36.082431627899098 ], [ -86.762526924018104, 36.082396759371903 ], [ -86.7623387099746, 36.082356570988999 ], [ -86.762141948608104, 36.0823073364826 ], [ -86.762032518686397, 36.082277466386103 ], [ -86.761794928098595, 36.082205482172 ], [ -86.761681189333203, 36.082167397598703 ], [ -86.7614472731848, 36.082081482151601 ], [ -86.761184364260401, 36.081971883625698 ], [ -86.760050939476599, 36.081517688370703 ], [ -86.759627409668298, 36.081908046065003 ], [ -86.759262191775505, 36.0822475565313 ], [ -86.758814752392595, 36.082660038839201 ], [ -86.758507374091593, 36.082943725244903 ], [ -86.758142110887505, 36.083235157741299 ], [ -86.7578152277502, 36.083558969990001 ], [ -86.757545959961604, 36.083847221762603 ], [ -86.757219266621803, 36.084191462872298 ], [ -86.756977542638396, 36.0844405654695 ], [ -86.756546489898, 36.084880215058497 ], [ -86.756301991183307, 36.085125661653599 ], [ -86.753875575242503, 36.087283804121597 ], [ -86.753183633574096, 36.087880488256403 ], [ -86.751736400092298, 36.0891874823457 ], [ -86.750979869881107, 36.089767132400702 ], [ -86.750649646520202, 36.090030522244703 ], [ -86.750436241132604, 36.090162519681101 ], [ -86.749902598329996, 36.0904794395286 ], [ -86.749411551503002, 36.090761249594699 ], [ -86.7492939921068, 36.090814248719198 ], [ -86.748459757233803, 36.091124318970103 ], [ -86.747582258646901, 36.091399809000599 ], [ -86.747100536747794, 36.091533461390803 ], [ -86.746436530432703, 36.091685663995698 ], [ -86.746254326542399, 36.091712923740303 ], [ -86.745718206154095, 36.091768509049899 ], [ -86.745385750003294, 36.091796696612903 ], [ -86.744688315343296, 36.091818429519201 ], [ -86.7443126842347, 36.091820748797097 ], [ -86.743765011605007, 36.091789283322001 ], [ -86.743389220370901, 36.091774177117102 ], [ -86.743013182030296, 36.091732939307299 ], [ -86.742819759280096, 36.091707999070302 ], [ -86.7425725912818, 36.091674676577199 ], [ -86.742164193279507, 36.091616211809402 ], [ -86.741637501045005, 36.091532341347097 ], [ -86.74078851646, 36.091415604157604 ], [ -86.740229710527501, 36.091340635500103 ], [ -86.739628138652293, 36.0912833501827 ], [ -86.738908187469207, 36.091191940175399 ], [ -86.738220516477398, 36.091109041191899 ], [ -86.737790906988806, 36.091076825743698 ], [ -86.737500894841801, 36.091052467959599 ], [ -86.736781109805094, 36.090978467847599 ], [ -86.736340608536096, 36.090928890203102 ], [ -86.7358574987705, 36.090914418164502 ], [ -86.735138119596598, 36.090883961316898 ], [ -86.734472646005798, 36.090879306074797 ], [ -86.733581876196297, 36.090884728691599 ], [ -86.732669482447605, 36.090872852538801 ], [ -86.731993354986997, 36.090876958997796 ], [ -86.731510409578405, 36.090879889844402 ], [ -86.730984452107606, 36.090874368871297 ], [ -86.7305662193031, 36.090911748482696 ], [ -86.730266038981497, 36.090948411729897 ], [ -86.729901463309702, 36.090985464051798 ], [ -86.729483549399902, 36.091057682838702 ], [ -86.728797647662901, 36.09116636281 ], [ -86.727668774519202, 36.091499624848701 ], [ -86.725714091199904, 36.092375715809297 ], [ -86.721567455092696, 36.095688721995003 ], [ -86.720507936615306, 36.096288433131697 ], [ -86.719017332326402, 36.096943931184803 ], [ -86.717155000313397, 36.097342191788798 ], [ -86.715840675448902, 36.097468641829899 ], [ -86.714461781134901, 36.097425997879398 ], [ -86.713821455785194, 36.098209453424403 ], [ -86.713688096434097, 36.098813061055303 ], [ -86.713769347599595, 36.099379342597103 ], [ -86.713668646925697, 36.099803508040502 ], [ -86.712756947904197, 36.100385105490901 ], [ -86.711956722829001, 36.100834833797599 ], [ -86.708896645082106, 36.097072735872501 ], [ -86.706840482579693, 36.094539136918399 ], [ -86.705062635927902, 36.092341993850198 ], [ -86.701964674519104, 36.088585926195499 ], [ -86.700451169107495, 36.086498267442003 ], [ -86.695922618849906, 36.079351068855601 ], [ -86.695371070167297, 36.078446013431503 ], [ -86.694834168128097, 36.077562971502502 ], [ -86.692696332905598, 36.074065171403397 ], [ -86.690900560413795, 36.071291836196302 ], [ -86.690017081446399, 36.0701013288731 ], [ -86.689708420455304, 36.069749126412702 ], [ -86.688902160554306, 36.068829112893297 ], [ -86.682955653815895, 36.063168735127597 ], [ -86.679594995613101, 36.059853391058603 ], [ -86.676240519316295, 36.056631127623099 ], [ -86.672942976815705, 36.053539123786202 ], [ -86.671697169993706, 36.052739816385497 ], [ -86.669721430191302, 36.051590305378099 ], [ -86.6613052867894, 36.046673626608602 ], [ -86.657910834532998, 36.044685600942898 ], [ -86.653592363060099, 36.042191727537698 ], [ -86.647700270560605, 36.038637599745698 ], [ -86.647264129570601, 36.038274524197597 ], [ -86.644920414021001, 36.036234265500497 ], [ -86.642094356407199, 36.033758034539197 ], [ -86.635855756894898, 36.028220599915997 ], [ -86.633492619647498, 36.026049424055401 ], [ -86.6268251726123, 36.020089222835402 ], [ -86.626743877743905, 36.020014744999102 ], [ -86.619165973308, 36.013128821228001 ], [ -86.617740641755105, 36.011848346625897 ], [ -86.612981248912902, 36.007560931607202 ], [ -86.614174626865506, 36.000046208296403 ], [ -86.614854228472495, 35.9962291783974 ], [ -86.615591475040503, 35.991733814100797 ], [ -86.613295550356099, 35.991542238971903 ], [ -86.609602226118, 35.991289709882402 ], [ -86.609576505563595, 35.987933845220603 ], [ -86.609747471196499, 35.985763583331298 ], [ -86.607304803385503, 35.9854198269718 ], [ -86.607798065019395, 35.981739406692803 ], [ -86.608013739370094, 35.979941674415102 ], [ -86.609723999352497, 35.980000846656601 ], [ -86.610503436188793, 35.975590103718602 ], [ -86.614427022970702, 35.975993723442102 ], [ -86.614212183019106, 35.975198313366398 ], [ -86.613898037572397, 35.972318481469102 ], [ -86.614571522836798, 35.967738606030402 ], [ -86.619246551590606, 35.968291040484097 ], [ -86.618895290448606, 35.971411570860198 ], [ -86.621023921901894, 35.971620898284698 ], [ -86.627826513238006, 35.9723144752679 ], [ -86.627527551737003, 35.974044861728402 ], [ -86.635726763393194, 35.974595064517999 ], [ -86.648725824930494, 35.975627513320099 ], [ -86.648607966195001, 35.976509475175497 ], [ -86.653753530269498, 35.978447762253303 ], [ -86.661033956159599, 35.981272453522799 ], [ -86.667938307957897, 35.983980149008701 ], [ -86.675784105486997, 35.9869872775378 ], [ -86.681726701337496, 35.989275827105303 ], [ -86.685811173946007, 35.993710432400498 ], [ -86.687874843021305, 35.995503380267103 ], [ -86.689444663519694, 35.995158047226099 ], [ -86.690320429730406, 35.995229779440599 ], [ -86.690863088579206, 35.9950441526574 ], [ -86.691627107763097, 35.994511109094603 ], [ -86.692706931908702, 35.9949181800405 ], [ -86.693117736582593, 35.995944115929198 ], [ -86.698646985165098, 35.999343036488 ], [ -86.706621879992298, 36.004257379907401 ], [ -86.712656424959107, 36.008025620163103 ], [ -86.718386490689696, 36.008577757884801 ], [ -86.732509678940303, 36.009924658762898 ], [ -86.734811241885595, 36.0112303111272 ], [ -86.742105369827598, 36.0152958722203 ], [ -86.749653331896297, 36.019170030524101 ], [ -86.757393778658297, 36.023292499200302 ], [ -86.762328687323603, 36.025942606635901 ], [ -86.769511767064202, 36.029779543599098 ], [ -86.774721135629903, 36.032571617564003 ], [ -86.787092313419095, 36.036203589425199 ], [ -86.786635153943294, 36.037052879662198 ], [ -86.786557670520907, 36.037437523539197 ], [ -86.786386911774798, 36.038104877619197 ], [ -86.786199294892299, 36.038562265867498 ], [ -86.785915724933204, 36.039032284725302 ], [ -86.785652839213597, 36.039352113459799 ], [ -86.784652533540793, 36.040583070591801 ], [ -86.783732358943794, 36.041699458571799 ], [ -86.782152016338699, 36.043631123501598 ], [ -86.781928944460205, 36.043937972682599 ], [ -86.781577816133805, 36.044306380235298 ], [ -86.781131321564104, 36.044747433083899 ], [ -86.7804417659965, 36.0452740872284 ], [ -86.779765979087699, 36.045698611975403 ], [ -86.779170834277906, 36.046056588160901 ], [ -86.778480548932194, 36.046511211946402 ], [ -86.777791136693807, 36.047055854879801 ], [ -86.777220197179304, 36.047623739850302 ], [ -86.776847857811802, 36.048094308304002 ], [ -86.776513580769404, 36.048678669194601 ], [ -86.776282062927393, 36.049190343691897 ], [ -86.776153895836899, 36.049689347037301 ], [ -86.776064087062807, 36.050332154676099 ], [ -86.776010339944904, 36.052397234622397 ], [ -86.775982469084695, 36.053327745747701 ], [ -86.775918888847897, 36.054161516760502 ], [ -86.775767114040804, 36.054739633260198 ], [ -86.775645272030005, 36.055130556127999 ], [ -86.775465000615199, 36.055593880445699 ], [ -86.775262027608804, 36.0560033300764 ], [ -86.775131267290902, 36.056238255610197 ], [ -86.774848156817598, 36.056768263310403 ], [ -86.774624347580101, 36.057315894400503 ], [ -86.774524668973399, 36.057706673391401 ], [ -86.7744201737829, 36.058361577862797 ], [ -86.773443558032994, 36.058271813245099 ], [ -86.772413726794994, 36.060277226804303 ], [ -86.772269057851602, 36.060638178588 ], [ -86.772154581830193, 36.0610290500208 ], [ -86.771721869027701, 36.062904482748699 ], [ -86.770933041175795, 36.066174682659899 ], [ -86.770076329701595, 36.069816693758497 ], [ -86.769241958466495, 36.073237962131202 ], [ -86.769105504360297, 36.073652977200503 ], [ -86.768852385425404, 36.074236796748103 ], [ -86.768511010509002, 36.074869193644503 ], [ -86.768198157121404, 36.075393369786802 ], [ -86.767847522204804, 36.075833757719998 ], [ -86.767497898383496, 36.076240259102697 ], [ -86.767079355294698, 36.076678941073503 ], [ -86.765792148355402, 36.078139631746801 ], [ -86.7652367858866, 36.078821395138 ], [ -86.764901600720606, 36.079333698774001 ], [ -86.764632258398095, 36.079773560920103 ], [ -86.764385672658193, 36.080273298332102 ], [ -86.764169176906904, 36.080826862167299 ], [ -86.764012290213699, 36.081428065320097 ], [ -86.763929045270501, 36.081806899954003 ], [ -86.7638307294269, 36.0825396006028 ] ] ] } },
{ "type": "Feature", "properties": { "OBJECTID": 13, "CommunityNumber": 7, "CommunityName": "West Nashville", "GlobalID": "1b77e110-f786-47e3-98eb-3199ed459993" }, "geometry": { "type": "Polygon", "coordinates": [ [ [ -86.885245055653797, 36.078931817624003 ], [ -86.885422727386896, 36.079017785554399 ], [ -86.885417190564993, 36.079545795898902 ], [ -86.8854405803948, 36.080619591504501 ], [ -86.8855183280413, 36.082584955273198 ], [ -86.886471161330505, 36.082559753240297 ], [ -86.886819387185895, 36.082603207230299 ], [ -86.887146333494897, 36.0826511275474 ], [ -86.8875386344086, 36.082761370488797 ], [ -86.888066478629696, 36.082945938609598 ], [ -86.889072002483999, 36.083360548497403 ], [ -86.8895598163476, 36.0834997154844 ], [ -86.892142134661796, 36.084051693535798 ], [ -86.892664366505699, 36.084157233672499 ], [ -86.893129048854107, 36.084294723807403 ], [ -86.893657239491404, 36.084460366831003 ], [ -86.894750249010698, 36.084901500843401 ], [ -86.895911896223097, 36.084483376208297 ], [ -86.896493068522105, 36.084324356850402 ], [ -86.897263271995499, 36.084983096455801 ], [ -86.897566759448395, 36.085071837157201 ], [ -86.897951923918896, 36.085387467887699 ], [ -86.898387273703705, 36.0862124929942 ], [ -86.899707821063501, 36.085966047109402 ], [ -86.900894550767305, 36.085820686252497 ], [ -86.9016785478088, 36.085714726056999 ], [ -86.902492651562, 36.085317164779802 ], [ -86.902278324975399, 36.087193876595002 ], [ -86.903074429608097, 36.088189083908802 ], [ -86.905021631667097, 36.088802552947499 ], [ -86.905598768697601, 36.0892532176426 ], [ -86.906617696877603, 36.090119328354703 ], [ -86.906824719346901, 36.090316425388302 ], [ -86.907228379320898, 36.090579004667298 ], [ -86.907834751590997, 36.090920067486202 ], [ -86.908323331790797, 36.091171530172801 ], [ -86.908691242654598, 36.091969726083597 ], [ -86.909069428816494, 36.092149389680301 ], [ -86.9094688683317, 36.092300561739997 ], [ -86.910745320293699, 36.0931100951736 ], [ -86.912022034619099, 36.092982145929902 ], [ -86.913272443810996, 36.0934369513974 ], [ -86.9135886601035, 36.093634755048697 ], [ -86.914323364714704, 36.094129855651403 ], [ -86.914531059511205, 36.094125533451802 ], [ -86.915584053310795, 36.0935650206006 ], [ -86.916243732668207, 36.093387110543901 ], [ -86.9165350137975, 36.093366696946099 ], [ -86.916816132394004, 36.093455559442297 ], [ -86.917042250341396, 36.093581239431501 ], [ -86.917201098781703, 36.093743830543701 ], [ -86.917419157808496, 36.094197341380898 ], [ -86.917941505471802, 36.094730263697997 ], [ -86.917278279046201, 36.095590878385103 ], [ -86.916679370569, 36.096159801678503 ], [ -86.916322174366101, 36.096299015839399 ], [ -86.915394757059502, 36.096597429856097 ], [ -86.914997274850705, 36.096729219484402 ], [ -86.914613814318102, 36.096976453646 ], [ -86.914258112075601, 36.097393112901599 ], [ -86.914005233079706, 36.097700135734101 ], [ -86.913940789254198, 36.097946322780601 ], [ -86.914284063754394, 36.098508089056502 ], [ -86.914333475621504, 36.098718970539601 ], [ -86.913556217093301, 36.099605942093802 ], [ -86.9126791411054, 36.100386250157399 ], [ -86.912463620594494, 36.100668433994699 ], [ -86.912369380928595, 36.100752591762003 ], [ -86.912042296139006, 36.101305526445302 ], [ -86.911872455852404, 36.101439017477297 ], [ -86.911158415423102, 36.1017538124878 ], [ -86.911013695373498, 36.101864105089298 ], [ -86.910702045606996, 36.1020668293027 ], [ -86.910781996343104, 36.102175424736402 ], [ -86.911074668075301, 36.102273313291803 ], [ -86.912522959182994, 36.102407961957098 ], [ -86.915313424855697, 36.102617529560597 ], [ -86.915865499114602, 36.102671710458502 ], [ -86.915600295610304, 36.104624285952099 ], [ -86.913951018530497, 36.104681746473702 ], [ -86.913061738269107, 36.105362049192799 ], [ -86.912575901211994, 36.106021093112197 ], [ -86.912277956255707, 36.1064601438122 ], [ -86.912094622679007, 36.108072560667701 ], [ -86.912043571752804, 36.108528114586797 ], [ -86.911973651405404, 36.109256808744199 ], [ -86.911880984016506, 36.109994774624901 ], [ -86.911757079435503, 36.110924074687901 ], [ -86.911641881387396, 36.111616710791601 ], [ -86.911486626776195, 36.112764816711298 ], [ -86.911310399449405, 36.114040307564302 ], [ -86.9111952973971, 36.1147420418162 ], [ -86.911059220656497, 36.115607732551602 ], [ -86.910997364917307, 36.116081566503098 ], [ -86.910857902263004, 36.117611746751898 ], [ -86.910727877743298, 36.118968956899003 ], [ -86.910566913894399, 36.1205811969918 ], [ -86.910797818911405, 36.121339723987397 ], [ -86.910523892241798, 36.121627665961597 ], [ -86.909952758123893, 36.122166980610103 ], [ -86.9097900779133, 36.122338530147601 ], [ -86.909273546450194, 36.122915889469397 ], [ -86.908818195923104, 36.123292244639401 ], [ -86.908455117853407, 36.123595104071001 ], [ -86.907771593951097, 36.124117226196503 ], [ -86.907235452262796, 36.124425333075301 ], [ -86.906841830528094, 36.124612007394198 ], [ -86.906081168691301, 36.125052628915398 ], [ -86.905014362993498, 36.125557868290798 ], [ -86.9044813763348, 36.1258103095617 ], [ -86.903796167542893, 36.126188368430398 ], [ -86.903501866664598, 36.126326212664601 ], [ -86.902406875462404, 36.126924183642103 ], [ -86.901848935613202, 36.127329991179501 ], [ -86.901307839359404, 36.127838438058198 ], [ -86.900627266183506, 36.1286279982004 ], [ -86.900212501880205, 36.129081108082303 ], [ -86.899547184876297, 36.129762036306097 ], [ -86.899079675061998, 36.130305675493901 ], [ -86.898035089884502, 36.131513092030097 ], [ -86.896925261951594, 36.132681150660503 ], [ -86.8961096668381, 36.133473571519097 ], [ -86.8955233101983, 36.133999025174198 ], [ -86.895049925132, 36.134366619047498 ], [ -86.894434468248306, 36.134813772577402 ], [ -86.893226064098897, 36.135700385299202 ], [ -86.892393377763298, 36.136302501147 ], [ -86.891612403020801, 36.1368738388853 ], [ -86.887902957562204, 36.1396556974859 ], [ -86.887516725598303, 36.139958982362501 ], [ -86.887557971179703, 36.140189459755099 ], [ -86.887611708009501, 36.140376211841598 ], [ -86.887544728049306, 36.140443837261799 ], [ -86.887727139006799, 36.1406662136798 ], [ -86.887780904234404, 36.140741878901203 ], [ -86.887901986097603, 36.140931397494498 ], [ -86.887963371412795, 36.141007006555299 ], [ -86.888125869582296, 36.141227811954501 ], [ -86.888306260891596, 36.141382897972399 ], [ -86.888437490528005, 36.141495422022203 ], [ -86.888575591702207, 36.141616651758902 ], [ -86.888823489085496, 36.141977788688102 ], [ -86.888884819575395, 36.142123964239403 ], [ -86.888930052739298, 36.142231455328798 ], [ -86.889122499905994, 36.142290817292498 ], [ -86.889256203123693, 36.142359368349503 ], [ -86.889362661719503, 36.142414556193202 ], [ -86.889446558994607, 36.142496522953401 ], [ -86.889593010755306, 36.142569272029 ], [ -86.889705808233899, 36.142623382666002 ], [ -86.889819669927107, 36.142659114006797 ], [ -86.889985706632999, 36.142628357906297 ], [ -86.890093628005502, 36.142587385231799 ], [ -86.890220062061204, 36.142536145879099 ], [ -86.890408748439896, 36.142524280202402 ], [ -86.890525750391902, 36.142538010769798 ], [ -86.890665010038006, 36.142573382165303 ], [ -86.890769035379805, 36.142600257092703 ], [ -86.890866931095005, 36.142684523254601 ], [ -86.890935391919001, 36.142748918395597 ], [ -86.891136366920804, 36.142851137890901 ], [ -86.891313672631597, 36.142956794104002 ], [ -86.891469188474204, 36.143044754792101 ], [ -86.8917085462095, 36.143171757185101 ], [ -86.891838741120495, 36.143229171157799 ], [ -86.891954526522696, 36.143299293910502 ], [ -86.891807544665397, 36.1435597722773 ], [ -86.891623137084395, 36.144047493748097 ], [ -86.8914579861882, 36.144470224631498 ], [ -86.891313366884603, 36.144941438954703 ], [ -86.890733961579897, 36.1466789706461 ], [ -86.890401459332296, 36.147396173317098 ], [ -86.890048400183105, 36.148219647490698 ], [ -86.889616917014607, 36.149302442207798 ], [ -86.889460330072097, 36.149924068310298 ], [ -86.889287940586897, 36.150629457784397 ], [ -86.889207230700805, 36.151167847524803 ], [ -86.888567440996198, 36.154465986942199 ], [ -86.888110128279706, 36.156822735720702 ], [ -86.887969887260198, 36.157854559552597 ], [ -86.887879642791901, 36.1587225600843 ], [ -86.887847368722305, 36.159411801038203 ], [ -86.887943505516901, 36.160084633226397 ], [ -86.888219416565704, 36.161203420989999 ], [ -86.888764688179506, 36.162854020776898 ], [ -86.889439456821293, 36.164343644655901 ], [ -86.890080155212601, 36.1653706933593 ], [ -86.891876506468705, 36.167276560939499 ], [ -86.893681799908705, 36.169350024982499 ], [ -86.894314172547595, 36.170007142211503 ], [ -86.894970520809593, 36.170585902787202 ], [ -86.895717397245505, 36.171212623075299 ], [ -86.897049771448394, 36.172337558740303 ], [ -86.897928383849106, 36.1731172998688 ], [ -86.899219089610497, 36.174088505502198 ], [ -86.900770668941803, 36.175138813065999 ], [ -86.901947878769207, 36.175794707509503 ], [ -86.902443593701904, 36.176088226753201 ], [ -86.903087150051306, 36.176629204323497 ], [ -86.903511648038801, 36.177031322688997 ], [ -86.904707316583895, 36.178424690490999 ], [ -86.906705683807104, 36.180987672664401 ], [ -86.908115354172494, 36.182670913092203 ], [ -86.909673445685698, 36.184264150032 ], [ -86.911212654791598, 36.185958501362002 ], [ -86.911680846517697, 36.186595553704201 ], [ -86.912353791229805, 36.187871472214901 ], [ -86.912556699456701, 36.188350335839203 ], [ -86.912833055904798, 36.1894690587295 ], [ -86.912948994922004, 36.189986504907303 ], [ -86.913045982234095, 36.1905937133835 ], [ -86.913049484482499, 36.191122027294597 ], [ -86.913042588513306, 36.192036586853099 ], [ -86.912987911120993, 36.192499035023701 ], [ -86.912875433201194, 36.193151723145199 ], [ -86.9124299056258, 36.1944893156342 ], [ -86.912031815306605, 36.195448695413198 ], [ -86.911530837175505, 36.1964710877889 ], [ -86.910884373581197, 36.197543379524603 ], [ -86.910384995091405, 36.198346816523902 ], [ -86.9098147586312, 36.199202228788799 ], [ -86.909323768280601, 36.199992196495799 ], [ -86.908802859037294, 36.200790493316703 ], [ -86.908191471255506, 36.201548939633902 ], [ -86.907559794666696, 36.202283216601302 ], [ -86.906868656733806, 36.203066571303999 ], [ -86.906256862463806, 36.203792585478503 ], [ -86.905722844744403, 36.204323472002898 ], [ -86.904840269396104, 36.2049866623219 ], [ -86.903966849170104, 36.205576824307698 ], [ -86.902883577885902, 36.206184761312699 ], [ -86.901807776528202, 36.206568947663797 ], [ -86.9010003018943, 36.206806766225299 ], [ -86.899992493632695, 36.207016928430598 ], [ -86.898659807283806, 36.207156858591802 ], [ -86.897563608549802, 36.207156593883802 ], [ -86.896302463000197, 36.207076795784303 ], [ -86.895501553115807, 36.2070097870144 ], [ -86.894700184585602, 36.206902245609903 ], [ -86.893868725404602, 36.206786815495803 ], [ -86.893136732349802, 36.206622007172399 ], [ -86.892223905176905, 36.206385579948403 ], [ -86.891260345243396, 36.2060846757185 ], [ -86.890306159862007, 36.205726951695198 ], [ -86.889582912578305, 36.205448575970699 ], [ -86.885481284787701, 36.203573851668899 ], [ -86.884766896893694, 36.203190006903597 ], [ -86.882470977922196, 36.201788286922799 ], [ -86.881090929339294, 36.200913640892203 ], [ -86.880426838898103, 36.200438090812902 ], [ -86.879110415396894, 36.1994727787106 ], [ -86.878045614527295, 36.198643058730603 ], [ -86.8771671865575, 36.197887492550201 ], [ -86.875884215845502, 36.196721459679097 ], [ -86.874551910997994, 36.1956125089403 ], [ -86.873712207753101, 36.194735051473401 ], [ -86.873245892837801, 36.194162908396301 ], [ -86.872435416357803, 36.193212277369199 ], [ -86.871765673120393, 36.192356135942497 ], [ -86.871549247615107, 36.192054609034898 ], [ -86.8708295995838, 36.191070435633897 ], [ -86.870312825316503, 36.190244643337998 ], [ -86.869666754324896, 36.189259250131002 ], [ -86.868666216473798, 36.187672271493497 ], [ -86.868319864924104, 36.187118028752799 ], [ -86.868054864744394, 36.186776629763102 ], [ -86.867374819143194, 36.185848092213199 ], [ -86.8668730314633, 36.185094967579097 ], [ -86.866378419658901, 36.184339449677204 ], [ -86.865950086926503, 36.183572465926702 ], [ -86.865436927265705, 36.182730537108696 ], [ -86.864610908804494, 36.181636192692601 ], [ -86.863092901458401, 36.179228249553098 ], [ -86.861791732141896, 36.177573291626601 ], [ -86.861350348661404, 36.177104463153697 ], [ -86.860929826051404, 36.176674183815798 ], [ -86.859520724599804, 36.175261258592997 ], [ -86.857752520203505, 36.173445683076501 ], [ -86.857528399559101, 36.173242226127897 ], [ -86.856308050818399, 36.172171431297102 ], [ -86.854997037069595, 36.1711188545423 ], [ -86.854058715833403, 36.170323013830803 ], [ -86.853203263555898, 36.169794075417798 ], [ -86.852409347482293, 36.169335406419897 ], [ -86.851342358952095, 36.168729132336097 ], [ -86.850578122109297, 36.168313014129303 ], [ -86.849744267278595, 36.167929803755897 ], [ -86.849189134555303, 36.167720053714397 ], [ -86.848558543826201, 36.167481785781497 ], [ -86.847848059666603, 36.167294668026102 ], [ -86.845382969802102, 36.1667445482734 ], [ -86.844493094866095, 36.166648574816001 ], [ -86.843561963887097, 36.166595170002402 ], [ -86.842398638986793, 36.166608571816901 ], [ -86.841692761073901, 36.166613496478099 ], [ -86.841093715937205, 36.166685349346302 ], [ -86.840634587010697, 36.166753395305498 ], [ -86.840175830148198, 36.166882520684602 ], [ -86.839569552918803, 36.167190420787399 ], [ -86.839101383112705, 36.167572245572202 ], [ -86.838024796551906, 36.168587262413901 ], [ -86.837741866150793, 36.168897025913203 ], [ -86.836908024562604, 36.168432321941602 ], [ -86.836615789913694, 36.168232709604801 ], [ -86.836436029514402, 36.168065305073299 ], [ -86.836255621550706, 36.167878977342603 ], [ -86.836235928030007, 36.167583376336999 ], [ -86.836036078874201, 36.167497385186302 ], [ -86.835202388265103, 36.167832498239697 ], [ -86.834489021136605, 36.165590094535801 ], [ -86.838497371698097, 36.1645800536213 ], [ -86.842184402240804, 36.163675752892203 ], [ -86.843846358876405, 36.163258133450597 ], [ -86.843462232751406, 36.163184692150502 ], [ -86.8430299399745, 36.163042773770101 ], [ -86.842488292987596, 36.1628235495334 ], [ -86.842040148532305, 36.162588433352298 ], [ -86.841582920924907, 36.1622874624152 ], [ -86.841239502572606, 36.161994864920501 ], [ -86.840955062702903, 36.161730404632799 ], [ -86.840631978180994, 36.161384251106298 ], [ -86.840308559580095, 36.161042805711197 ], [ -86.8397878282682, 36.1603408033139 ], [ -86.839357721606007, 36.159749537733397 ], [ -86.839147240061394, 36.159449666076803 ], [ -86.838991732901306, 36.159190714399998 ], [ -86.838827766144902, 36.158834798591599 ], [ -86.838718569546799, 36.158397973177998 ], [ -86.838660716427398, 36.157549878360598 ], [ -86.838567855700305, 36.157090589258601 ], [ -86.838431917336393, 36.156718828715199 ], [ -86.838237609537799, 36.156375230535097 ], [ -86.838008789237406, 36.156064894048001 ], [ -86.837219834130707, 36.1549073350333 ], [ -86.836614044543097, 36.154023389056 ], [ -86.836522710735906, 36.154032052892298 ], [ -86.836355938338002, 36.154037329487302 ], [ -86.8361751741364, 36.154040814175502 ], [ -86.835828071698799, 36.154050601610898 ], [ -86.835662194803206, 36.154060506766903 ], [ -86.835535231849803, 36.154066536705599 ], [ -86.8352301713673, 36.154088049861798 ], [ -86.835030916890403, 36.154104881203899 ], [ -86.834688716884401, 36.1541379817413 ], [ -86.834370278841504, 36.154175896123498 ], [ -86.834123341324599, 36.1542083363559 ], [ -86.833838826367497, 36.154250993955202 ], [ -86.833633398832703, 36.1542848632849 ], [ -86.833468555459106, 36.154312614393298 ], [ -86.833317678503803, 36.154339753752197 ], [ -86.833178231235095, 36.154366642315203 ], [ -86.832920489828794, 36.154418727715203 ], [ -86.832792059505195, 36.154446398255601 ], [ -86.832201410782901, 36.154610491125801 ], [ -86.830494944674697, 36.155049248399799 ], [ -86.828460170383707, 36.155597028876301 ], [ -86.828332710616195, 36.155636878196901 ], [ -86.828204823738204, 36.155676386926402 ], [ -86.828077358341304, 36.1557157209336 ], [ -86.827949042436202, 36.1557547172537 ], [ -86.827821148014493, 36.155793538851498 ], [ -86.827693251677204, 36.155832188632303 ], [ -86.827564930024593, 36.155870669499897 ], [ -86.827436604667795, 36.155908806868702 ], [ -86.827308277398103, 36.155946772419703 ], [ -86.827179524815094, 36.155984569054901 ], [ -86.827050768531393, 36.156022022190598 ], [ -86.826922010337299, 36.156059303507597 ], [ -86.826664486433501, 36.156133179004399 ], [ -86.826476217176307, 36.156171398589898 ], [ -86.8262593742256, 36.1562226058088 ], [ -86.8260812638527, 36.156246424559797 ], [ -86.825930971893001, 36.156265533695198 ], [ -86.825786254664393, 36.156284604495902 ], [ -86.825647109348694, 36.1563036370014 ], [ -86.825446752049203, 36.156332128271103 ], [ -86.825235153792903, 36.1563516535685 ], [ -86.825079195467197, 36.156361760169702 ], [ -86.8248729811489, 36.156363169874297 ], [ -86.824585293727793, 36.156323389327497 ], [ -86.824116168503707, 36.156164000461402 ], [ -86.823779969322004, 36.155960607479798 ], [ -86.823511003977302, 36.155789033093598 ], [ -86.823214243764596, 36.155509481009197 ], [ -86.822970584176005, 36.155164666046403 ], [ -86.822887555930095, 36.154916105397099 ], [ -86.822810186154797, 36.154700315526597 ], [ -86.822789104068704, 36.154568411156703 ], [ -86.822642361545803, 36.1530748217819 ], [ -86.822640903578701, 36.153027297860902 ], [ -86.822542571850093, 36.149819509082597 ], [ -86.822529628567295, 36.149632794846802 ], [ -86.822522733581806, 36.149539440610901 ], [ -86.822516260199805, 36.149445911805003 ], [ -86.822508941880301, 36.149352560449501 ], [ -86.822495152022896, 36.1491658519586 ], [ -86.822480515502406, 36.148979149228502 ], [ -86.822421672744099, 36.148519365971801 ], [ -86.822401212877693, 36.1483385977022 ], [ -86.822365382113304, 36.148109692880098 ], [ -86.822325898378395, 36.147842573348498 ], [ -86.822474241549003, 36.147727017549101 ], [ -86.822581396457906, 36.147645430910799 ], [ -86.822653937250294, 36.1475738575405 ], [ -86.822751081087702, 36.147469492309398 ], [ -86.822857428139798, 36.147354419235697 ], [ -86.823008580739199, 36.147191481353502 ], [ -86.823131722327204, 36.147062901375797 ], [ -86.823218797024893, 36.146967532499303 ], [ -86.823444006807705, 36.1467097007977 ], [ -86.823608122412395, 36.146513177379603 ], [ -86.823763998199595, 36.146323449522299 ], [ -86.823927972331902, 36.146113449799401 ], [ -86.8241738955534, 36.145795084828499 ], [ -86.824476075119605, 36.145294406037401 ], [ -86.825137311985898, 36.144171374804998 ], [ -86.825945106629604, 36.142764336892398 ], [ -86.826509849770403, 36.1419519062296 ], [ -86.826969334988604, 36.141402977369303 ], [ -86.827372422183799, 36.141022885717 ], [ -86.827776421670706, 36.140730377767497 ], [ -86.828370550517903, 36.140348971827102 ], [ -86.828891323146294, 36.140102826027501 ], [ -86.829594832005498, 36.139855421613902 ], [ -86.830333574323504, 36.13962488504 ], [ -86.831938969777795, 36.139212643448502 ], [ -86.837613863734404, 36.137758390786203 ], [ -86.841962803336301, 36.136616342089901 ], [ -86.842459306308001, 36.136437686119997 ], [ -86.842938550239197, 36.136198506224602 ], [ -86.843651662557306, 36.135849480580099 ], [ -86.844475078456995, 36.135399409082801 ], [ -86.845024201406304, 36.134985866955297 ], [ -86.845718864198503, 36.134413679710903 ], [ -86.846262225125699, 36.133856367693802 ], [ -86.846695755126007, 36.133328739608601 ], [ -86.847040680037694, 36.132783308018197 ], [ -86.847446357932697, 36.132056713694702 ], [ -86.847748526135703, 36.131283906208999 ], [ -86.847912463761602, 36.130591280174201 ], [ -86.848248416170406, 36.1288249864281 ], [ -86.848425242850894, 36.128054161166098 ], [ -86.848692110018504, 36.127378477997901 ], [ -86.849221778593005, 36.126424682698797 ], [ -86.849811586748601, 36.125659126352701 ], [ -86.850377695897393, 36.125008281971198 ], [ -86.850878584350895, 36.124472442853403 ], [ -86.8513052294131, 36.123984291277601 ], [ -86.850234364566802, 36.1232573921057 ], [ -86.850066179130394, 36.1230631747448 ], [ -86.847963875492795, 36.120852345680397 ], [ -86.847742040112095, 36.120845599474599 ], [ -86.847517059582799, 36.120863789062597 ], [ -86.847394511801895, 36.1208895618486 ], [ -86.847248172036302, 36.1209238070876 ], [ -86.847101418735505, 36.120919302326101 ], [ -86.846920138283707, 36.1208762847968 ], [ -86.846769560744306, 36.120833053757103 ], [ -86.846687213730206, 36.120789343623002 ], [ -86.846594424126195, 36.1207263303613 ], [ -86.8464669013063, 36.120605431680801 ], [ -86.846422108954798, 36.120564225547803 ], [ -86.846280027835505, 36.120357620192401 ], [ -86.846152122636894, 36.120200738853399 ], [ -86.8460830374719, 36.120120950270902 ], [ -86.846000249220197, 36.120035722306703 ], [ -86.845927694323194, 36.119950422518798 ], [ -86.845841554323499, 36.119870753400797 ], [ -86.845731266165799, 36.119766341718901 ], [ -86.845638331120199, 36.119689487822903 ], [ -86.845555809062205, 36.119629169502197 ], [ -86.845390883184606, 36.1195196027642 ], [ -86.8453256524366, 36.119481309478502 ], [ -86.8453050065811, 36.1194648455227 ], [ -86.845229395461004, 36.119412781723497 ], [ -86.845170611857, 36.119374722467803 ], [ -86.845163961448094, 36.119355111118203 ], [ -86.845085027882405, 36.119311375973702 ], [ -86.844995770137203, 36.119259409926201 ], [ -86.844927158190501, 36.119223905547898 ], [ -86.844783026919501, 36.119144641875003 ], [ -86.844710768585699, 36.119087018818398 ], [ -86.844607631703894, 36.119013003296203 ], [ -86.844532021495596, 36.118960941343097 ], [ -86.844470025987903, 36.1189060140116 ], [ -86.844414678799595, 36.1188344314631 ], [ -86.844338656838403, 36.118743619533099 ], [ -86.844255312734106, 36.1186058005988 ], [ -86.844215638517198, 36.118538622693499 ], [ -86.8441702327885, 36.118304679610702 ], [ -86.844144469862698, 36.118127707133802 ], [ -86.844126794220998, 36.118069701718198 ], [ -86.844084885867105, 36.117978648587801 ], [ -86.844053713528794, 36.1179345785281 ], [ -86.844028800213707, 36.117905718062197 ], [ -86.843966761583502, 36.117830164453501 ], [ -86.843886804996302, 36.117763504073402 ], [ -86.843817812251501, 36.117711379344897 ], [ -86.843657496015894, 36.117540063863999 ], [ -86.843540995476005, 36.117423974843597 ], [ -86.843464300962793, 36.117325140872097 ], [ -86.843427722726005, 36.117272789245597 ], [ -86.843413211967103, 36.117255013808297 ], [ -86.843484491146, 36.116802631912797 ], [ -86.843672389357806, 36.115699375446297 ], [ -86.843437317725403, 36.115674949264999 ], [ -86.842891512395397, 36.115610963402098 ], [ -86.843546771777696, 36.112513213253898 ], [ -86.843663459525104, 36.111977334660203 ], [ -86.843877148142099, 36.110960977681202 ], [ -86.843794261355697, 36.110957221714202 ], [ -86.843941001129394, 36.110179868131702 ], [ -86.843518510730405, 36.110078723609099 ], [ -86.843019868482202, 36.110008493158098 ], [ -86.842960475969093, 36.108608138320399 ], [ -86.842999055245599, 36.107984329864401 ], [ -86.843091402123505, 36.107316131837699 ], [ -86.843547661818604, 36.105163563455001 ], [ -86.843800680552704, 36.104303511604698 ], [ -86.843885537358304, 36.103782077587802 ], [ -86.843955978157794, 36.103605525507 ], [ -86.844203529882094, 36.1023519952561 ], [ -86.844315920404796, 36.101779108670797 ], [ -86.845999714387304, 36.096868514448801 ], [ -86.846511811374796, 36.095530498217002 ], [ -86.846728199005696, 36.094847912837402 ], [ -86.846990473497399, 36.092861349224201 ], [ -86.8480000080623, 36.092920542260899 ], [ -86.848625229481499, 36.092982429905398 ], [ -86.849336837315604, 36.093035908561397 ], [ -86.849672544198398, 36.092082123654698 ], [ -86.8503547113785, 36.090283654990102 ], [ -86.851031752339395, 36.088457922466603 ], [ -86.851614650795398, 36.086900818147299 ], [ -86.852008073999599, 36.085873611830799 ], [ -86.852158567125898, 36.085572305739902 ], [ -86.852328813845403, 36.085321549231502 ], [ -86.852826900379796, 36.084733136547499 ], [ -86.853031013227607, 36.084504755308103 ], [ -86.853171316772702, 36.084329073718003 ], [ -86.853225417769295, 36.084356766722102 ], [ -86.853279884514507, 36.084418768990702 ], [ -86.853385080618494, 36.084552160812798 ], [ -86.853459032096197, 36.084638980632 ], [ -86.853509490626905, 36.084685414236702 ], [ -86.8536451588066, 36.084793632273801 ], [ -86.853842446212496, 36.084913892715399 ], [ -86.853985434115998, 36.084987746658101 ], [ -86.854105264143101, 36.085052405867799 ], [ -86.854190105548994, 36.085079878382103 ], [ -86.854275184658306, 36.085129186687297 ], [ -86.854356352917804, 36.085172284330703 ], [ -86.854414430135805, 36.085212425255698 ], [ -86.854480527849503, 36.085283703172003 ], [ -86.854492526365107, 36.085327288626402 ], [ -86.854543220836007, 36.085395557659503 ], [ -86.854550824247198, 36.085428824379498 ], [ -86.854574466724202, 36.085442126987601 ], [ -86.854713880868601, 36.085540960944201 ], [ -86.854906860703593, 36.085617577406502 ], [ -86.855538600599004, 36.081375199997403 ], [ -86.8566336125823, 36.074820043485701 ], [ -86.857381825448897, 36.070114034659397 ], [ -86.860603541138801, 36.070290543693403 ], [ -86.860537101901599, 36.070612247871303 ], [ -86.860551888846402, 36.070950667810102 ], [ -86.860659660466396, 36.071234604759098 ], [ -86.860807975816201, 36.0714949951048 ], [ -86.861117506825593, 36.071840338837497 ], [ -86.861464832286998, 36.072081594293202 ], [ -86.861766950558206, 36.072255470511003 ], [ -86.862019867070003, 36.072506428226703 ], [ -86.862302051410794, 36.0728925857523 ], [ -86.862601015203296, 36.0732876515277 ], [ -86.862913179962007, 36.073636554512298 ], [ -86.863590965628802, 36.074336763462803 ], [ -86.864405895126396, 36.075138873169898 ], [ -86.864183005316804, 36.075605379334597 ], [ -86.863929162072907, 36.076293278080001 ], [ -86.865655092994601, 36.076727452036998 ], [ -86.868953638140397, 36.077238439539599 ], [ -86.868210805520704, 36.078460680843399 ], [ -86.867858895932301, 36.079167560053897 ], [ -86.867278680268697, 36.080473458490303 ], [ -86.867137048849202, 36.080770508265402 ], [ -86.867068477940606, 36.080985725837003 ], [ -86.867031282537198, 36.081245981651797 ], [ -86.866966221622405, 36.081806145355898 ], [ -86.866891288182202, 36.082458512558397 ], [ -86.866851823957802, 36.082741766747901 ], [ -86.866809952875698, 36.082920520513198 ], [ -86.866743855393693, 36.083102646563802 ], [ -86.867001817118805, 36.083301929118498 ], [ -86.867054998971099, 36.084467234075497 ], [ -86.867073564056795, 36.084586237643997 ], [ -86.867143852862895, 36.084697859398098 ], [ -86.867648170146694, 36.085023612337899 ], [ -86.868543433647403, 36.085570802049403 ], [ -86.868744141433595, 36.0857655827405 ], [ -86.872338248186296, 36.0859849141019 ], [ -86.873107683307097, 36.086077456911902 ], [ -86.873124255237499, 36.0860142645911 ], [ -86.875647397047004, 36.086199200794297 ], [ -86.878153437511202, 36.086398223888203 ], [ -86.880227285061494, 36.086551295985103 ], [ -86.882015618834998, 36.086650356607798 ], [ -86.882158415851706, 36.086291900351 ], [ -86.883457288544804, 36.082750319814103 ], [ -86.884077795166803, 36.081098871203601 ], [ -86.884271509594598, 36.080662950885902 ], [ -86.884499599172202, 36.080212760629301 ], [ -86.884668347085295, 36.079861117822603 ], [ -86.884888580811804, 36.079481064383401 ], [ -86.885058340343704, 36.079220518478799 ], [ -86.885245055653797, 36.078931817624003 ] ] ] } },
{ "type": "Feature", "properties": { "OBJECTID": 14, "CommunityNumber": 10, "CommunityName": "Green Hills - Midtown", "GlobalID": "a0c6173b-3c71-4927-a834-d2d1746a714f" }, "geometry": { "type": "Polygon", "coordinates": [ [ [ -86.902978953908899, 36.049706094216504 ], [ -86.901039241791494, 36.051579715170703 ], [ -86.900293755960107, 36.052309118301899 ], [ -86.899698790892202, 36.052895688886501 ], [ -86.899168092891799, 36.053403990528999 ], [ -86.8986819439111, 36.053862187811198 ], [ -86.899296561574204, 36.054079982809903 ], [ -86.899660730897807, 36.054230967300398 ], [ -86.899960543556006, 36.054388974146903 ], [ -86.900216061629393, 36.054547311111897 ], [ -86.900488538229098, 36.054780736307798 ], [ -86.900819102927997, 36.055164159967902 ], [ -86.901003509974601, 36.055444026247002 ], [ -86.901119530774693, 36.055730944136997 ], [ -86.9011954669066, 36.056034511927798 ], [ -86.901337654767005, 36.056497831699403 ], [ -86.901503376434306, 36.056905376933202 ], [ -86.901676337851896, 36.0572409237407 ], [ -86.901920254996497, 36.057557702645497 ], [ -86.902184177772995, 36.057858088611702 ], [ -86.902489586677405, 36.058278059339898 ], [ -86.9026871165578, 36.058685687461796 ], [ -86.9028021058881, 36.058979632646398 ], [ -86.903126665133101, 36.059702627535202 ], [ -86.903373540344205, 36.0601392955055 ], [ -86.903593580978395, 36.060558994270899 ], [ -86.9036780352031, 36.060696235010099 ], [ -86.903820340528, 36.060937091189899 ], [ -86.903934132286693, 36.061125106202198 ], [ -86.904190232134596, 36.0615539768066 ], [ -86.904654097728795, 36.062320257046501 ], [ -86.904072358765404, 36.062568568723599 ], [ -86.9028470496783, 36.063233125882 ], [ -86.902146688475298, 36.063757070601902 ], [ -86.901380935347404, 36.064445472045598 ], [ -86.900739485110606, 36.0652057396698 ], [ -86.900164946838004, 36.065974603987797 ], [ -86.899547432764805, 36.0668711861275 ], [ -86.898818654156003, 36.067841566217197 ], [ -86.898332915027297, 36.068536787187703 ], [ -86.897615422827101, 36.069497975286097 ], [ -86.897106322489606, 36.070111464881997 ], [ -86.896463553594998, 36.0707625179774 ], [ -86.895409350854493, 36.071726195628599 ], [ -86.894292203948297, 36.072760992302101 ], [ -86.893343136461297, 36.0735739605419 ], [ -86.892419083203706, 36.074309648113498 ], [ -86.890936522903601, 36.075280722625898 ], [ -86.888620447868703, 36.076601322762301 ], [ -86.8865100653327, 36.077794220010396 ], [ -86.886021931855396, 36.078148213369602 ], [ -86.885620038874194, 36.078494561361602 ], [ -86.885245055653797, 36.078931817624003 ], [ -86.885058340343704, 36.079220518478799 ], [ -86.884888580811804, 36.079481064383401 ], [ -86.884668347085295, 36.079861117822603 ], [ -86.884499599172202, 36.080212760629301 ], [ -86.884271509594598, 36.080662950885902 ], [ -86.884077795166803, 36.081098871203601 ], [ -86.883457288544804, 36.082750319814103 ], [ -86.882158415851706, 36.086291900351 ], [ -86.882015618834998, 36.086650356607798 ], [ -86.880227285061494, 36.086551295985103 ], [ -86.878153437511202, 36.086398223888203 ], [ -86.875647397047004, 36.086199200794297 ], [ -86.873124255237499, 36.0860142645911 ], [ -86.873107683307097, 36.086077456911902 ], [ -86.872338248186296, 36.0859849141019 ], [ -86.868744141433595, 36.0857655827405 ], [ -86.868543433647403, 36.085570802049403 ], [ -86.867648170146694, 36.085023612337899 ], [ -86.867143852862895, 36.084697859398098 ], [ -86.867073564056795, 36.084586237643997 ], [ -86.867054998971099, 36.084467234075497 ], [ -86.867001817118805, 36.083301929118498 ], [ -86.866743855393693, 36.083102646563802 ], [ -86.866809952875698, 36.082920520513198 ], [ -86.866851823957802, 36.082741766747901 ], [ -86.866891288182202, 36.082458512558397 ], [ -86.866966221622405, 36.081806145355898 ], [ -86.867031282537198, 36.081245981651797 ], [ -86.867068477940606, 36.080985725837003 ], [ -86.867137048849202, 36.080770508265402 ], [ -86.867278680268697, 36.080473458490303 ], [ -86.867858895932301, 36.079167560053897 ], [ -86.868210805520704, 36.078460680843399 ], [ -86.868953638140397, 36.077238439539599 ], [ -86.865655092994601, 36.076727452036998 ], [ -86.863929162072907, 36.076293278080001 ], [ -86.864183005316804, 36.075605379334597 ], [ -86.864405895126396, 36.075138873169898 ], [ -86.863590965628802, 36.074336763462803 ], [ -86.862913179962007, 36.073636554512298 ], [ -86.862601015203296, 36.0732876515277 ], [ -86.862302051410794, 36.0728925857523 ], [ -86.862019867070003, 36.072506428226703 ], [ -86.861766950558206, 36.072255470511003 ], [ -86.861464832286998, 36.072081594293202 ], [ -86.861117506825593, 36.071840338837497 ], [ -86.860807975816201, 36.0714949951048 ], [ -86.860659660466396, 36.071234604759098 ], [ -86.860551888846402, 36.070950667810102 ], [ -86.860537101901599, 36.070612247871303 ], [ -86.860603541138801, 36.070290543693403 ], [ -86.857381825448897, 36.070114034659397 ], [ -86.8566336125823, 36.074820043485701 ], [ -86.855538600599004, 36.081375199997403 ], [ -86.854906860703593, 36.085617577406502 ], [ -86.854713880868601, 36.085540960944201 ], [ -86.854574466724202, 36.085442126987601 ], [ -86.854550824247198, 36.085428824379498 ], [ -86.854543220836007, 36.085395557659503 ], [ -86.854492526365107, 36.085327288626402 ], [ -86.854480527849503, 36.085283703172003 ], [ -86.854414430135805, 36.085212425255698 ], [ -86.854356352917804, 36.085172284330703 ], [ -86.854275184658306, 36.085129186687297 ], [ -86.854190105548994, 36.085079878382103 ], [ -86.854105264143101, 36.085052405867799 ], [ -86.853985434115998, 36.084987746658101 ], [ -86.853842446212496, 36.084913892715399 ], [ -86.8536451588066, 36.084793632273801 ], [ -86.853509490626905, 36.084685414236702 ], [ -86.853459032096197, 36.084638980632 ], [ -86.853385080618494, 36.084552160812798 ], [ -86.853279884514507, 36.084418768990702 ], [ -86.853225417769295, 36.084356766722102 ], [ -86.853171316772702, 36.084329073718003 ], [ -86.853031013227607, 36.084504755308103 ], [ -86.852826900379796, 36.084733136547499 ], [ -86.852328813845403, 36.085321549231502 ], [ -86.852158567125898, 36.085572305739902 ], [ -86.852008073999599, 36.085873611830799 ], [ -86.851614650795398, 36.086900818147299 ], [ -86.851031752339395, 36.088457922466603 ], [ -86.8503547113785, 36.090283654990102 ], [ -86.849672544198398, 36.092082123654698 ], [ -86.849336837315604, 36.093035908561397 ], [ -86.848625229481499, 36.092982429905398 ], [ -86.8480000080623, 36.092920542260899 ], [ -86.846990473497399, 36.092861349224201 ], [ -86.846728199005696, 36.094847912837402 ], [ -86.846511811374796, 36.095530498217002 ], [ -86.845999714387304, 36.096868514448801 ], [ -86.844315920404796, 36.101779108670797 ], [ -86.844203529882094, 36.1023519952561 ], [ -86.843955978157794, 36.103605525507 ], [ -86.843885537358304, 36.103782077587802 ], [ -86.843800680552704, 36.104303511604698 ], [ -86.843547661818604, 36.105163563455001 ], [ -86.843091402123505, 36.107316131837699 ], [ -86.842999055245599, 36.107984329864401 ], [ -86.842960475969093, 36.108608138320399 ], [ -86.843019868482202, 36.110008493158098 ], [ -86.843518510730405, 36.110078723609099 ], [ -86.843941001129394, 36.110179868131702 ], [ -86.843794261355697, 36.110957221714202 ], [ -86.843877148142099, 36.110960977681202 ], [ -86.843663459525104, 36.111977334660203 ], [ -86.843546771777696, 36.112513213253898 ], [ -86.842891512395397, 36.115610963402098 ], [ -86.843437317725403, 36.115674949264999 ], [ -86.843672389357806, 36.115699375446297 ], [ -86.843484491146, 36.116802631912797 ], [ -86.843413211967103, 36.117255013808297 ], [ -86.843427722726005, 36.117272789245597 ], [ -86.843464300962793, 36.117325140872097 ], [ -86.843540995476005, 36.117423974843597 ], [ -86.843657496015894, 36.117540063863999 ], [ -86.843817812251501, 36.117711379344897 ], [ -86.843886804996302, 36.117763504073402 ], [ -86.843966761583502, 36.117830164453501 ], [ -86.844028800213707, 36.117905718062197 ], [ -86.844053713528794, 36.1179345785281 ], [ -86.844084885867105, 36.117978648587801 ], [ -86.844126794220998, 36.118069701718198 ], [ -86.844144469862698, 36.118127707133802 ], [ -86.8441702327885, 36.118304679610702 ], [ -86.844215638517198, 36.118538622693499 ], [ -86.844255312734106, 36.1186058005988 ], [ -86.844338656838403, 36.118743619533099 ], [ -86.844414678799595, 36.1188344314631 ], [ -86.844470025987903, 36.1189060140116 ], [ -86.844532021495596, 36.118960941343097 ], [ -86.844607631703894, 36.119013003296203 ], [ -86.844710768585699, 36.119087018818398 ], [ -86.844783026919501, 36.119144641875003 ], [ -86.844927158190501, 36.119223905547898 ], [ -86.844995770137203, 36.119259409926201 ], [ -86.845085027882405, 36.119311375973702 ], [ -86.845163961448094, 36.119355111118203 ], [ -86.845170611857, 36.119374722467803 ], [ -86.845229395461004, 36.119412781723497 ], [ -86.8453050065811, 36.1194648455227 ], [ -86.8453256524366, 36.119481309478502 ], [ -86.845390883184606, 36.1195196027642 ], [ -86.845555809062205, 36.119629169502197 ], [ -86.845638331120199, 36.119689487822903 ], [ -86.845731266165799, 36.119766341718901 ], [ -86.845841554323499, 36.119870753400797 ], [ -86.845927694323194, 36.119950422518798 ], [ -86.846000249220197, 36.120035722306703 ], [ -86.8460830374719, 36.120120950270902 ], [ -86.846152122636894, 36.120200738853399 ], [ -86.846280027835505, 36.120357620192401 ], [ -86.846422108954798, 36.120564225547803 ], [ -86.8464669013063, 36.120605431680801 ], [ -86.846594424126195, 36.1207263303613 ], [ -86.846687213730206, 36.120789343623002 ], [ -86.846769560744306, 36.120833053757103 ], [ -86.846920138283707, 36.1208762847968 ], [ -86.847101418735505, 36.120919302326101 ], [ -86.847248172036302, 36.1209238070876 ], [ -86.847394511801895, 36.1208895618486 ], [ -86.847517059582799, 36.120863789062597 ], [ -86.847742040112095, 36.120845599474599 ], [ -86.847963875492795, 36.120852345680397 ], [ -86.850066179130394, 36.1230631747448 ], [ -86.850234364566802, 36.1232573921057 ], [ -86.8513052294131, 36.123984291277601 ], [ -86.850878584350895, 36.124472442853403 ], [ -86.850377695897393, 36.125008281971198 ], [ -86.849811586748601, 36.125659126352701 ], [ -86.849221778593005, 36.126424682698797 ], [ -86.848692110018504, 36.127378477997901 ], [ -86.848425242850894, 36.128054161166098 ], [ -86.848248416170406, 36.1288249864281 ], [ -86.847912463761602, 36.130591280174201 ], [ -86.847748526135703, 36.131283906208999 ], [ -86.847446357932697, 36.132056713694702 ], [ -86.847040680037694, 36.132783308018197 ], [ -86.846695755126007, 36.133328739608601 ], [ -86.846262225125699, 36.133856367693802 ], [ -86.845718864198503, 36.134413679710903 ], [ -86.845024201406304, 36.134985866955297 ], [ -86.844475078456995, 36.135399409082801 ], [ -86.843651662557306, 36.135849480580099 ], [ -86.842938550239197, 36.136198506224602 ], [ -86.842459306308001, 36.136437686119997 ], [ -86.841962803336301, 36.136616342089901 ], [ -86.837613863734404, 36.137758390786203 ], [ -86.831938969777795, 36.139212643448502 ], [ -86.830333574323504, 36.13962488504 ], [ -86.829594832005498, 36.139855421613902 ], [ -86.828891323146294, 36.140102826027501 ], [ -86.828370550517903, 36.140348971827102 ], [ -86.827776421670706, 36.140730377767497 ], [ -86.827372422183799, 36.141022885717 ], [ -86.826969334988604, 36.141402977369303 ], [ -86.826509849770403, 36.1419519062296 ], [ -86.825945106629604, 36.142764336892398 ], [ -86.825137311985898, 36.144171374804998 ], [ -86.824476075119605, 36.145294406037401 ], [ -86.8241738955534, 36.145795084828499 ], [ -86.823927972331902, 36.146113449799401 ], [ -86.823763998199595, 36.146323449522299 ], [ -86.823608122412395, 36.146513177379603 ], [ -86.823444006807705, 36.1467097007977 ], [ -86.823218797024893, 36.146967532499303 ], [ -86.823131722327204, 36.147062901375797 ], [ -86.823008580739199, 36.147191481353502 ], [ -86.822857428139798, 36.147354419235697 ], [ -86.822751081087702, 36.147469492309398 ], [ -86.822653937250294, 36.1475738575405 ], [ -86.822581396457906, 36.147645430910799 ], [ -86.822474241549003, 36.147727017549101 ], [ -86.822325898378395, 36.147842573348498 ], [ -86.822365382113304, 36.148109692880098 ], [ -86.822401212877693, 36.1483385977022 ], [ -86.822421672744099, 36.148519365971801 ], [ -86.822480515502406, 36.148979149228502 ], [ -86.822495152022896, 36.1491658519586 ], [ -86.822508941880301, 36.149352560449501 ], [ -86.822516260199805, 36.149445911805003 ], [ -86.822522733581806, 36.149539440610901 ], [ -86.822529628567295, 36.149632794846802 ], [ -86.822542571850093, 36.149819509082597 ], [ -86.822640903578701, 36.153027297860902 ], [ -86.820888276643899, 36.153391336842503 ], [ -86.820766153716804, 36.153576591247699 ], [ -86.820601644826198, 36.153661539832598 ], [ -86.8203963100582, 36.153797062704299 ], [ -86.819985294819702, 36.154034576891803 ], [ -86.818485226084107, 36.154916584029699 ], [ -86.816840589522698, 36.1558163148311 ], [ -86.815400919577797, 36.156546980929498 ], [ -86.812373584337294, 36.158152023058399 ], [ -86.812336274710503, 36.1581482886385 ], [ -86.807766640812801, 36.157705947499203 ], [ -86.806770780101999, 36.157629509731699 ], [ -86.805902731942794, 36.157546372742502 ], [ -86.805250424174105, 36.157483766855897 ], [ -86.804806232662997, 36.157441574716202 ], [ -86.804003883152504, 36.157364510265097 ], [ -86.803835405315596, 36.157076845250401 ], [ -86.803607274430206, 36.157128670582701 ], [ -86.802859068543, 36.1572967587162 ], [ -86.802706986839695, 36.1573319372512 ], [ -86.801511743722102, 36.157595532034698 ], [ -86.801399308912806, 36.157615336623401 ], [ -86.801234869037501, 36.157642869182702 ], [ -86.800986863955998, 36.157697740256999 ], [ -86.800743644240498, 36.157765284330999 ], [ -86.800505204591701, 36.1578449863892 ], [ -86.800255128769294, 36.157946570111399 ], [ -86.800108864042301, 36.1580129548556 ], [ -86.799970977349503, 36.158070355862002 ], [ -86.799044098667295, 36.1584523316996 ], [ -86.798626202682797, 36.158624901956202 ], [ -86.798153481650701, 36.158819810013298 ], [ -86.797621728190506, 36.159039830107702 ], [ -86.796822251721096, 36.1593763064594 ], [ -86.796606370394301, 36.159468385339302 ], [ -86.796188942296993, 36.1596464381145 ], [ -86.795428322578502, 36.159974064114401 ], [ -86.793088335566594, 36.161023259191097 ], [ -86.792371125050096, 36.159604604840901 ], [ -86.791127483116597, 36.158205743146603 ], [ -86.790166011510095, 36.157031483792203 ], [ -86.789296214086903, 36.1558531099299 ], [ -86.788711780056403, 36.155056057843098 ], [ -86.788448085315693, 36.154612526831002 ], [ -86.7879773395277, 36.153839605326297 ], [ -86.786597778554096, 36.151867957679002 ], [ -86.785588547993598, 36.150730542714001 ], [ -86.783573071349593, 36.149521193842403 ], [ -86.781371162312894, 36.1488073225607 ], [ -86.779753941029199, 36.148603469963597 ], [ -86.778778088326604, 36.148535854777499 ], [ -86.778158380624603, 36.148539852736398 ], [ -86.777539182509798, 36.148595585585298 ], [ -86.777518203993097, 36.148314835834 ], [ -86.777392491250097, 36.147576471350902 ], [ -86.777239944189304, 36.145958664473099 ], [ -86.777191766992004, 36.144761512354002 ], [ -86.777053042629504, 36.1436240763923 ], [ -86.776934909835902, 36.142831924135102 ], [ -86.776736835224796, 36.141932989508 ], [ -86.7766201504826, 36.141438275408902 ], [ -86.776209404940005, 36.140044952242803 ], [ -86.775995434113199, 36.139139431229502 ], [ -86.775846959540701, 36.138303074644 ], [ -86.775735535697606, 36.137194134964503 ], [ -86.775632944739598, 36.135499047819103 ], [ -86.775592670876904, 36.134899167263796 ], [ -86.775513716134398, 36.134438339111597 ], [ -86.775425508593699, 36.134043663158899 ], [ -86.775313941204601, 36.133665784630402 ], [ -86.775035760190704, 36.1330039926954 ], [ -86.774796066578006, 36.132608396040901 ], [ -86.774280590492495, 36.131795234021602 ], [ -86.773896869672697, 36.131260359407101 ], [ -86.773687791684594, 36.1308844942333 ], [ -86.773546067155806, 36.1305717486308 ], [ -86.773352382764301, 36.130162777745703 ], [ -86.773124078190307, 36.1296393507833 ], [ -86.772956161399804, 36.129179852873001 ], [ -86.772822382868895, 36.128692220894202 ], [ -86.772686772384205, 36.128016186081197 ], [ -86.772610521465595, 36.127381302423402 ], [ -86.772573709115306, 36.127005043591701 ], [ -86.772569091876704, 36.126530541396598 ], [ -86.772606055913599, 36.125909226469702 ], [ -86.772643698442195, 36.125357692606499 ], [ -86.772745446621897, 36.124826033068501 ], [ -86.772856662928902, 36.124260720226502 ], [ -86.772996790921496, 36.123479105096003 ], [ -86.773412848543202, 36.121146592452803 ], [ -86.773467957275102, 36.120788534072702 ], [ -86.773524221114897, 36.120383426346002 ], [ -86.773578065313004, 36.120013551951097 ], [ -86.773640244715594, 36.119049805144201 ], [ -86.773644289065501, 36.118582226373903 ], [ -86.773629085452399, 36.118072415200402 ], [ -86.773600098578996, 36.117577618307202 ], [ -86.773534728108501, 36.117047676523597 ], [ -86.773354767402594, 36.115988421872402 ], [ -86.773184848859799, 36.115251260295402 ], [ -86.773054545994398, 36.114783935596698 ], [ -86.772653825651801, 36.113650482203902 ], [ -86.772325750206093, 36.112901249011998 ], [ -86.771709049262299, 36.111821539404197 ], [ -86.771115461664493, 36.110871010371 ], [ -86.7698030533479, 36.109018759758598 ], [ -86.7687303470708, 36.107471070660402 ], [ -86.768585176761803, 36.107293236695597 ], [ -86.767950125025806, 36.106335652956503 ], [ -86.767005074862695, 36.104979199456501 ], [ -86.766592797087299, 36.104365336367103 ], [ -86.765719334584801, 36.103086220215701 ], [ -86.765187561267496, 36.102118396429901 ], [ -86.764727662083502, 36.101206363880799 ], [ -86.763804052545893, 36.099026110006498 ], [ -86.763400047440697, 36.097739583296402 ], [ -86.763083394999697, 36.096464005722403 ], [ -86.762929803018196, 36.095749872715103 ], [ -86.762780536459303, 36.094838503177897 ], [ -86.762650693178003, 36.093638910735599 ], [ -86.762584035842906, 36.092244882173098 ], [ -86.762592704444302, 36.090680256591703 ], [ -86.762760509125897, 36.088902580195601 ], [ -86.762924364394294, 36.0878764907362 ], [ -86.763174869632294, 36.086362212376002 ], [ -86.763335794174594, 36.085392069409103 ], [ -86.763523342018203, 36.084408198017002 ], [ -86.7638307294269, 36.0825396006028 ], [ -86.763929045270501, 36.081806899954003 ], [ -86.764012290213699, 36.081428065320097 ], [ -86.764169176906904, 36.080826862167299 ], [ -86.764385672658193, 36.080273298332102 ], [ -86.764632258398095, 36.079773560920103 ], [ -86.764901600720606, 36.079333698774001 ], [ -86.7652367858866, 36.078821395138 ], [ -86.765792148355402, 36.078139631746801 ], [ -86.767079355294698, 36.076678941073503 ], [ -86.767497898383496, 36.076240259102697 ], [ -86.767847522204804, 36.075833757719998 ], [ -86.768198157121404, 36.075393369786802 ], [ -86.768511010509002, 36.074869193644503 ], [ -86.768852385425404, 36.074236796748103 ], [ -86.769105504360297, 36.073652977200503 ], [ -86.769241958466495, 36.073237962131202 ], [ -86.770076329701595, 36.069816693758497 ], [ -86.770933041175795, 36.066174682659899 ], [ -86.771721869027701, 36.062904482748699 ], [ -86.772154581830193, 36.0610290500208 ], [ -86.772269057851602, 36.060638178588 ], [ -86.772413726794994, 36.060277226804303 ], [ -86.773443558032994, 36.058271813245099 ], [ -86.7744201737829, 36.058361577862797 ], [ -86.774524668973399, 36.057706673391401 ], [ -86.774624347580101, 36.057315894400503 ], [ -86.774848156817598, 36.056768263310403 ], [ -86.775131267290902, 36.056238255610197 ], [ -86.775262027608804, 36.0560033300764 ], [ -86.775465000615199, 36.055593880445699 ], [ -86.775645272030005, 36.055130556127999 ], [ -86.775767114040804, 36.054739633260198 ], [ -86.775918888847897, 36.054161516760502 ], [ -86.775982469084695, 36.053327745747701 ], [ -86.776010339944904, 36.052397234622397 ], [ -86.776064087062807, 36.050332154676099 ], [ -86.776153895836899, 36.049689347037301 ], [ -86.776282062927393, 36.049190343691897 ], [ -86.776513580769404, 36.048678669194601 ], [ -86.776847857811802, 36.048094308304002 ], [ -86.777220197179304, 36.047623739850302 ], [ -86.777791136693807, 36.047055854879801 ], [ -86.778480548932194, 36.046511211946402 ], [ -86.779170834277906, 36.046056588160901 ], [ -86.779765979087699, 36.045698611975403 ], [ -86.7804417659965, 36.0452740872284 ], [ -86.781131321564104, 36.044747433083899 ], [ -86.781577816133805, 36.044306380235298 ], [ -86.781928944460205, 36.043937972682599 ], [ -86.782152016338699, 36.043631123501598 ], [ -86.783732358943794, 36.041699458571799 ], [ -86.784652533540793, 36.040583070591801 ], [ -86.785652839213597, 36.039352113459799 ], [ -86.785915724933204, 36.039032284725302 ], [ -86.786199294892299, 36.038562265867498 ], [ -86.786386911774798, 36.038104877619197 ], [ -86.786557670520907, 36.037437523539197 ], [ -86.786635153943294, 36.037052879662198 ], [ -86.787092313419095, 36.036203589425199 ], [ -86.787432500176607, 36.036228620913597 ], [ -86.787842224751103, 36.036275219887699 ], [ -86.788342965207207, 36.036333412562797 ], [ -86.788782707201406, 36.036379811948798 ], [ -86.789526362092602, 36.036461133764 ], [ -86.790694118713205, 36.036588774300498 ], [ -86.791441996636095, 36.036669198113998 ], [ -86.796378784358197, 36.0371993244027 ], [ -86.801344006924495, 36.037733352148798 ], [ -86.801600055928901, 36.037758605613902 ], [ -86.807472353544199, 36.038343003838797 ], [ -86.811758609643903, 36.038785515462699 ], [ -86.813523598643201, 36.039011070583797 ], [ -86.816240742239799, 36.039316861367702 ], [ -86.819277959654301, 36.039662137848303 ], [ -86.821917275612293, 36.039960603604499 ], [ -86.823520348032901, 36.040141960329301 ], [ -86.826158027905706, 36.040442576643102 ], [ -86.829315530211701, 36.040798966454602 ], [ -86.832077019120604, 36.041128305099598 ], [ -86.842237495849901, 36.042336182532502 ], [ -86.847105744459597, 36.042914677847399 ], [ -86.852398281285105, 36.043543202917903 ], [ -86.872719416316798, 36.045830715849497 ], [ -86.882882619373504, 36.047170967648697 ], [ -86.889864788861004, 36.048077863383703 ], [ -86.891187764020799, 36.0482530067666 ], [ -86.893149620495706, 36.0484974045972 ], [ -86.895065407976304, 36.048705197484601 ], [ -86.897300853284904, 36.048984582539198 ], [ -86.898943515512897, 36.0491943472217 ], [ -86.900631429279898, 36.049403751398302 ], [ -86.901817456820297, 36.049542886481802 ], [ -86.902978953908899, 36.049706094216504 ] ] ] } }
]
}
