{"type": "FeatureCollection", "features": [{"id": "0", "type": "Feature", "properties": {"OBJECTID": 1, "CommunityNumber": 2, "CommunityName": "Parkwood - Union Hill", "GlobalID": "baa3fada-cf8c-4384-899e-b296a3f0d634"}, "geometry": {"type": "Polygon", "coordinates": [[[-86.7537491387589, 36.4043136579245], [-86.7536243094068, 36.4042742620887], [-86.7532101952148, 36.4042768391845], [-86.7530946256374, 36.4043177310824], [-86.7527465995961, 36.404346677434], [-86.7524983855721, 36.4043750024374], [-86.7522749968905, 36.4044232591454], [-86.7521229791114, 36.4045174254618], [-86.751856082017, 36.4045911885204], [-86.7513671248236, 36.4047638431206], [-86.7512633010834, 36.4047893809078], [-86.7511133369103, 36.4047868778067], [-86.7509689572719, 36.4047462270994], [-86.7508751228641, 36.4047054344226], [-86.7507607334873, 36.4046470861828], [-86.7506035816879, 36.4046480606072], [-86.7504958896407, 36.4046688147024], [-86.7499236238784, 36.4045671214791], [-86.7497154652009, 36.4045194821232], [-86.7494756531562, 36.4045381348534], [-86.7493112534366, 36.4045362339242], [-86.7491364657606, 36.4046035837589], [-86.7490458451648, 36.4046777948287], [-86.7488807689821, 36.4047390754315], [-86.7487434059593, 36.4048113435627], [-86.7483999687808, 36.4047420485351], [-86.7482847017878, 36.4046356332278], [-86.748149027775, 36.4044823038261], [-86.7479643482946, 36.4042223209102], [-86.7476975418999, 36.4040363236289], [-86.7473894943024, 36.4038909249716], [-86.7472305896351, 36.403751128908], [-86.7470764775131, 36.4036240073198], [-86.7469968538131, 36.4035584021436], [-86.7468470155278, 36.4034789807101], [-86.746713868322, 36.4034128471225], [-86.7465967154548, 36.4032861836699], [-86.7464632072271, 36.4032267475215], [-86.7462406217505, 36.4033151610949], [-86.7460408390634, 36.4032092645519], [-86.7459817044997, 36.4031091966005], [-86.7458893135969, 36.4029957708582], [-86.7458050403899, 36.4028422937736], [-86.7457710913709, 36.4027554615354], [-86.7458248588253, 36.4022862742702], [-86.7458744989955, 36.402100211474], [-86.745953456582, 36.4018701897836], [-86.7459933901745, 36.4017358621874], [-86.746029969592, 36.4016061905822], [-86.7461076164443, 36.4015075115035], [-86.7461641767061, 36.401379776854], [-86.7462830070045, 36.4011893387273], [-86.7463456702734, 36.4010332392619], [-86.7463439568654, 36.4008516130706], [-86.7461812112116, 36.4006189606764], [-86.7462386573868, 36.400495169114], [-86.7462377732835, 36.4004014376225], [-86.7461782741456, 36.4003075523881], [-86.7460951084521, 36.400181193897], [-86.746109208128, 36.3999198109515], [-86.7461320733277, 36.3997321961075], [-86.7460434049197, 36.3996077599489], [-86.7459062936326, 36.3995258553519], [-86.7456882706846, 36.3993762922826], [-86.7455479914806, 36.3992736335794], [-86.7453322254145, 36.3990929819857], [-86.745139827081, 36.3990483279756], [-86.7450406353196, 36.3990690249748], [-86.7448253894977, 36.3991239134722], [-86.7447211290576, 36.3989671248519], [-86.7446733562062, 36.3988101603529], [-86.7445901815651, 36.3986824274075], [-86.7444807727303, 36.3986103082058], [-86.7443059357163, 36.398490864306], [-86.7442141210196, 36.3984378647862], [-86.7441379170531, 36.3983737817527], [-86.74413645258, 36.398218077469], [-86.7440952794066, 36.3981304306569], [-86.7440447710108, 36.3980436996029], [-86.7437453087536, 36.3979047626144], [-86.743683459899, 36.3978314920799], [-86.7436275411363, 36.397711316581], [-86.7434784879842, 36.3977591005984], [-86.7433047865602, 36.3977601672741], [-86.7431305346634, 36.3977478460792], [-86.7429732861353, 36.39778228878], [-86.742865837542, 36.3977829481873], [-86.7425418254962, 36.3976978945572], [-86.742417263462, 36.3976852675369], [-86.7422169332289, 36.3975189367752], [-86.7420506736153, 36.3974530010239], [-86.7418746020113, 36.3972465196625], [-86.7417732130997, 36.3970327132568], [-86.7417549552935, 36.396852046592], [-86.7418417553685, 36.3965970856259], [-86.7419422505285, 36.3964891700163], [-86.742015565222, 36.3963814209262], [-86.7418561070142, 36.3961346646234], [-86.741708147464, 36.3960270697833], [-86.7416107696387, 36.3959238002416], [-86.7414883483751, 36.3958220574572], [-86.7414037133131, 36.3956282345456], [-86.7413861467672, 36.3955212140628], [-86.7414083784345, 36.3952196085066], [-86.7414151299392, 36.3950789615436], [-86.7414967510778, 36.3949512469995], [-86.741510927758, 36.3946965592482], [-86.7414495305223, 36.3943084242502], [-86.7413401564133, 36.3941484019497], [-86.7412069651842, 36.3940753953029], [-86.7411889602244, 36.3939215088678], [-86.7413440046674, 36.3936525674213], [-86.7413828143369, 36.3933979003923], [-86.7413573033641, 36.3933041478233], [-86.7413477434616, 36.3931903827083], [-86.741263740401, 36.3930636824553], [-86.7410640529657, 36.3929644724573], [-86.7409563116214, 36.3929785230231], [-86.7406822429487, 36.3928729004804], [-86.7406311289698, 36.3927660850659], [-86.7406371139791, 36.3924980563416], [-86.7406842933768, 36.3922299472137], [-86.7406156621386, 36.3919757660153], [-86.7404391036399, 36.3917155494796], [-86.7404862832419, 36.3914474403581], [-86.7405097076987, 36.3912730420307], [-86.7404497119079, 36.3910792391431], [-86.7402064566946, 36.3907256929729], [-86.7402055156081, 36.3906250943254], [-86.7401460846946, 36.3904915474357], [-86.7398924487156, 36.3903445949638], [-86.7397627228148, 36.3902325941653], [-86.7396465008395, 36.3902022303379], [-86.7395544261121, 36.390120043221], [-86.7393962527395, 36.3900540543624], [-86.7392131368289, 36.3899547400432], [-86.738662678091, 36.3895829798399], [-86.7385011958892, 36.3894807855411], [-86.7381469152152, 36.3893790801824], [-86.737698500759, 36.3892472168188], [-86.7371502251271, 36.3890629108962], [-86.7366973540471, 36.3888169038213], [-86.7364169222776, 36.388618603159], [-86.7361803312762, 36.3884308510462], [-86.7358578573178, 36.3881866228667], [-86.735707499077, 36.3880469309739], [-86.7355312766563, 36.3878201826388], [-86.7354219125538, 36.387613286073], [-86.7352542609977, 36.3874403927539], [-86.7351543315873, 36.3873803966926], [-86.7348867979317, 36.3870609797029], [-86.7346891322448, 36.3868568503663], [-86.7342180980654, 36.3864818408217], [-86.7341012387156, 36.3863819451312], [-86.7340090000809, 36.3862352030514], [-86.7338781392641, 36.3859534111943], [-86.7336197340422, 36.3857472448085], [-86.733364315323, 36.3855424332105], [-86.7331808452222, 36.3854029387322], [-86.7329118426398, 36.3849691872072], [-86.7328338820507, 36.3846213203136], [-86.7328237664469, 36.3844002575577], [-86.7328705334451, 36.3840852846926], [-86.7328416331687, 36.3836699936874], [-86.7327239133909, 36.3834765361194], [-86.7325309543559, 36.3831829292254], [-86.7322768982346, 36.3828488317782], [-86.7321142309629, 36.3826161590623], [-86.7319537257517, 36.3826171298334], [-86.7317286239792, 36.3825666435132], [-86.7315299838127, 36.3824387407409], [-86.7313401394744, 36.3822057161879], [-86.7313066693782, 36.3820761281639], [-86.7311937173761, 36.3819384363156], [-86.7310191227958, 36.3818390580256], [-86.7308851661757, 36.3817258713448], [-86.7308160217324, 36.381595640194], [-86.7307828391851, 36.3814051037712], [-86.7306890153123, 36.3812233457823], [-86.7306724438721, 36.3810842131108], [-86.7304945209088, 36.3806699924616], [-86.7304258453713, 36.3804983832631], [-86.7302825523207, 36.3801553722593], [-86.7302559482782, 36.3799412757086], [-86.7302256513449, 36.37969509719], [-86.7301940077617, 36.3795330501555], [-86.7300654506207, 36.3790380127401], [-86.7300296762284, 36.3787503204839], [-86.7300270189022, 36.3784622567542], [-86.7301074043382, 36.378200474208], [-86.7300377075268, 36.3778257728342], [-86.729883828694, 36.3774392181012], [-86.7297978808774, 36.3772359516591], [-86.7297050833989, 36.3767963223673], [-86.7295879306859, 36.3766624311398], [-86.7294901146134, 36.3765073065353], [-86.729261431357, 36.3762964875961], [-86.7289033561573, 36.3760977785136], [-86.7286525699699, 36.3758379908908], [-86.7285422611278, 36.3755708332927], [-86.728548435911, 36.3753191123765], [-86.7285299999624, 36.3751152668036], [-86.7285110995118, 36.3748609499084], [-86.7285825017348, 36.374545657786], [-86.7286019827656, 36.3741250945813], [-86.7285350584841, 36.373865916306], [-86.7285421708101, 36.3737621783573], [-86.7284642336588, 36.373367438557], [-86.7283046227591, 36.3731405789173], [-86.7281738835144, 36.3729597274516], [-86.7279478563253, 36.3728053728442], [-86.7278447515139, 36.3726744855562], [-86.7277527188329, 36.3725471368891], [-86.7276230692749, 36.3723922020469], [-86.7275582438971, 36.372314648735], [-86.7273958519719, 36.3721080628959], [-86.7272334593169, 36.3719013051534], [-86.7272236807217, 36.3718074545314], [-86.7273583379071, 36.3715372781004], [-86.727401753765, 36.3713643062565], [-86.7273521376214, 36.3708626097601], [-86.7273044353011, 36.3706615148378], [-86.7272777855108, 36.3704874189388], [-86.7270001230438, 36.369980053567], [-86.7268394164453, 36.3696326784008], [-86.7268212605316, 36.369458703014], [-86.7267274651726, 36.3692312740764], [-86.7265971091277, 36.3689985707915], [-86.7264741227924, 36.3686435862764], [-86.7264147914259, 36.3685165551832], [-86.7264086451108, 36.3678468645952], [-86.7263283530085, 36.3677026194728], [-86.7262561904256, 36.3674726566774], [-86.7262041224073, 36.3672116706485], [-86.7261612109036, 36.3669768968288], [-86.7261585916766, 36.3666914069635], [-86.726148674827, 36.3665822773196], [-86.7260912746938, 36.3663415815352], [-86.7260546299599, 36.3662345007386], [-86.7260887738524, 36.3660689669816], [-86.7261341577797, 36.3658791587214], [-86.7261898034131, 36.3656510039598], [-86.7261162771126, 36.365549809966], [-86.7259543783366, 36.3653950665782], [-86.7258380013313, 36.3652043402452], [-86.7257862431439, 36.3649768298242], [-86.7256915928616, 36.3647478597944], [-86.7256504759902, 36.3646159118781], [-86.7255822867928, 36.3644020626783], [-86.7255308980837, 36.3642147232782], [-86.7255049309806, 36.3641144454756], [-86.7253743470773, 36.3634386326968], [-86.7254788584349, 36.3630762737629], [-86.7254425541024, 36.3627281501441], [-86.7254322230833, 36.3625273449879], [-86.7252606493928, 36.3618718642061], [-86.725399621929, 36.3616567728498], [-86.725687592892, 36.3614406161168], [-86.7258684156016, 36.3612989244817], [-86.7259505796178, 36.3612314758266], [-86.726138600043, 36.36094896186], [-86.7262428029704, 36.3605999949295], [-86.7262572068627, 36.3603653916718], [-86.7261806471435, 36.360118114886], [-86.7258628450286, 36.3598118536222], [-86.725662645432, 36.359645493367], [-86.7253879828872, 36.359506533201], [-86.7251139911223, 36.359394350698], [-86.7249137375461, 36.3592681629819], [-86.7247094802976, 36.3591219121819], [-86.7247025915921, 36.3583694734904], [-86.7246725839084, 36.3582448407609], [-86.7246985524166, 36.3579282761791], [-86.7247586348659, 36.3576748577095], [-86.7248618586407, 36.3572187681699], [-86.7248850024147, 36.3570110664852], [-86.7249167614001, 36.3568634017227], [-86.724988463547, 36.3565347168767], [-86.7248607182341, 36.3561670535026], [-86.7248842955515, 36.3560530873238], [-86.7249410383735, 36.3558987489175], [-86.7250058443898, 36.3557441904774], [-86.725102718001, 36.3554757865486], [-86.7249686257686, 36.355295637609], [-86.7246783445681, 36.3552572031028], [-86.7245776089912, 36.355103807953], [-86.7246259220694, 36.3549560440341], [-86.724790606712, 36.35486131939], [-86.7249390998715, 36.3547599959464], [-86.7249373815554, 36.3545723581248], [-86.7247956616855, 36.3544861645602], [-86.724637387956, 36.354400069976], [-86.7246014360294, 36.3543214833833], [-86.7247090277392, 36.3540646898103], [-86.7247891529321, 36.353775269443], [-86.724745663311, 36.3535688251122], [-86.7246777296588, 36.3533815838468], [-86.724624430295, 36.353309110005], [-86.7244928788358, 36.3530813893635], [-86.7242845775145, 36.3529552486389], [-86.7240946039943, 36.3529764725358], [-86.7239621730232, 36.3529772650524], [-86.7239610096849, 36.3528500557976], [-86.7238264388249, 36.3526632127534], [-86.7237098276993, 36.3525835632602], [-86.723634691068, 36.3524902744135], [-86.7235828251333, 36.3522493716519], [-86.7234404378763, 36.3520895289503], [-86.72301694482, 36.3519648442776], [-86.7229170098928, 36.3518983138556], [-86.7227672324209, 36.3518121660278], [-86.7226659548706, 36.3515985120683], [-86.7227147552172, 36.3515039672206], [-86.7227383373697, 36.3513903446318], [-86.7226463439146, 36.3512636778815], [-86.7225698060252, 36.35106309554], [-86.722544454755, 36.3509828998224], [-86.7225019423393, 36.3508827198019], [-86.7225495845361, 36.3506613089845], [-86.7226414237847, 36.3504921688136], [-86.7226404757228, 36.3503883069125], [-86.7226062747034, 36.3501290997923], [-86.7225725958647, 36.3499735854221], [-86.7225672906681, 36.349857388426], [-86.7225493319969, 36.3497034969659], [-86.7226222630819, 36.3495555865589], [-86.7227607932983, 36.3492936307415], [-86.7229497436369, 36.3491148109035], [-86.7230484207556, 36.3490440032526], [-86.7233269459675, 36.3487274734804], [-86.7235490937069, 36.3485587550911], [-86.7236176332, 36.348487955516], [-86.7237116226301, 36.3482295268532], [-86.7236772316579, 36.3480891249686], [-86.7236008166135, 36.3479019335426], [-86.7234921506781, 36.3477619758265], [-86.7232998671877, 36.3475754770747], [-86.7231914505524, 36.3475091692084], [-86.722997718378, 36.347349804401], [-86.7226342147317, 36.3472378076626], [-86.7224504246323, 36.3470514284969], [-86.7223486637628, 36.3467840403653], [-86.7222718271217, 36.3465501530238], [-86.7222213128985, 36.3464565444717], [-86.72212083755, 36.3463299277945], [-86.7220251266679, 36.3462137552059], [-86.7218448218357, 36.3460367967985], [-86.7217021337298, 36.3459820230954], [-86.7215702104784, 36.345850958136], [-86.7215606237191, 36.3457304944345], [-86.721602715559, 36.3456452606923], [-86.7217498437075, 36.3455818906855], [-86.721882140237, 36.3455677101068], [-86.7220313553974, 36.3455936020381], [-86.7221719570549, 36.3455592847573], [-86.7222538635732, 36.3454650573027], [-86.7221946189868, 36.3453448900922], [-86.7221772101407, 36.3452510838529], [-86.7219683822316, 36.3450179840894], [-86.7219490840631, 36.3447634945209], [-86.7218806733045, 36.3444758199699], [-86.7218296159373, 36.34436899491], [-86.7218203923337, 36.3442418333951], [-86.7217117968435, 36.3441552667263], [-86.7215274669309, 36.3439086287717], [-86.7213765454698, 36.3436950976706], [-86.7212252604486, 36.3434415665644], [-86.7211493435514, 36.3433079352785], [-86.7211478799601, 36.3431472493655], [-86.7211524972083, 36.3430018069206], [-86.7211261329417, 36.3428565491584], [-86.7209124772117, 36.342511711025], [-86.7209112438966, 36.342376261004], [-86.7208913369511, 36.3422409222598], [-86.720884194092, 36.3421556386934], [-86.7208463115878, 36.3420504514663], [-86.7207890577194, 36.341915335234], [-86.7207006082368, 36.3417101867349], [-86.7206313223455, 36.3416053581999], [-86.7205560482117, 36.3414954148203], [-86.7204371067773, 36.341390710253], [-86.7202932321059, 36.341251130822], [-86.7201307298535, 36.3411166408992], [-86.7200431962845, 36.3410119206434], [-86.7198927744687, 36.340852292855], [-86.7198298547292, 36.3407472542743], [-86.7197421706731, 36.3406725791136], [-86.7196629980287, 36.3406004284888], [-86.7194601531824, 36.3403229944978], [-86.7192724097816, 36.3400725961854], [-86.7191026272107, 36.3398837248037], [-86.7188207073075, 36.3395442673281], [-86.7187203536929, 36.3394294929969], [-86.7184693809922, 36.3390369199338], [-86.7182458899668, 36.3386369060912], [-86.7194189523715, 36.3392450736024], [-86.7195238720871, 36.3393017915205], [-86.7203832768961, 36.3396259636021], [-86.7206652456628, 36.3398301313808], [-86.7208881140371, 36.3400689872112], [-86.7210857838681, 36.3403835331169], [-86.7211976317035, 36.3406230981657], [-86.7212578041298, 36.340742864471], [-86.7214045475205, 36.3410388329502], [-86.7217599802551, 36.3417586373197], [-86.7220513999137, 36.3421136542193], [-86.7232565112933, 36.3431083933533], [-86.7240198961113, 36.3431834874599], [-86.7243258716585, 36.3434577209949], [-86.7246019871187, 36.3432515937479], [-86.7260328932227, 36.3434073143641], [-86.7261623002848, 36.343957809645], [-86.7284544989375, 36.3438937255813], [-86.7288825513323, 36.3429959952322], [-86.7293452451457, 36.342035733457], [-86.7295615406764, 36.3406826010308], [-86.7293990426483, 36.3387073424575], [-86.7300712923098, 36.3389366037457], [-86.7302439954002, 36.339025351317], [-86.7303956586422, 36.3391336258236], [-86.7311680127529, 36.3392182347995], [-86.7331034765292, 36.3394192353075], [-86.7332131772748, 36.3386764136057], [-86.7332348821402, 36.3385542865913], [-86.7333387873431, 36.3373316921058], [-86.7335144220863, 36.3352172112916], [-86.7338623570141, 36.3352563047508], [-86.7347622409003, 36.3353675861468], [-86.7353950989345, 36.3354419360547], [-86.7355852105667, 36.3354678258651], [-86.7355960015389, 36.335319227041], [-86.7356080517707, 36.3351569545886], [-86.7356302684068, 36.3347447666588], [-86.7356397619263, 36.3345987486415], [-86.735671093556, 36.3340650154364], [-86.7357313228037, 36.3328776142927], [-86.735281044904, 36.3327843815235], [-86.73461479149, 36.3325113333608], [-86.7344254126385, 36.3323745280418], [-86.7343371896369, 36.3323172797483], [-86.7338940048298, 36.33203156263], [-86.7336493141887, 36.3319583649162], [-86.7333991092918, 36.331931211212], [-86.7331955507914, 36.3319461799609], [-86.7328746787129, 36.3320784320519], [-86.7327042325871, 36.3321864232388], [-86.7325723891702, 36.3322469675424], [-86.7321487808282, 36.3323471582865], [-86.7318728714419, 36.3323679467061], [-86.7315344389755, 36.3322994322999], [-86.7312555208071, 36.3321500378076], [-86.7310500610281, 36.3319591664571], [-86.7309466968444, 36.3317949754161], [-86.7308122632954, 36.3314829811997], [-86.7308053346298, 36.3312380313015], [-86.7307277312985, 36.3310141103558], [-86.7305185087456, 36.3307369041857], [-86.7302697466652, 36.3304975349779], [-86.7301285754726, 36.3304207864752], [-86.7301806472399, 36.3303152303704], [-86.7303443408963, 36.3299938698475], [-86.730656678463, 36.3293771058653], [-86.7307805907437, 36.3291086230187], [-86.7309027438951, 36.3288721638459], [-86.7312332740877, 36.3279027308424], [-86.7315390952319, 36.3273370735409], [-86.7320115916553, 36.3267161547253], [-86.7324309696946, 36.3263171988432], [-86.7325786276303, 36.3262042845726], [-86.7330821821311, 36.3258489619619], [-86.7337287466026, 36.325417265581], [-86.7340299786364, 36.3251834933637], [-86.7343385098109, 36.3248676113443], [-86.7351131764744, 36.3238444785752], [-86.7353471525795, 36.3234517893288], [-86.7356152215287, 36.323120869981], [-86.7361690025066, 36.3224862196624], [-86.7364909981932, 36.3222057883226], [-86.7372894954052, 36.3216972030614], [-86.738199337687, 36.3212085348309], [-86.7389918907799, 36.3208836759565], [-86.7393944383508, 36.3207387477075], [-86.7402633291751, 36.3204063448492], [-86.7406591790363, 36.320221764616], [-86.7408993222919, 36.3200388238275], [-86.7410458398757, 36.319871564466], [-86.7411781371216, 36.3196810430638], [-86.7413343300736, 36.3193236699792], [-86.7413878067795, 36.3190079588474], [-86.7413652624198, 36.3188206182342], [-86.7412442180684, 36.3183998762074], [-86.7410895539393, 36.3181949750761], [-86.7407640027232, 36.3178196083606], [-86.7404127010768, 36.3174579614397], [-86.7399374176917, 36.3170864277424], [-86.7397042337369, 36.3168780564756], [-86.7392926185427, 36.3164630380682], [-86.7389491515314, 36.3159847654694], [-86.7388045926562, 36.3157331106733], [-86.7387000663989, 36.31553810038], [-86.7385349933414, 36.3152051030266], [-86.738226034582, 36.3148775277971], [-86.7380761364384, 36.3147812215332], [-86.7378670957699, 36.3146498335098], [-86.7376116937731, 36.314560055716], [-86.7372243320259, 36.3144584986477], [-86.7361332317133, 36.3142099017392], [-86.7350119678965, 36.3138541254373], [-86.7345692649552, 36.3136509662571], [-86.7342002844378, 36.3134367134553], [-86.7339895807031, 36.3132700649161], [-86.7336775402349, 36.3130197751888], [-86.733467358782, 36.3127724516251], [-86.733329803354, 36.3125332714781], [-86.7331367164652, 36.3120112382694], [-86.7326158123975, 36.3105201384706], [-86.7325273737097, 36.3101034403325], [-86.7324953162945, 36.3099797792155], [-86.7323774022284, 36.3095129376468], [-86.7320655845971, 36.307860990714], [-86.7317758947859, 36.3058935239224], [-86.7327593940916, 36.3059081698236], [-86.7338871221378, 36.305921760724], [-86.7338398420437, 36.3063133166374], [-86.7353080578193, 36.3064992290604], [-86.7357907667367, 36.30655493546], [-86.7371084637959, 36.3067145768454], [-86.7371719707509, 36.3063455464078], [-86.7372680140622, 36.305715945294], [-86.7374769095232, 36.3042577787525], [-86.7375517775327, 36.3037728600422], [-86.7377610765023, 36.3022203568485], [-86.7370247411346, 36.3020887130895], [-86.7368692874402, 36.302062175023], [-86.735791235528, 36.3018754279993], [-86.7355934031535, 36.301859119928], [-86.7352008564782, 36.3017967823957], [-86.7347466930031, 36.3016771319806], [-86.7346359500829, 36.3016287030797], [-86.7336388132965, 36.3013267552469], [-86.7329731096198, 36.3011297499856], [-86.7324320861675, 36.3009285521339], [-86.7319400654934, 36.3007049078861], [-86.7307037732436, 36.2999507923272], [-86.7308629335667, 36.2997302454647], [-86.7309566892829, 36.2996392007851], [-86.7314333158325, 36.2994116331945], [-86.7316931400906, 36.2993025634472], [-86.7318029757564, 36.2992646568064], [-86.7326138432662, 36.2989776266249], [-86.7330158549689, 36.2988632033348], [-86.73311925288, 36.2988323117901], [-86.7333793521922, 36.2987491290747], [-86.7354674986659, 36.2980759520064], [-86.7357755151188, 36.2979967486847], [-86.7361792353146, 36.2978964741179], [-86.7363445801518, 36.2978587128788], [-86.737184297671, 36.297677659747], [-86.7381231492196, 36.2974638492505], [-86.7385089768692, 36.2973080066508], [-86.7386823891915, 36.2972085717234], [-86.7389391551333, 36.2970411548894], [-86.7390896279164, 36.2968927576443], [-86.7394286455167, 36.2964940921508], [-86.7402598211087, 36.2951551267639], [-86.7404985938615, 36.2947724776316], [-86.7414079056879, 36.2933255383702], [-86.7399645231587, 36.2931747372786], [-86.7394225702668, 36.2931182060772], [-86.7387110654214, 36.2930414997608], [-86.7382176660365, 36.2929879399372], [-86.7372685326404, 36.2928936623968], [-86.7365278593104, 36.2928301417414], [-86.7352651746122, 36.2927328207108], [-86.7350871357958, 36.2927212971376], [-86.7339252429768, 36.2926370703017], [-86.73369557432, 36.2925697903009], [-86.731736828583, 36.2933981967244], [-86.7299575842404, 36.2942748638882], [-86.7298484431274, 36.2943276509939], [-86.728328944538, 36.2950873072202], [-86.7278729013039, 36.2953166550607], [-86.7254338065378, 36.2965515785435], [-86.7247006407658, 36.2969951454792], [-86.7244283003397, 36.2969006341366], [-86.7238595373597, 36.2968147647189], [-86.7233403593099, 36.2965845523777], [-86.7229577433567, 36.2963514610389], [-86.7228291050444, 36.2962926555666], [-86.7226223440275, 36.2961792060895], [-86.7226127127208, 36.2959603654374], [-86.7225535639371, 36.2958001935905], [-86.7223894403056, 36.2956176432295], [-86.7221145516854, 36.295428886894], [-86.7219116324438, 36.2951315387013], [-86.7217693603114, 36.2950192478119], [-86.7215358696398, 36.2948113576438], [-86.7214172663784, 36.2946896540845], [-86.7211635540515, 36.2943103705921], [-86.7210713568157, 36.2942003554237], [-86.7209789911044, 36.2940717992115], [-86.7209039335779, 36.2937010639021], [-86.7208459716598, 36.2936241512801], [-86.7206595438599, 36.2935533267316], [-86.7204726032642, 36.2934727189078], [-86.720063121547, 36.2932212364515], [-86.7199003159022, 36.2930891501729], [-86.7196836781264, 36.2929142912157], [-86.720638197502, 36.2921522501015], [-86.7217399402147, 36.2912777201044], [-86.7225079821358, 36.2907091465816], [-86.7228793794212, 36.290396370724], [-86.7238042641135, 36.2895962774656], [-86.7242992986109, 36.2891609426154], [-86.7253441825058, 36.2882194345189], [-86.7255872841089, 36.2879939308119], [-86.7263719324211, 36.287224277822], [-86.7265962540798, 36.2870062558532], [-86.7271790902148, 36.2864448536518], [-86.7272772489651, 36.2863535903209], [-86.7287944455677, 36.2849347384374], [-86.7290569062601, 36.2846836920683], [-86.7321512967197, 36.28170081779], [-86.7329542047404, 36.2806557075968], [-86.7332299937347, 36.2802570286184], [-86.7340939545562, 36.2788471193089], [-86.7345295381947, 36.2779831245931], [-86.7346907792553, 36.2776291170059], [-86.7348818984192, 36.2772003264889], [-86.735090432896, 36.2765483682924], [-86.7351958433158, 36.2762159335203], [-86.7352186384983, 36.2761251262953], [-86.7353982502921, 36.2754008184564], [-86.7355964386116, 36.2745933902848], [-86.7356243275665, 36.2744630251951], [-86.7358460736003, 36.2734073526348], [-86.7359431606015, 36.272946566808], [-86.7364208167034, 36.270591614154], [-86.7367056313629, 36.2692399789379], [-86.7368693782395, 36.2684016954291], [-86.7370122176097, 36.2676968936375], [-86.737136463571, 36.267067273166], [-86.7373941364241, 36.2658122698841], [-86.737755459946, 36.2641300187586], [-86.7380926221411, 36.2624443443922], [-86.7381391800486, 36.2621642287859], [-86.7382150556604, 36.2617144974211], [-86.7383214176462, 36.260797726361], [-86.7383457433517, 36.2603052803414], [-86.7383424957289, 36.259813137781], [-86.7383484394369, 36.2593291227355], [-86.7383783619151, 36.2563515427593], [-86.7384554145707, 36.2557937753758], [-86.7385087000098, 36.2555464468077], [-86.7385290298936, 36.2554523638787], [-86.738600135902, 36.2551526303995], [-86.7386868408493, 36.2548014143576], [-86.7388395134927, 36.254291739582], [-86.7388988261287, 36.2541054395914], [-86.7391083144228, 36.2536546329973], [-86.7393353306168, 36.2532021643748], [-86.7395083205927, 36.2528779627422], [-86.7395586008953, 36.2527934801357], [-86.7396842392289, 36.2525903237459], [-86.7401349252784, 36.2518692331028], [-86.7401848163603, 36.2517922404466], [-86.7402556728111, 36.2516844033032], [-86.7403897957919, 36.2514816496537], [-86.740703584965, 36.2510099438533], [-86.7415348243056, 36.2497854314431], [-86.7416396091961, 36.2496586483374], [-86.7417332061154, 36.2495313935732], [-86.7426125395096, 36.2483465947111], [-86.7429731710942, 36.2479399640001], [-86.7431117864501, 36.2477993990004], [-86.7439479417959, 36.2469966405087], [-86.746705733814, 36.2447255391083], [-86.7483306532719, 36.2433890247246], [-86.7484093308708, 36.2433243421052], [-86.7493939931163, 36.2425143793317], [-86.7499339290663, 36.242113255319], [-86.7504024861791, 36.241733394515], [-86.7509472916021, 36.2412949288983], [-86.751619486324, 36.2407776646241], [-86.7521261283765, 36.2404311352682], [-86.7532707554923, 36.2397333022873], [-86.7546836262232, 36.2389414145141], [-86.7557409615409, 36.2384286677395], [-86.7561751308932, 36.2382707675786], [-86.7569861914378, 36.2379804039649], [-86.7583346956392, 36.237506243069], [-86.7594163409737, 36.237190581007], [-86.7607873824395, 36.2367769414862], [-86.7616991449535, 36.2364721147871], [-86.7626491174774, 36.2362626704021], [-86.7635903261579, 36.2358479344413], [-86.7637741947875, 36.2357511415721], [-86.7653838482061, 36.2350332535974], [-86.7668300413068, 36.2342018652588], [-86.7682515264116, 36.2331857076171], [-86.7696117414739, 36.2320215954285], [-86.7697957045664, 36.2318558698321], [-86.7706677979152, 36.2310439508042], [-86.7711562691609, 36.2304804775557], [-86.7721665520472, 36.2290948098356], [-86.7724841574711, 36.2284916227295], [-86.773016692402, 36.2275254570579], [-86.7732798080796, 36.2270250482116], [-86.7736842616882, 36.2264214571212], [-86.7740111750149, 36.2259590229263], [-86.7743539935727, 36.2255092732047], [-86.7746187734512, 36.2251495325161], [-86.7757277018697, 36.2255771808532], [-86.7761872332189, 36.2257660376183], [-86.7770916487836, 36.2262589245496], [-86.7782828724962, 36.2271920062689], [-86.7788990492397, 36.2276783351852], [-86.7792284131316, 36.2279709553294], [-86.7797260783547, 36.2283898815925], [-86.7832181846767, 36.2317234441885], [-86.7834135151077, 36.2319355663619], [-86.7849991910016, 36.2339889711996], [-86.7858912318497, 36.2365106279292], [-86.7859684782065, 36.2371504718625], [-86.7861032046666, 36.2380208423497], [-86.7859901844203, 36.2393878510947], [-86.7856678699888, 36.2411612337767], [-86.7855207822305, 36.2417191181022], [-86.7846421822122, 36.2446837610675], [-86.7845285110181, 36.2450692688743], [-86.7841450228942, 36.2464465971818], [-86.7840843067254, 36.2466974111487], [-86.783842635297, 36.2478565997172], [-86.7839148852745, 36.2486636376832], [-86.7839302644909, 36.2497138022537], [-86.7840458347196, 36.2502711050363], [-86.784453095962, 36.2511920952796], [-86.7844995407159, 36.2513229771256], [-86.7849550302427, 36.2522480658473], [-86.7851183251711, 36.2525813661026], [-86.7867766022195, 36.2562196984694], [-86.7870362169787, 36.2567472549028], [-86.7883828183866, 36.2598380330245], [-86.7884925736402, 36.2600834895279], [-86.7891118739548, 36.2614022908917], [-86.789734943266, 36.2627267846963], [-86.7901376959179, 36.2634586265792], [-86.7902377054587, 36.2637479024374], [-86.7907633686469, 36.2647293455639], [-86.7913446112686, 36.2658750338491], [-86.7917746978011, 36.2666525954218], [-86.7918479065478, 36.266804528342], [-86.7922786574532, 36.2675808131313], [-86.7931623655637, 36.2691470493813], [-86.7935378555895, 36.2698366282343], [-86.7935866828847, 36.2699400181458], [-86.7937211568929, 36.2701533938265], [-86.7945867987454, 36.2712332997282], [-86.7956151623628, 36.2725900735543], [-86.797265488444, 36.2743750771679], [-86.7975549399078, 36.2747324031151], [-86.7976984079634, 36.2749142365961], [-86.7978511521337, 36.2751050256691], [-86.7987351511857, 36.2759535426378], [-86.7990397481887, 36.2762365045197], [-86.7996253032301, 36.2767957995644], [-86.799789757021, 36.2769473365749], [-86.8008324898934, 36.2780315117383], [-86.8009619365263, 36.2781492324147], [-86.801312334097, 36.2784895008025], [-86.8015640765119, 36.2787399114185], [-86.8020397834947, 36.2792399791104], [-86.8023528801999, 36.2796616151082], [-86.8035032841997, 36.2806338035793], [-86.8038766188868, 36.2809971720716], [-86.8041758370941, 36.2813540070918], [-86.8046130113342, 36.2817457735943], [-86.8047720354187, 36.2818882771025], [-86.805477697527, 36.2827965908421], [-86.8055354993302, 36.2828709946763], [-86.8058096818595, 36.2832095326303], [-86.8060127520515, 36.2834102539538], [-86.8063409489775, 36.2836122005485], [-86.8071757106532, 36.2846611012203], [-86.8076368478431, 36.2851517048385], [-86.8077580870139, 36.2853122847372], [-86.8081361873972, 36.2858130808781], [-86.8088111232688, 36.2868252946747], [-86.8090234462015, 36.2874550599447], [-86.8092680222161, 36.2878789787689], [-86.8096319326172, 36.289111624716], [-86.8097081408411, 36.2893364035178], [-86.8098264936862, 36.2897660102618], [-86.8100958007596, 36.2913199247489], [-86.8101196652046, 36.291490146338], [-86.810536326073, 36.2931498375176], [-86.8103215795284, 36.2936219629172], [-86.8101117041644, 36.2940649166285], [-86.8100585237693, 36.2941712994987], [-86.8098921538275, 36.2945956846535], [-86.8098403561261, 36.2947259110719], [-86.8097764698726, 36.2948830266519], [-86.8096921241553, 36.2950924466192], [-86.8096155604113, 36.2952376907775], [-86.8094270811471, 36.295597090056], [-86.8093606053769, 36.2958164348706], [-86.8093042604255, 36.2965090342509], [-86.8092923554062, 36.2966928775246], [-86.809283980938, 36.2968693833285], [-86.8092679564252, 36.2972523504085], [-86.8092809554575, 36.2974036904483], [-86.8093398042653, 36.297600220342], [-86.8094071056156, 36.2978766992736], [-86.8095956181381, 36.2986379516224], [-86.8096996312769, 36.2990226327474], [-86.8098167931425, 36.2993628162534], [-86.8099976962181, 36.2997552801599], [-86.8101030366959, 36.3000177688264], [-86.8102596453835, 36.3003987204229], [-86.8102965992166, 36.3004863759193], [-86.8103442845976, 36.3007107930913], [-86.8102858252647, 36.3008845875835], [-86.8102093212418, 36.3009946358347], [-86.8098950295931, 36.3012886417775], [-86.8096154897477, 36.3015397674104], [-86.8093536734863, 36.3016565497895], [-86.8089337818221, 36.3017935631827], [-86.808737812339, 36.3018521531257], [-86.8085015677057, 36.3019187493801], [-86.8080008979686, 36.3021167879568], [-86.8076279448399, 36.3022346525817], [-86.8073127226031, 36.3023979706633], [-86.8071444464689, 36.3025362710236], [-86.8070512288343, 36.3026302903003], [-86.8069771413287, 36.3027283022777], [-86.8066995133793, 36.303251049246], [-86.8066665485148, 36.3033465547169], [-86.8070574321637, 36.3037388231862], [-86.8074349934988, 36.3043824721254], [-86.807623490727, 36.3047103894177], [-86.8078334878406, 36.3050370479378], [-86.8080237967195, 36.3053182288048], [-86.8085286675831, 36.3060285506263], [-86.8088323032916, 36.3064155867266], [-86.8090482223489, 36.3066925382323], [-86.8091833600123, 36.3068690354118], [-86.8097301050343, 36.3074820694856], [-86.8098275617445, 36.3076364487818], [-86.809873546303, 36.3077357183574], [-86.8100857596882, 36.3079521656333], [-86.8102051521684, 36.3080942079821], [-86.8104526211966, 36.3084805586246], [-86.8106081056493, 36.3088742211465], [-86.8106456094432, 36.3090566429878], [-86.8107966095013, 36.3094264710069], [-86.8108511426587, 36.3096146158712], [-86.8108893527874, 36.3098245025216], [-86.8109735557209, 36.3101341732499], [-86.8109950972431, 36.3105392061591], [-86.8109666014408, 36.311029558829], [-86.8109309599682, 36.3115402822932], [-86.8108666742312, 36.3123775461872], [-86.8108558632402, 36.3125208728269], [-86.8108221876014, 36.3129563068867], [-86.810782134587, 36.3133266508608], [-86.8107415448102, 36.3136628307412], [-86.8107949078011, 36.3139850693376], [-86.8108712272599, 36.314145941618], [-86.8109974477227, 36.3143954899098], [-86.8114683143933, 36.3152767748765], [-86.8120668461793, 36.3162221364546], [-86.8122883595963, 36.3165901881542], [-86.8127171100399, 36.3173157325707], [-86.8128582737515, 36.3175101612956], [-86.8129261295748, 36.3176724625213], [-86.813156670562, 36.3180175444804], [-86.8136285855738, 36.3188116751841], [-86.8139093208191, 36.3192510162918], [-86.8140894829043, 36.3194824366498], [-86.8143019535135, 36.3196784437863], [-86.8145824355013, 36.3201337516542], [-86.8148481284724, 36.3204710393064], [-86.8153067822498, 36.3208246519401], [-86.8156642636227, 36.3211197414387], [-86.8158686665051, 36.3212918673276], [-86.8162040731683, 36.3215968054707], [-86.8165943271451, 36.321931117305], [-86.8166922664129, 36.3220137780196], [-86.8169784457696, 36.3222256521802], [-86.8172556726916, 36.3224297733558], [-86.8179182134135, 36.3229143349566], [-86.818305685048, 36.3232490743718], [-86.8188776085189, 36.3236939871479], [-86.8193592788254, 36.3239867092941], [-86.819771303948, 36.3241841450386], [-86.820136654475, 36.3243558845263], [-86.8206116527004, 36.3245537007085], [-86.8207053537482, 36.3245913666046], [-86.8209053385276, 36.3246636506403], [-86.8211824362437, 36.3248281319652], [-86.8214140586795, 36.3250674326778], [-86.8216028106968, 36.3253872009228], [-86.821708917783, 36.3255581647273], [-86.8217727988119, 36.3256828659193], [-86.8218619029163, 36.325873002104], [-86.8219093991339, 36.3259805201887], [-86.8222501646829, 36.3266952322062], [-86.8222943100529, 36.3268537403362], [-86.8223352755824, 36.3269866158067], [-86.8223278396379, 36.3273629783789], [-86.8223267833561, 36.3275990724477], [-86.822452082653, 36.3282640131353], [-86.8224910509159, 36.328379635197], [-86.8224980398907, 36.3284805381676], [-86.8225483257661, 36.3287291982508], [-86.8225906363388, 36.3289791669788], [-86.8226139948922, 36.329348644803], [-86.8226646634919, 36.3295283971859], [-86.8227934397962, 36.3297922586492], [-86.8228981294242, 36.3299841763734], [-86.8231591322931, 36.3303440295537], [-86.8232186943705, 36.3304203465099], [-86.823354918819, 36.3305725205557], [-86.8236018418841, 36.3307710234382], [-86.8239331403479, 36.3310031162641], [-86.8243131788931, 36.3312290387446], [-86.8244098425054, 36.3313016891584], [-86.824683163451, 36.3317444037482], [-86.8247776283688, 36.3318992186793], [-86.8248230123699, 36.3321006383207], [-86.824828848567, 36.332294258468], [-86.824762724308, 36.3324239876851], [-86.8247027045589, 36.3326101593804], [-86.8245823169349, 36.3328676482151], [-86.8242281969941, 36.3327679096772], [-86.8238829093416, 36.3327827950613], [-86.8235564582698, 36.332895067885], [-86.8231968364527, 36.3330345108521], [-86.8230120616403, 36.3331068547039], [-86.8222194728518, 36.3334299983326], [-86.8220231988051, 36.3335108336371], [-86.8215207788098, 36.3337187458851], [-86.8213934994993, 36.3337630463948], [-86.8209587668858, 36.3338698667649], [-86.8206143589592, 36.3339292030118], [-86.8205964764174, 36.3340464129498], [-86.8205911064645, 36.3341834533581], [-86.8206286024945, 36.3344436438606], [-86.8208626049114, 36.3348690345475], [-86.8209725977432, 36.3352447913552], [-86.8209884207422, 36.3354201451312], [-86.8209762946739, 36.3356013541718], [-86.8209224503099, 36.3358111742163], [-86.8208488066633, 36.3361170999833], [-86.8208190980295, 36.336362638121], [-86.82083569669, 36.3366302930916], [-86.8208501462464, 36.336819450368], [-86.8208858466648, 36.3371927925399], [-86.8209080797486, 36.33747389669], [-86.820932983888, 36.3377686441512], [-86.8209407854033, 36.3380298942205], [-86.8209990406782, 36.3385318461066], [-86.8210008364277, 36.3386231697759], [-86.8209204459085, 36.3389744656419], [-86.8207277260571, 36.3392983674423], [-86.820562265861, 36.3395089443012], [-86.8200750474351, 36.3400308618145], [-86.819987053572, 36.3401173483229], [-86.819890437041, 36.3402072742341], [-86.8197114154192, 36.3404201736459], [-86.8195458172081, 36.340658906084], [-86.8192625840827, 36.3412507713424], [-86.819141974874, 36.3414991148972], [-86.8188510317525, 36.3422171775243], [-86.8188172231869, 36.342559571987], [-86.8188543072121, 36.3427801061861], [-86.8189507295196, 36.3430337169778], [-86.819302063182, 36.3436755316853], [-86.8194654050728, 36.3439614437135], [-86.8199002095383, 36.3444708014623], [-86.820198737372, 36.3447275461855], [-86.8203973998792, 36.3449109397845], [-86.8206786180932, 36.3451656489277], [-86.8208760109753, 36.3453068848587], [-86.8211212126374, 36.3455243828619], [-86.8212571851155, 36.3457025258121], [-86.8213335949071, 36.3457852735883], [-86.8216266753285, 36.3463783385576], [-86.8217662016006, 36.3466941469417], [-86.8219912995791, 36.3471163325542], [-86.8222595665718, 36.3475262064602], [-86.8223747374593, 36.3476625986982], [-86.822478515241, 36.3478462812301], [-86.8226184721526, 36.3482438069081], [-86.8227735605749, 36.3483409551743], [-86.8228242519594, 36.3484400151158], [-86.8229368696392, 36.3485755657421], [-86.8233513003867, 36.34875387195], [-86.823538955024, 36.3488844338046], [-86.8237327947107, 36.3490300888628], [-86.8238549820484, 36.3491468599757], [-86.8239584920197, 36.3492227258393], [-86.824051225046, 36.3493642480765], [-86.8240399340098, 36.3495028734765], [-86.8241444073076, 36.3500593842328], [-86.8241880476586, 36.3503566759817], [-86.8241726221977, 36.3504651132498], [-86.8241263893585, 36.3505907570238], [-86.8238721524818, 36.3508019674322], [-86.8237109231835, 36.3509259653353], [-86.8234247254911, 36.3512426090358], [-86.8232777905938, 36.3513994974103], [-86.8230821554011, 36.351689943126], [-86.8229261809239, 36.3518757353216], [-86.8227851247015, 36.3518633034027], [-86.8226357257059, 36.3518241454629], [-86.8224697733675, 36.3517850998727], [-86.8223298267013, 36.3517160044149], [-86.8220556332143, 36.3517178678029], [-86.8218151347722, 36.3517761571553], [-86.821633393821, 36.3518108697692], [-86.8215283443366, 36.3518321851273], [-86.8212781148874, 36.3518936297797], [-86.8211053485187, 36.3519751501871], [-86.8209494069745, 36.3521236843062], [-86.8208269173542, 36.3523052977983], [-86.82067918427, 36.3524268215969], [-86.820516493633, 36.352456767841], [-86.8203208211886, 36.3524580947268], [-86.8201826447938, 36.3524368844043], [-86.8199835157876, 36.352391364675], [-86.819841973752, 36.3523320631135], [-86.8197343017236, 36.3523461839809], [-86.8195789892721, 36.3525147989594], [-86.8194055181455, 36.3525695391061], [-86.8192156316762, 36.3526377814387], [-86.8188768309402, 36.3527137271132], [-86.8187450246172, 36.3527748799342], [-86.8186717162886, 36.3528692866763], [-86.8185818431963, 36.3530038076111], [-86.8184416162716, 36.3530717127047], [-86.8182680831646, 36.3530795821312], [-86.8181034906462, 36.3530489338396], [-86.8179852454749, 36.3530258694018], [-86.8178687081916, 36.352921587198], [-86.8176043494923, 36.3530129925592], [-86.8173325041813, 36.3531193843408], [-86.8172012489023, 36.3532340968559], [-86.8170800457243, 36.353253457233], [-86.8169459756017, 36.3533422643297], [-86.8167552650965, 36.3533310190649], [-86.8166963529336, 36.3532575930381], [-86.8165136395534, 36.3531985655187], [-86.8162893297613, 36.3531398183808], [-86.8161393793767, 36.3530470910444], [-86.8159576330194, 36.353081795118], [-86.8157993320204, 36.3530025149591], [-86.8157903014469, 36.3529088368963], [-86.8157064961914, 36.3528087956743], [-86.8155730212375, 36.3527494347533], [-86.8154238310273, 36.3527303534446], [-86.8152680242213, 36.3528519249729], [-86.8151541491988, 36.3530470374943], [-86.8150308176888, 36.3531483029721], [-86.8148327235606, 36.3532032023922], [-86.814667736777, 36.3532578785597], [-86.8143530671879, 36.3532869512299], [-86.8140552361859, 36.3533023468241], [-86.8138408624841, 36.3533841366966], [-86.8137010437288, 36.3534922073338], [-86.813544189073, 36.3535535228986], [-86.8133540317593, 36.3535548014123], [-86.8129659035873, 36.3536645402317], [-86.8128172639931, 36.3536991887814], [-86.8126017762225, 36.3537140275556], [-86.8124617612288, 36.3537618373285], [-86.8120554812181, 36.3538402771156], [-86.8118420129408, 36.3538865189592], [-86.8115677374615, 36.3539225239828], [-86.8113378660279, 36.3539836396947], [-86.811131689638, 36.3540787610156], [-86.8108035009245, 36.3542389091237], [-86.8106373211545, 36.3543433757841], [-86.8104159061806, 36.354525812877], [-86.8102074053848, 36.354642923569], [-86.8099865827133, 36.3546759917718], [-86.8096890880366, 36.3547248524806], [-86.8094585625949, 36.3548469163768], [-86.8091938894355, 36.3549091192131], [-86.8090204882295, 36.3549303657188], [-86.8088968722862, 36.3550048441865], [-86.808797752402, 36.3550255937252], [-86.8086733837612, 36.3550264250505], [-86.8085575728297, 36.3550338946891], [-86.8082435179244, 36.355124066373], [-86.8081121133272, 36.3551841746997], [-86.8078479845806, 36.3552999359746], [-86.8076753335702, 36.3553948274604], [-86.8074601816811, 36.3554431329371], [-86.8071787589707, 36.3554450107649], [-86.8066235008652, 36.3554018444697], [-86.8063570938085, 36.3554192434129], [-86.8062344678569, 36.355424524365], [-86.8060610647278, 36.3554457666258], [-86.8058372334103, 36.3554338663755], [-86.8057220888321, 36.3554234738456], [-86.8054481318974, 36.3554498485676], [-86.8053319566223, 36.3555050453482], [-86.8051755231104, 36.3555253149686], [-86.8049105181984, 36.3555136870026], [-86.8047786964259, 36.3555748245521], [-86.804613153344, 36.355575925567], [-86.8044798181241, 36.3555299428122], [-86.8044213419244, 36.3554566797105], [-86.8042143371748, 36.3554714470944], [-86.8040314919892, 36.3553990104168], [-86.8038826395164, 36.355413390772], [-86.8037004065353, 36.3554012101757], [-86.8034849803796, 36.3554227278801], [-86.8033529538232, 36.3554637783504], [-86.8032543074668, 36.3555313895758], [-86.8031070865237, 36.3557066248639], [-86.8028788568457, 36.356056312137], [-86.8026531257318, 36.3562339562968], [-86.802500397571, 36.3563268196353], [-86.8024685781786, 36.3564542475476], [-86.8024946419947, 36.3565546807263], [-86.8026026450513, 36.3566142249501], [-86.8026622916604, 36.3567611329969], [-86.802647503885, 36.3569354889973], [-86.8025164246264, 36.3570702709561], [-86.8022464622005, 36.3571563574328], [-86.8017814999058, 36.3572694880561], [-86.8014182284074, 36.357405807238], [-86.8012982949076, 36.3574677205874], [-86.8011870176233, 36.357546058026], [-86.8010312843145, 36.3576360207374], [-86.8008486402464, 36.357583664819], [-86.8007075096011, 36.3575645120111], [-86.8005668408475, 36.3575910235512], [-86.8003514566782, 36.3575333896662], [-86.8002610056782, 36.3576143354016], [-86.8002369106259, 36.3577084051368], [-86.8001299906417, 36.3577559815889], [-86.7999721021138, 36.3577168518812], [-86.7997567549112, 36.35770488426], [-86.7995424221405, 36.3577933438525], [-86.7987331778881, 36.3580330354172], [-86.7984443383489, 36.3581422434076], [-86.7983702369965, 36.358202992948], [-86.7983966996256, 36.3583434263159], [-86.7982963267329, 36.3584089845864], [-86.7980333693731, 36.3584328662808], [-86.7979868411862, 36.3585337790991], [-86.7978452741524, 36.3586820162596], [-86.7977299966277, 36.3587430369008], [-86.7975954440339, 36.3587870162442], [-86.7974743980219, 36.3588654145927], [-86.7974336076276, 36.3589460308289], [-86.797456090296, 36.3591129296879], [-86.7973708287982, 36.359288092651], [-86.7972395343662, 36.359402783277], [-86.7971089137556, 36.3595844254616], [-86.797119520682, 36.3596681366068], [-86.7970273531382, 36.3597056554874], [-86.7969111972447, 36.3596796381155], [-86.7968355414116, 36.3595862260954], [-86.7967027632179, 36.3595536223765], [-86.7960935516524, 36.3596354043405], [-86.7958181982638, 36.3596935275369], [-86.7954956309534, 36.3597425179896], [-86.7952473703254, 36.3597508455444], [-86.7948910977644, 36.3598676987606], [-86.7945864854011, 36.3599292733172], [-86.7943308109196, 36.3600449491501], [-86.7939499270591, 36.36016316291], [-86.7937533238563, 36.3602429116355], [-86.7935543028851, 36.3602509126773], [-86.7934215920369, 36.360225000536], [-86.7929719497272, 36.360090602292], [-86.7927413497266, 36.3600821557659], [-86.7926241858338, 36.3600401744344], [-86.792358409866, 36.3599104065099], [-86.7922419871712, 36.3598576039676], [-86.7920593437913, 36.3598052348201], [-86.7919017230859, 36.3597928752991], [-86.7917361710052, 36.3597939586942], [-86.7915890107027, 36.3598512333464], [-86.7914304906793, 36.359876305843], [-86.7909658070197, 36.3597655190263], [-86.7907837666649, 36.3597734045135], [-86.7905774167645, 36.3598551002797], [-86.7903128005786, 36.3598836113985], [-86.790205246689, 36.3599110962985], [-86.7899483614812, 36.3599060780785], [-86.7897419435753, 36.3599810772428], [-86.789361842175, 36.3600506853254], [-86.7890792663427, 36.3599385314253], [-86.7888222735642, 36.3598801183239], [-86.7885240532914, 36.3599019773068], [-86.7884000756245, 36.3599002099583], [-86.7883000786625, 36.359876654282], [-86.7881758355174, 36.3598908548858], [-86.7879761729922, 36.3597917211911], [-86.7879091524322, 36.3597118103257], [-86.7878337737349, 36.3596451733803], [-86.7876598234565, 36.3596128278356], [-86.7875244736613, 36.3597053871971], [-86.7874293847276, 36.3597484115834], [-86.7873467835637, 36.3598092095909], [-86.7872275798009, 36.3599459575686], [-86.7871999838218, 36.3600311198296], [-86.7871766299103, 36.3601586600006], [-86.7871546490587, 36.3604669726275], [-86.7872226682695, 36.3606473114966], [-86.7872987782053, 36.3607874240363], [-86.7874084672272, 36.3609743589352], [-86.787459865348, 36.3611481102035], [-86.7875693305938, 36.3613551332129], [-86.7876701961745, 36.3615084755715], [-86.7877042400892, 36.361601992422], [-86.7877468468022, 36.3617454130267], [-86.7877579747754, 36.3620104178408], [-86.7877102399365, 36.3622049011155], [-86.7876787941217, 36.362372495909], [-86.7876644386616, 36.3625937159394], [-86.7876823269706, 36.3627275115457], [-86.7876976691641, 36.3629040725631], [-86.7877112391005, 36.3631158399354], [-86.7877286339439, 36.3632853485993], [-86.7875923902661, 36.3636726918159], [-86.7875356556441, 36.3637734950844], [-86.7875040090019, 36.3639210042474], [-86.7875130756753, 36.3640215509169], [-86.7874165364614, 36.3643033943394], [-86.7873932899413, 36.3644844984565], [-86.7871743232341, 36.3649213086524], [-86.787109629403, 36.3650757282236], [-86.7870698255967, 36.3652569399264], [-86.7869977976234, 36.365485058679], [-86.7869997964358, 36.3656860852354], [-86.7870835773325, 36.3657859742445], [-86.7872576075342, 36.3658250157142], [-86.7878232196844, 36.3660491564898], [-86.7880081989788, 36.3661217752554], [-86.7881476841399, 36.366187651103], [-86.7882814051565, 36.3663141680584], [-86.7883570312013, 36.3664475872766], [-86.7884439752784, 36.3668221457704], [-86.7886218792355, 36.3672496761464], [-86.7888238317788, 36.367576615565], [-86.7889952075434, 36.3678599751203], [-86.789245057197, 36.3682638583092], [-86.7894213214407, 36.3684836630624], [-86.7896714153498, 36.3686562883353], [-86.7899746067133, 36.3687889079768], [-86.7903866017264, 36.3689328339809], [-86.7911502387163, 36.3691288832557], [-86.7917815098117, 36.3692921442354], [-86.7919976260097, 36.3693779443453], [-86.7921145315883, 36.3694776130176], [-86.7921823688074, 36.3696378631101], [-86.7921672874963, 36.3697854364878], [-86.7919887097159, 36.3701416432484], [-86.7918593990389, 36.370457182113], [-86.7917397646562, 36.3709336949385], [-86.7917134246394, 36.3711867544104], [-86.7917025361854, 36.3713291497653], [-86.7916255428141, 36.37195148444], [-86.7915037651735, 36.372978250332], [-86.7913659285772, 36.374097828768], [-86.791264938296, 36.3749960399758], [-86.7911666520882, 36.3757402349038], [-86.7910908899104, 36.3764441088811], [-86.7910379568241, 36.3767133079123], [-86.7909704602362, 36.3767999331129], [-86.7908843735521, 36.3768533735761], [-86.7907217277804, 36.3768939230627], [-86.7894219553028, 36.3768903906051], [-86.7884198695666, 36.3768902273669], [-86.7880888937908, 36.3769124698021], [-86.7877082833244, 36.3769819033957], [-86.7874359165407, 36.3770908049758], [-86.7869418162561, 36.3773620132851], [-86.7850215166384, 36.3791831458727], [-86.7847138957722, 36.3794634359209], [-86.7844961083402, 36.3796821960938], [-86.7843328387304, 36.3799177706657], [-86.7842448271929, 36.3802062501709], [-86.7842018965438, 36.3806304088822], [-86.784178194545, 36.3810238837083], [-86.7840964034189, 36.3812546378652], [-86.7839754338267, 36.3814741431035], [-86.7838283854957, 36.3816759622736], [-86.7837300213219, 36.3817770326372], [-86.7837075568984, 36.3820384765339], [-86.7838123304097, 36.3821557428744], [-86.7843088897354, 36.3829426017775], [-86.7843725999454, 36.3830724947242], [-86.7843662975441, 36.38329348889], [-86.7842277144138, 36.3835355985548], [-86.7840782068483, 36.3836181155978], [-86.7838319278859, 36.3837055512147], [-86.783583825443, 36.3837375452123], [-86.7830950863721, 36.383740708352], [-86.7827963432548, 36.3837189489007], [-86.7823076042673, 36.3837221088605], [-86.7820078660945, 36.3835566570296], [-86.7817423738797, 36.3835048076741], [-86.7815270253839, 36.3834995028365], [-86.7813368998339, 36.3835542947667], [-86.7812797183688, 36.3836550971775], [-86.7813845997481, 36.3837404322163], [-86.7814727550795, 36.3838950625298], [-86.7816147215866, 36.383994579105], [-86.781816971379, 36.3840923326854], [-86.7820399356572, 36.3842665217292], [-86.782173502273, 36.3844182828831], [-86.7822000263775, 36.3845669587234], [-86.7821678982309, 36.3846675996111], [-86.7820153948358, 36.384791165113], [-86.7818396020056, 36.3849644965976], [-86.7816257705644, 36.3851131797531], [-86.7814097456678, 36.3852548377686], [-86.7811089149752, 36.3854523239031], [-86.7809643325899, 36.385690347946], [-86.7809674500595, 36.386006220323], [-86.780841611152, 36.3862503037314], [-86.7807539496147, 36.3866192959287], [-86.7806655873151, 36.3868742965893], [-86.7806863790479, 36.3873030206925], [-86.78082944557, 36.3875565285166], [-86.7811493563398, 36.3880434106809], [-86.7812207591591, 36.3881353140056], [-86.7814017436497, 36.3884438575093], [-86.7815550285352, 36.3888715541893], [-86.7815866453747, 36.3893208096492], [-86.7814399605805, 36.3897765383485], [-86.7812041574886, 36.3901530105674], [-86.7810223220837, 36.3902748753282], [-86.7803750884192, 36.39031630443], [-86.7801029122676, 36.3903209774106], [-86.7794002528761, 36.390599162414], [-86.778329718538, 36.3910407454821], [-86.7780896474264, 36.391157829792], [-86.777803619407, 36.3913953851679], [-86.7775227935996, 36.3916438939629], [-86.7772728198733, 36.3918772677834], [-86.7770361751736, 36.3918679712453], [-86.7766633849212, 36.3918770592492], [-86.7763905275292, 36.3918561478518], [-86.7762080475808, 36.3919134575854], [-86.7751822922651, 36.3920741997106], [-86.7748355395912, 36.3921835482792], [-86.7746296130739, 36.3923187768454], [-86.7744814083594, 36.39240693873], [-86.7742665451272, 36.392453636843], [-86.7741180595292, 36.39255656457], [-86.7739120970849, 36.3926449234172], [-86.7737877344308, 36.3926524139828], [-86.7735067676589, 36.3927144694548], [-86.773290969981, 36.3927091526938], [-86.7731663807044, 36.3926934672411], [-86.7730251257165, 36.3926238088276], [-86.7727514425218, 36.3926054696991], [-86.7726190111041, 36.3926130105731], [-86.7724875601371, 36.3927209779561], [-86.7724238623489, 36.3929826816664], [-86.7723921758524, 36.3931301854387], [-86.772293653809, 36.3932180275694], [-86.7721285542094, 36.393272644998], [-86.7718552608508, 36.3932944745018], [-86.7716081408197, 36.393256563544], [-86.7707759423428, 36.3931039196614], [-86.7704523423088, 36.3931059797399], [-86.770014501828, 36.3931520291027], [-86.769795223532, 36.3931819226706], [-86.7689554632378, 36.3932995388806], [-86.7683847106284, 36.3934351851785], [-86.7678476418118, 36.3935409144545], [-86.7676878094575, 36.3936135187926], [-86.7673270821362, 36.3936849930193], [-86.767062409349, 36.3937201480808], [-86.7667027727164, 36.3938604572236], [-86.7662281637369, 36.3940135106936], [-86.7658316381102, 36.3941164527884], [-86.7651584430819, 36.3943758263818], [-86.7650222456219, 36.3943895632015], [-86.7648178592385, 36.3945106873412], [-86.764552072747, 36.3946067903053], [-86.7644614780607, 36.3946810131651], [-86.7643716329443, 36.3947888804923], [-86.7643151978522, 36.3949700158197], [-86.7642662860925, 36.3950506708476], [-86.7640442902793, 36.3952397183828], [-86.7638550015563, 36.3953413457159], [-86.7637977893015, 36.395442139466], [-86.7637408077043, 36.3955228451808], [-86.7636672925717, 36.3956506954609], [-86.7636020754283, 36.3957582351193], [-86.7636447116251, 36.3960393494873], [-86.763601511119, 36.3961838330902], [-86.763565562217, 36.3962875828037], [-86.7635917190022, 36.3964014132362], [-86.7636338185877, 36.3964948848685], [-86.7636355633067, 36.3966756527342], [-86.7636034729036, 36.3967831550566], [-86.7635140748386, 36.396937715739], [-86.7633505779613, 36.3971598704231], [-86.7633185499114, 36.3972738960876], [-86.7633461390732, 36.3974481487884], [-86.7634375295344, 36.3975880065333], [-86.7637124187736, 36.3977737469576], [-86.7638715991167, 36.3979403020827], [-86.7640311017422, 36.3981401608321], [-86.7641488568759, 36.3983270635516], [-86.764267451674, 36.3986008307926], [-86.7643199246191, 36.3988885780832], [-86.7642990487108, 36.3991017644033], [-86.7643007916904, 36.3992821887611], [-86.7641357672013, 36.3995663303193], [-86.7639924642913, 36.3996808867135], [-86.763914310747, 36.3997685931738], [-86.7636816211565, 36.3998632833263], [-86.7635425818595, 36.3998916290915], [-86.7632363728097, 36.3999381967168], [-86.7629136427832, 36.3999893313505], [-86.7626821388177, 36.4000309630873], [-86.7625578925531, 36.4000518322947], [-86.7623432744619, 36.4001268345403], [-86.7621037931851, 36.400222251117], [-86.761715429504, 36.4003385189089], [-86.7614565289762, 36.4004905389574], [-86.761361158646, 36.4005550035901], [-86.7612362540225, 36.4008165703244], [-86.7612410095097, 36.4009576610172], [-86.7611760440047, 36.4010921512327], [-86.7609607134179, 36.4010935049326], [-86.7607111865692, 36.4010281181118], [-86.7604207571906, 36.4009494250209], [-86.7600717838279, 36.400877965993], [-86.7598061192731, 36.4008126786288], [-86.759606774722, 36.4007536700738], [-86.7593329379999, 36.4007219104606], [-86.7591339152389, 36.4006963766208], [-86.7588848406965, 36.4006778517217], [-86.7587801834062, 36.4006156730216], [-86.758668482315, 36.4005719080839], [-86.758552343239, 36.400552549346], [-86.7583313898653, 36.4003659445116], [-86.7581962221902, 36.4002224086335], [-86.7579508101095, 36.4000539826302], [-86.757792705607, 36.3999545398671], [-86.7576438250347, 36.3999755582239], [-86.7574380411485, 36.4001308424893], [-86.7572319376953, 36.4002528225601], [-86.7571496957534, 36.4003135964718], [-86.7567942597298, 36.4004095559768], [-86.7566289423366, 36.4004440668292], [-86.7565301359586, 36.4005049438383], [-86.756424117066, 36.4006999475248], [-86.7562759387261, 36.4007946102993], [-86.7555786722368, 36.4015224214081], [-86.7553983861495, 36.4017244114186], [-86.7553003458827, 36.4018658002497], [-86.7552440128012, 36.4020603211083], [-86.7552398434598, 36.4024689440772], [-86.7552365931763, 36.4030183383261], [-86.7552968260003, 36.4032322183841], [-86.7553321296822, 36.4034598166018], [-86.7553510592581, 36.403707431755], [-86.7553748302111, 36.4038837697689], [-86.7551855529749, 36.4046128707254], [-86.7550724777135, 36.4049150447613], [-86.7550575744184, 36.4050892204498], [-86.7551255588252, 36.4052695746577], [-86.7551275415614, 36.405477294136], [-86.7550170895805, 36.4055898377162], [-86.7548451098433, 36.4054811155352], [-86.7547705468516, 36.4054125653622], [-86.754601257041, 36.4050318060682], [-86.754507957584, 36.4048246556893], [-86.7543742271298, 36.4046982747251], [-86.7541576101353, 36.4045657144687], [-86.7540570720596, 36.4044456501924], [-86.7539237895925, 36.4043661343692], [-86.7537491387589, 36.4043136579245]]]}}, {"id": "1", "type": "Feature", "properties": {"OBJECTID": 2, "CommunityNumber": 1, "CommunityName": "Joelton", "GlobalID": "57192bac-4b35-433e-9a57-0eb4e23f8ca0"}, "geometry": {"type": "Polygon", "coordinates": [[[-86.9074126175459, 36.3905331660061], [-86.9072774789231, 36.3904885114996], [-86.9070222936441, 36.3904560874855], [-86.9065317146716, 36.3902652464673], [-86.906233178503, 36.3901186333297], [-86.9059685721187, 36.390005071885], [-86.905827991407, 36.3899671521089], [-86.9055085883398, 36.3898895379674], [-86.9051519742593, 36.3896403472159], [-86.9047754073099, 36.3895401531655], [-86.904647359381, 36.3894839400113], [-86.9044198449192, 36.3893826307786], [-86.9042063443738, 36.3892812164336], [-86.9040789504285, 36.3892821680214], [-86.9039453504825, 36.3893346705296], [-86.9037897659022, 36.3893586660902], [-86.9033071397447, 36.3892307600844], [-86.9029447544908, 36.3891076207687], [-86.9026890564585, 36.3890296956523], [-86.9022415445181, 36.3888896774539], [-86.9019295619873, 36.3888289951392], [-86.9018161174346, 36.3888241748899], [-86.9015196178171, 36.38885505454], [-86.9013639471088, 36.3889087486746], [-86.9011950867804, 36.3889603089378], [-86.9010550195612, 36.3890416990333], [-86.9008226660238, 36.3891862681774], [-86.9006821714209, 36.3892674893278], [-86.900309127779, 36.3894762833483], [-86.9000494311156, 36.389644059766], [-86.8998952114095, 36.3897882177447], [-86.8997547147858, 36.3898694378022], [-86.8995993894165, 36.3899164314505], [-86.8993871931608, 36.389929339346], [-86.8991966214717, 36.3899765943592], [-86.8988997264686, 36.3899731340298], [-86.8987510325283, 36.3899684009827], [-86.8985668648748, 36.3899812710035], [-86.8984537129251, 36.3899649427123], [-86.8982474026143, 36.3898978009986], [-86.8980984846593, 36.38983589863], [-86.8979276507204, 36.3897513249216], [-86.8977919987195, 36.3896608245142], [-86.8976567365326, 36.3896046575118], [-86.8975150696089, 36.3895828742971], [-86.8973943100354, 36.3895322649806], [-86.8971533399157, 36.3895168830376], [-86.8968342040125, 36.3894619061472], [-86.8965364331915, 36.3894184445647], [-86.8961672441794, 36.3893686437455], [-86.8958346345332, 36.3892862948254], [-86.8956145733096, 36.3892420841449], [-86.8954728434858, 36.3892146334983], [-86.8951323494858, 36.389148479112], [-86.8946653027775, 36.3891575976355], [-86.8944742119859, 36.3891590099049], [-86.8943185334149, 36.3891373265004], [-86.8941019714891, 36.3891020146976], [-86.8940302250493, 36.3889162694411], [-86.8940653364345, 36.3888289672104], [-86.8941000211586, 36.3887414964358], [-86.8941580086259, 36.3886116196769], [-86.8941639702968, 36.388462727129], [-86.8941012061125, 36.3883577778664], [-86.8940157907614, 36.3882777181195], [-86.8937922974248, 36.3881924974292], [-86.8936770103028, 36.3881748069977], [-86.893462076202, 36.3881329581156], [-86.8933392852531, 36.3881276838752], [-86.8930538695423, 36.3880118443398], [-86.8929004349843, 36.3880006151836], [-86.8926189359491, 36.3879683549918], [-86.8925107501774, 36.3879401384655], [-86.8922852865188, 36.38790591916], [-86.8921542931177, 36.387851088016], [-86.8919850107871, 36.3877901866574], [-86.891892374584, 36.3877474336796], [-86.8915907681985, 36.3875511910267], [-86.8914999694271, 36.387483015239], [-86.8910729761312, 36.3872015102505], [-86.8908871476178, 36.3870663907435], [-86.8906691474821, 36.3870535737914], [-86.8905037716375, 36.3870753924761], [-86.8901738996113, 36.3870839995136], [-86.8899857780383, 36.3869713858724], [-86.889661326307, 36.3868577138865], [-86.8893419497226, 36.3867798853381], [-86.8891800374636, 36.3866942036677], [-86.8890949085736, 36.3866390322789], [-86.8890018586871, 36.3865591967607], [-86.8888154147332, 36.3863310268027], [-86.8887065890637, 36.386207699597], [-86.8885507137811, 36.3860165598243], [-86.888350587319, 36.3859311575701], [-86.8882653210803, 36.3858636254761], [-86.8880250225442, 36.3856420300551], [-86.8878995910757, 36.3854010498702], [-86.887836976308, 36.3853084573622], [-86.8877519952116, 36.3852283899985], [-86.8875740282041, 36.3851117494224], [-86.8870798249338, 36.3848176753056], [-86.8865925722585, 36.3844613992414], [-86.8864068289805, 36.3843326244582], [-86.8862182705443, 36.3840661807382], [-86.8861949596765, 36.3839185328892], [-86.8862627823934, 36.3837939099129], [-86.8863911940271, 36.3836192269682], [-86.8865412149977, 36.38332661145], [-86.8865397552523, 36.383196315179], [-86.8863601367661, 36.3828937527976], [-86.8861185338726, 36.3825543888614], [-86.8857692974513, 36.3821970987952], [-86.8855832977749, 36.3818930367564], [-86.8854267371119, 36.3817530592014], [-86.8847081964623, 36.3812930541444], [-86.8843912067186, 36.3810843730632], [-86.8840216201039, 36.3809567661252], [-86.8838982867735, 36.3809018700938], [-86.8836101411229, 36.3805379469808], [-86.883532745142, 36.3804518123287], [-86.88323979766, 36.3803421852163], [-86.8830177922301, 36.3803872408448], [-86.8828499175661, 36.3804504429288], [-86.8827504831869, 36.3804822427559], [-86.882558563932, 36.3804836424123], [-86.8823357270151, 36.380454192631], [-86.8821902978181, 36.3804739661626], [-86.8820222156642, 36.3805186268915], [-86.8818467565027, 36.3806253185211], [-86.8817249458232, 36.3807068967792], [-86.8816113285238, 36.3808378597854], [-86.8814822893808, 36.380956745542], [-86.8812988415324, 36.3810325916872], [-86.8811229064809, 36.3810585949395], [-86.8808386504707, 36.3810048672543], [-86.8805592654357, 36.3807401057052], [-86.8802488985984, 36.3804384854202], [-86.8801332614381, 36.380273481113], [-86.8800536109608, 36.3801751711952], [-86.8799382808416, 36.3799995201445], [-86.8798408311308, 36.3798661445746], [-86.87926635397, 36.3792208445187], [-86.8790718182208, 36.3790246510647], [-86.8790100031793, 36.3789262108891], [-86.8789083700731, 36.3784541352069], [-86.8789155609848, 36.3782987102425], [-86.8789031174878, 36.3779811877967], [-86.8789107792887, 36.377868164995], [-86.8789270891215, 36.3777691573584], [-86.8789958911217, 36.3776556905022], [-86.8790467040142, 36.3775282762885], [-86.8789318509174, 36.3773950263166], [-86.8788522048295, 36.3772967155139], [-86.878821033803, 36.377204576602], [-86.8788150047026, 36.3771204958811], [-86.8788839645381, 36.3770212775763], [-86.8791010229319, 36.3769137728703], [-86.8792832651327, 36.3768065207266], [-86.8792905818062, 36.3767007110323], [-86.879330704647, 36.3763755958446], [-86.8792558657838, 36.3759455593279], [-86.8791366995399, 36.3757678750011], [-86.8790956358083, 36.3756643052346], [-86.8789754543379, 36.375051068933], [-86.8789043357083, 36.374917501198], [-86.8788242231967, 36.3747769597348], [-86.878779001868, 36.3746430321698], [-86.8785393698813, 36.3742847531691], [-86.8783339294913, 36.3738699135442], [-86.8781284893501, 36.3734549018444], [-86.8780639304013, 36.3732999972916], [-86.8779659983729, 36.3729690165061], [-86.8779384225976, 36.3728562492244], [-86.8779185096117, 36.3726304589966], [-86.8778116083038, 36.3724477054456], [-86.8775563032347, 36.3722449110482], [-86.8773281021142, 36.3721123096133], [-86.8768723769696, 36.3719463332768], [-86.8766010415106, 36.3719058933794], [-86.8759815387854, 36.3719033403046], [-86.8758334918871, 36.3719538565453], [-86.8753916802295, 36.3722392999719], [-86.8752384986835, 36.3724399034458], [-86.8751768146008, 36.3725443893718], [-86.8750730421313, 36.3726440291257], [-86.8748652581618, 36.3727449358097], [-86.8747529169822, 36.3729145121378], [-86.8747633165457, 36.3730486929394], [-86.8747114692541, 36.3732365453438], [-86.8746360616772, 36.3733672259361], [-86.8745154247914, 36.3735162600188], [-86.8742037435839, 36.3737444464784], [-86.8739777713678, 36.3738520069039], [-86.8736207196962, 36.3739321855657], [-86.8731499199731, 36.3739779889506], [-86.8730173808946, 36.3740491633923], [-86.8728547049389, 36.3741212417843], [-86.8727067641143, 36.3741434257026], [-86.8724482788096, 36.3741521567608], [-86.872305124193, 36.3741463213976], [-86.8721308619266, 36.3741688660156], [-86.8719128672908, 36.3741915537888], [-86.871624119439, 36.3741512281769], [-86.8713350990215, 36.3740475529183], [-86.8712216624071, 36.3740413306189], [-86.8710647279176, 36.3740565382829], [-86.8707862946244, 36.3741431816372], [-86.8704810730688, 36.3741877830904], [-86.8702017080933, 36.3741897922242], [-86.8700353513718, 36.3741204267344], [-86.8699561083632, 36.3740574738111], [-86.8698054159465, 36.3738679891929], [-86.8694084273713, 36.3734824955679], [-86.8693721404111, 36.3733486720472], [-86.8693360082, 36.373228925383], [-86.8692387393022, 36.3731096178507], [-86.8690442434329, 36.3729134078811], [-86.8688856823781, 36.3727802905258], [-86.8685871349674, 36.3726201934957], [-86.8683943040155, 36.3725367660934], [-86.8681129318688, 36.3723552559832], [-86.8676378831734, 36.3720128937441], [-86.8674533143648, 36.3719082886248], [-86.8672086536612, 36.3718605974988], [-86.8669988466482, 36.3718550618248], [-86.866745812195, 36.371856874396], [-86.8665791929851, 36.3718015840258], [-86.866419403588, 36.3715556766462], [-86.8663486945182, 36.3714572935923], [-86.8660306636368, 36.3711065901531], [-86.8658634304881, 36.3709949912326], [-86.8654941097151, 36.3707292929612], [-86.8643976934248, 36.3702493787545], [-86.8638718081647, 36.3700702918241], [-86.8632237647142, 36.3698630596779], [-86.8630137719659, 36.3698010348058], [-86.8621646550365, 36.3696094804965], [-86.8627973278166, 36.3811818660841], [-86.8528949823298, 36.3801366344944], [-86.8535864673305, 36.3762563771494], [-86.8539489317366, 36.3718348855634], [-86.8540187160891, 36.3710226777832], [-86.8540423725245, 36.3707754595303], [-86.8541652855229, 36.3700473442801], [-86.8542148831055, 36.3697647478472], [-86.8541347786039, 36.3696597284138], [-86.8539753426393, 36.3695212756155], [-86.8536565009523, 36.3693257467746], [-86.8534252703562, 36.3692226512826], [-86.8529846512106, 36.3690338166536], [-86.8527890836434, 36.36893046856], [-86.8525003539953, 36.368810264861], [-86.8523917705487, 36.3687413265803], [-86.852225385436, 36.3686667863936], [-86.8520877453601, 36.368580540832], [-86.8516901367779, 36.3684030730577], [-86.8515738350847, 36.3682874906603], [-86.8515639268618, 36.3680374186254], [-86.8515990949523, 36.367794068347], [-86.8516397479146, 36.3677053656184], [-86.851631278486, 36.3675890243022], [-86.8515941293399, 36.3674903964616], [-86.8515278628375, 36.367368796331], [-86.8513390048062, 36.3671781838042], [-86.8509759874992, 36.3668607204888], [-86.8507588269542, 36.3667226693343], [-86.8503247069816, 36.3665045932338], [-86.8496196817233, 36.3664805310524], [-86.849059318933, 36.3665251530283], [-86.8486504116717, 36.3666385852012], [-86.8482256342911, 36.3666182146582], [-86.8478642539959, 36.3664521548016], [-86.8476481589662, 36.3664129799123], [-86.8473733306693, 36.3662809921909], [-86.8470257647448, 36.3660566326287], [-86.8468807930685, 36.3659587580316], [-86.8465997977337, 36.3658850121841], [-86.8462465215452, 36.3658409572748], [-86.8458135276273, 36.3656868948579], [-86.8451286714167, 36.365523087473], [-86.8447309069192, 36.3653280863137], [-86.8443545458044, 36.3651095856381], [-86.8441503561401, 36.3648725428464], [-86.8440616984535, 36.3646405310798], [-86.8440742702024, 36.3644658419403], [-86.844035456936, 36.3642101335536], [-86.8437104271028, 36.3640669849228], [-86.8431966393269, 36.363779735524], [-86.8425810091188, 36.3633769638424], [-86.842143238361, 36.363210903772], [-86.8419018478322, 36.3630675115149], [-86.8416916900153, 36.3629467353478], [-86.8413588964392, 36.3627512711284], [-86.8411841446262, 36.3625663818439], [-86.8407110805531, 36.3620345339699], [-86.8405800630801, 36.3618900287705], [-86.8403970393331, 36.3615654458697], [-86.8402005809662, 36.3613748686668], [-86.8396882349351, 36.361180646482], [-86.8393838950427, 36.3609849793408], [-86.8391044151339, 36.3604110931019], [-86.8388484985336, 36.3600173099488], [-86.8385417545074, 36.3595540034878], [-86.838357581854, 36.3591597219919], [-86.8380948875329, 36.3588066729871], [-86.8377406568489, 36.3586288588937], [-86.8367807269786, 36.3582981442019], [-86.8366789108217, 36.359549559272], [-86.8366461478673, 36.3598637940243], [-86.8366218256892, 36.3602536825603], [-86.8345175038911, 36.3598553168809], [-86.8345751576842, 36.3592033823293], [-86.8346144081617, 36.3588192283871], [-86.8346653962967, 36.3582197028714], [-86.8346977356048, 36.3578646108875], [-86.8345502353409, 36.3578864020096], [-86.8342562836658, 36.3579086877805], [-86.8340192099, 36.3578900635827], [-86.8338876312008, 36.3578516550747], [-86.833654620547, 36.3576947972957], [-86.8336026720433, 36.3575588388577], [-86.8336243254848, 36.3573173032596], [-86.8336819096278, 36.3571016158983], [-86.8337057979998, 36.3569514002627], [-86.8337299090988, 36.3568626456351], [-86.833762429641, 36.3567259334592], [-86.8334258992971, 36.356775979953], [-86.8332505479978, 36.3568134128326], [-86.833013602458, 36.3568469774631], [-86.8329553354895, 36.3567558715144], [-86.8327679800491, 36.3564592909964], [-86.8326617033334, 36.3562835321862], [-86.8326178692237, 36.3561923267357], [-86.8320535572242, 36.3561378365603], [-86.8315218978245, 36.3560800290569], [-86.8312906790295, 36.3560524317824], [-86.830922350889, 36.356025260716], [-86.8307285525476, 36.3560037576478], [-86.8307722453091, 36.355758122457], [-86.8307894600456, 36.3553760092587], [-86.8308363230795, 36.3550280290517], [-86.830858212614, 36.3546869159305], [-86.8308907562635, 36.3545115755781], [-86.8308727110675, 36.3544100630448], [-86.8307521987906, 36.354252426986], [-86.8305314086641, 36.3538831070592], [-86.8302006726611, 36.3534323049117], [-86.8299576690581, 36.353413541834], [-86.829826592609, 36.3533816494363], [-86.8293790604761, 36.3533294361549], [-86.8290433155378, 36.353291220024], [-86.8288910715115, 36.3531430704203], [-86.8288564053478, 36.3530349757851], [-86.8288637584635, 36.3529264215901], [-86.8289000193539, 36.352821961422], [-86.8290205180254, 36.3526951202747], [-86.8286665187251, 36.3524942724436], [-86.8283790104201, 36.3523192358756], [-86.8276556781683, 36.3519523203446], [-86.8274031303282, 36.3518321526248], [-86.8270240965883, 36.3516314711933], [-86.82661174502, 36.3514512748518], [-86.8263433829724, 36.351320396922], [-86.8261402575165, 36.3512174006903], [-86.8258119500972, 36.3510366276959], [-86.8254171681233, 36.3507903809609], [-86.8253060881138, 36.3507216070179], [-86.8254889536773, 36.3505915969197], [-86.8258963498015, 36.3502974698186], [-86.8262284758764, 36.3500309813444], [-86.826436168717, 36.3498805415653], [-86.8262088825586, 36.349780457402], [-86.8260493654873, 36.349707036085], [-86.8259145358952, 36.3496401416758], [-86.8256726066816, 36.3497231709743], [-86.8255538893856, 36.349776687942], [-86.8251973031488, 36.3499363826797], [-86.8250717409273, 36.3499441063943], [-86.824879328459, 36.3499725444361], [-86.8247108596884, 36.3501398824739], [-86.8244485813041, 36.3504294113844], [-86.8242836779397, 36.3506947556693], [-86.8241685781429, 36.3508921172113], [-86.8240706637146, 36.3511501374563], [-86.8240058582122, 36.3513674148457], [-86.8239148110999, 36.3514696714224], [-86.8237675823779, 36.351516685097], [-86.8236224357935, 36.3515190467678], [-86.8234131821515, 36.3515611600599], [-86.8232472888574, 36.3516910514528], [-86.8231311965242, 36.3518341667675], [-86.8229261809239, 36.3518757353216], [-86.8230821554011, 36.351689943126], [-86.8232777905938, 36.3513994974103], [-86.8234247254911, 36.3512426090358], [-86.8237109231835, 36.3509259653353], [-86.8238721524818, 36.3508019674322], [-86.8241263893585, 36.3505907570238], [-86.8241726221977, 36.3504651132498], [-86.8241880476586, 36.3503566759817], [-86.8241444073076, 36.3500593842328], [-86.8240399340098, 36.3495028734765], [-86.824051225046, 36.3493642480765], [-86.8239584920197, 36.3492227258393], [-86.8238549820484, 36.3491468599757], [-86.8237327947107, 36.3490300888628], [-86.823538955024, 36.3488844338046], [-86.8233513003867, 36.34875387195], [-86.8229368696392, 36.3485755657421], [-86.8228242519594, 36.3484400151158], [-86.8227735605749, 36.3483409551743], [-86.8226184721526, 36.3482438069081], [-86.822478515241, 36.3478462812301], [-86.8223747374593, 36.3476625986982], [-86.8222595665718, 36.3475262064602], [-86.8219912995791, 36.3471163325542], [-86.8217662016006, 36.3466941469417], [-86.8216266753285, 36.3463783385576], [-86.8213335949071, 36.3457852735883], [-86.8212571851155, 36.3457025258121], [-86.8211212126374, 36.3455243828619], [-86.8208760109753, 36.3453068848587], [-86.8206786180932, 36.3451656489277], [-86.8203973998792, 36.3449109397845], [-86.820198737372, 36.3447275461855], [-86.8199002095383, 36.3444708014623], [-86.8194654050728, 36.3439614437135], [-86.819302063182, 36.3436755316853], [-86.8189507295196, 36.3430337169778], [-86.8188543072121, 36.3427801061861], [-86.8188172231869, 36.342559571987], [-86.8188510317525, 36.3422171775243], [-86.819141974874, 36.3414991148972], [-86.8192625840827, 36.3412507713424], [-86.8195458172081, 36.340658906084], [-86.8197114154192, 36.3404201736459], [-86.819890437041, 36.3402072742341], [-86.819987053572, 36.3401173483229], [-86.8200750474351, 36.3400308618145], [-86.820562265861, 36.3395089443012], [-86.8207277260571, 36.3392983674423], [-86.8209204459085, 36.3389744656419], [-86.8210008364277, 36.3386231697759], [-86.8209990406782, 36.3385318461066], [-86.8209407854033, 36.3380298942205], [-86.820932983888, 36.3377686441512], [-86.8209080797486, 36.33747389669], [-86.8208858466648, 36.3371927925399], [-86.8208501462464, 36.336819450368], [-86.82083569669, 36.3366302930916], [-86.8208190980295, 36.336362638121], [-86.8208488066633, 36.3361170999833], [-86.8209224503099, 36.3358111742163], [-86.8209762946739, 36.3356013541718], [-86.8209884207422, 36.3354201451312], [-86.8209725977432, 36.3352447913552], [-86.8208626049114, 36.3348690345475], [-86.8206286024945, 36.3344436438606], [-86.8205911064645, 36.3341834533581], [-86.8205964764174, 36.3340464129498], [-86.8206143589592, 36.3339292030118], [-86.8209587668858, 36.3338698667649], [-86.8213934994993, 36.3337630463948], [-86.8215207788098, 36.3337187458851], [-86.8220231988051, 36.3335108336371], [-86.8222194728518, 36.3334299983326], [-86.8230120616403, 36.3331068547039], [-86.8231968364527, 36.3330345108521], [-86.8235564582698, 36.332895067885], [-86.8238829093416, 36.3327827950613], [-86.8242281969941, 36.3327679096772], [-86.8245823169349, 36.3328676482151], [-86.8247027045589, 36.3326101593804], [-86.824762724308, 36.3324239876851], [-86.824828848567, 36.332294258468], [-86.8248230123699, 36.3321006383207], [-86.8247776283688, 36.3318992186793], [-86.824683163451, 36.3317444037482], [-86.8244098425054, 36.3313016891584], [-86.8243131788931, 36.3312290387446], [-86.8239331403479, 36.3310031162641], [-86.8236018418841, 36.3307710234382], [-86.823354918819, 36.3305725205557], [-86.8232186943705, 36.3304203465099], [-86.8231591322931, 36.3303440295537], [-86.8228981294242, 36.3299841763734], [-86.8227934397962, 36.3297922586492], [-86.8226646634919, 36.3295283971859], [-86.8226139948922, 36.329348644803], [-86.8225906363388, 36.3289791669788], [-86.8225483257661, 36.3287291982508], [-86.8224980398907, 36.3284805381676], [-86.8224910509159, 36.328379635197], [-86.822452082653, 36.3282640131353], [-86.8223267833561, 36.3275990724477], [-86.8223278396379, 36.3273629783789], [-86.8223352755824, 36.3269866158067], [-86.8222943100529, 36.3268537403362], [-86.8222501646829, 36.3266952322062], [-86.8219093991339, 36.3259805201887], [-86.8218619029163, 36.325873002104], [-86.8217727988119, 36.3256828659193], [-86.821708917783, 36.3255581647273], [-86.8216028106968, 36.3253872009228], [-86.8214140586795, 36.3250674326778], [-86.8211824362437, 36.3248281319652], [-86.8209053385276, 36.3246636506403], [-86.8207053537482, 36.3245913666046], [-86.8206116527004, 36.3245537007085], [-86.820136654475, 36.3243558845263], [-86.819771303948, 36.3241841450386], [-86.8193592788254, 36.3239867092941], [-86.8188776085189, 36.3236939871479], [-86.818305685048, 36.3232490743718], [-86.8179182134135, 36.3229143349566], [-86.8172556726916, 36.3224297733558], [-86.8169784457696, 36.3222256521802], [-86.8166922664129, 36.3220137780196], [-86.8165943271451, 36.321931117305], [-86.8162040731683, 36.3215968054707], [-86.8158686665051, 36.3212918673276], [-86.8156642636227, 36.3211197414387], [-86.8153067822498, 36.3208246519401], [-86.8148481284724, 36.3204710393064], [-86.8145824355013, 36.3201337516542], [-86.8143019535135, 36.3196784437863], [-86.8140894829043, 36.3194824366498], [-86.8139093208191, 36.3192510162918], [-86.8136285855738, 36.3188116751841], [-86.813156670562, 36.3180175444804], [-86.8129261295748, 36.3176724625213], [-86.8128582737515, 36.3175101612956], [-86.8127171100399, 36.3173157325707], [-86.8122883595963, 36.3165901881542], [-86.8120668461793, 36.3162221364546], [-86.8114683143933, 36.3152767748765], [-86.8109974477227, 36.3143954899098], [-86.8108712272599, 36.314145941618], [-86.8107949078011, 36.3139850693376], [-86.8107415448102, 36.3136628307412], [-86.810782134587, 36.3133266508608], [-86.8108221876014, 36.3129563068867], [-86.8108558632402, 36.3125208728269], [-86.8108666742312, 36.3123775461872], [-86.8109309599682, 36.3115402822932], [-86.8109666014408, 36.311029558829], [-86.8109950972431, 36.3105392061591], [-86.8109735557209, 36.3101341732499], [-86.8108893527874, 36.3098245025216], [-86.8108511426587, 36.3096146158712], [-86.8107966095013, 36.3094264710069], [-86.8106456094432, 36.3090566429878], [-86.8106081056493, 36.3088742211465], [-86.8104526211966, 36.3084805586246], [-86.8102051521684, 36.3080942079821], [-86.8100857596882, 36.3079521656333], [-86.809873546303, 36.3077357183574], [-86.8098275617445, 36.3076364487818], [-86.8097301050343, 36.3074820694856], [-86.8091833600123, 36.3068690354118], [-86.8090482223489, 36.3066925382323], [-86.8088323032916, 36.3064155867266], [-86.8085286675831, 36.3060285506263], [-86.8080237967195, 36.3053182288048], [-86.8078334878406, 36.3050370479378], [-86.807623490727, 36.3047103894177], [-86.8074349934988, 36.3043824721254], [-86.8070574321637, 36.3037388231862], [-86.8066665485148, 36.3033465547169], [-86.8066995133793, 36.303251049246], [-86.8069771413287, 36.3027283022777], [-86.8070512288343, 36.3026302903003], [-86.8071444464689, 36.3025362710236], [-86.8073127226031, 36.3023979706633], [-86.8076279448399, 36.3022346525817], [-86.8080008979686, 36.3021167879568], [-86.8085015677057, 36.3019187493801], [-86.808737812339, 36.3018521531257], [-86.8089337818221, 36.3017935631827], [-86.8093536734863, 36.3016565497895], [-86.8096154897477, 36.3015397674104], [-86.8098950295931, 36.3012886417775], [-86.8102093212418, 36.3009946358347], [-86.8102858252647, 36.3008845875835], [-86.8103442845976, 36.3007107930913], [-86.8102965992166, 36.3004863759193], [-86.8102596453835, 36.3003987204229], [-86.8101030366959, 36.3000177688264], [-86.8099976962181, 36.2997552801599], [-86.8098167931425, 36.2993628162534], [-86.8096996312769, 36.2990226327474], [-86.8095956181381, 36.2986379516224], [-86.8094071056156, 36.2978766992736], [-86.8093398042653, 36.297600220342], [-86.8092809554575, 36.2974036904483], [-86.8092679564252, 36.2972523504085], [-86.809283980938, 36.2968693833285], [-86.8092923554062, 36.2966928775246], [-86.8093042604255, 36.2965090342509], [-86.8093606053769, 36.2958164348706], [-86.8094270811471, 36.295597090056], [-86.8096155604113, 36.2952376907775], [-86.8096921241553, 36.2950924466192], [-86.8097764698726, 36.2948830266519], [-86.8098403561261, 36.2947259110719], [-86.8098921538275, 36.2945956846535], [-86.8100585237693, 36.2941712994987], [-86.8101117041644, 36.2940649166285], [-86.8103215795284, 36.2936219629172], [-86.810536326073, 36.2931498375176], [-86.8106074375585, 36.2935452279654], [-86.8109522244184, 36.2949562660805], [-86.8113042564784, 36.296485687697], [-86.8113134673107, 36.2973850891099], [-86.8115560059415, 36.2985513999243], [-86.8117425074971, 36.299241453957], [-86.811776389387, 36.299361216621], [-86.8120078991995, 36.3000788153434], [-86.8126631473056, 36.3002716798969], [-86.8132615484151, 36.300782855804], [-86.8140947871563, 36.3015059127419], [-86.8149476609902, 36.3018153822845], [-86.8155649132696, 36.3018591205639], [-86.8160893155567, 36.3020313884109], [-86.81635468894, 36.3021782768553], [-86.8168749045582, 36.3023555484615], [-86.8172620149249, 36.3020155101967], [-86.817923795259, 36.3014333715804], [-86.8188145707936, 36.3014273422], [-86.81937756612, 36.3014341726038], [-86.8196172503056, 36.3012297869253], [-86.8206238454736, 36.3008974424015], [-86.8210163939351, 36.3004624720523], [-86.8212081137365, 36.3000305906114], [-86.8212555246532, 36.2999132313472], [-86.8214758673267, 36.299322961126], [-86.8217490548649, 36.2990371358408], [-86.8221671777763, 36.2988607185468], [-86.8229275390491, 36.2987578560465], [-86.823152682886, 36.2984455394115], [-86.8237774166343, 36.2975956589034], [-86.8298990314153, 36.2982177378651], [-86.8301073293806, 36.2990211729455], [-86.8307169669985, 36.2987444852515], [-86.8309068874897, 36.2989882313483], [-86.8343478818807, 36.2992740978621], [-86.8348626814481, 36.2991768720783], [-86.8346549592819, 36.2982072485576], [-86.835144783364, 36.2982846272283], [-86.8364373517647, 36.2974139633613], [-86.8364931569838, 36.2973670090415], [-86.8368963632622, 36.2976694220782], [-86.8377605127309, 36.2985714131256], [-86.8378485161154, 36.2985829220563], [-86.8381064384274, 36.2991569245821], [-86.8381655354196, 36.2992863555453], [-86.8385157322182, 36.2994286588288], [-86.8385586515773, 36.2995159211769], [-86.8387230976397, 36.2996225994987], [-86.8389203717336, 36.2996646674454], [-86.8389441456779, 36.3010683811769], [-86.8399365993694, 36.3010903338555], [-86.8401456982918, 36.2996870624416], [-86.8411880066449, 36.2994519871922], [-86.8423885891361, 36.2998275988909], [-86.8435841579445, 36.3002746666553], [-86.8439997721137, 36.2995831686192], [-86.8445594548346, 36.2986483398138], [-86.8449642952487, 36.2985598258165], [-86.8461834874622, 36.2983111231624], [-86.8466715209137, 36.2980351094408], [-86.8471102972751, 36.2977906033844], [-86.8473114254313, 36.2976377664304], [-86.8475780988499, 36.2975055870797], [-86.8478618940651, 36.2974275400115], [-86.8478891127102, 36.2973152377925], [-86.8480315110549, 36.2972635914956], [-86.848448247779, 36.2969639931787], [-86.8486346382161, 36.296940537396], [-86.8487514353783, 36.296874991638], [-86.8488525218273, 36.2968871584242], [-86.8490364757188, 36.2967947011062], [-86.8491429197029, 36.296713089128], [-86.8493876386264, 36.2965515298023], [-86.8494340575669, 36.2964499085494], [-86.8495630443757, 36.2964136347585], [-86.8497556782188, 36.2963396574822], [-86.8499157687256, 36.2962372370091], [-86.8494098042729, 36.2957703714567], [-86.8492952705565, 36.2955480360713], [-86.8490680231534, 36.2951471460063], [-86.8489451213557, 36.2949198374646], [-86.849133062586, 36.2947747951699], [-86.8494964508552, 36.2944755881873], [-86.8502827551352, 36.2941095182196], [-86.8508771551049, 36.2944382368226], [-86.8513554785661, 36.2945038874214], [-86.851702670723, 36.2942875202029], [-86.851296348704, 36.2937380656375], [-86.8518617977418, 36.2926759764944], [-86.8507820146642, 36.2918986279397], [-86.8502394452068, 36.2915647988], [-86.8500566650985, 36.2914596795074], [-86.8495628482816, 36.2912091686875], [-86.8483677088458, 36.290631548534], [-86.8491844761476, 36.2900678472639], [-86.849491929234, 36.2898599351619], [-86.8501059777309, 36.289434197927], [-86.85026102376, 36.2893286416651], [-86.851902091258, 36.2882183546899], [-86.8523760395395, 36.2881961281437], [-86.8534247562958, 36.2879038999287], [-86.8535369955201, 36.287810568102], [-86.8537871913356, 36.2876489605007], [-86.8544784170168, 36.2871662709937], [-86.8555275469084, 36.2864429146797], [-86.8561376376473, 36.2860289494167], [-86.8569468914422, 36.2858829649524], [-86.8571803186721, 36.2858429046054], [-86.858184110625, 36.2856818795897], [-86.8587176222557, 36.2853261316759], [-86.8596722560183, 36.28379527699], [-86.8609479477231, 36.2834395605594], [-86.8611906827816, 36.283569687433], [-86.8613169793465, 36.2836784958775], [-86.8617145857735, 36.2841658298454], [-86.8620247011666, 36.2844465596577], [-86.8623383943906, 36.2845881962971], [-86.8625128082817, 36.2846363979064], [-86.8628111659634, 36.2846548711443], [-86.863117679708, 36.2846044387316], [-86.8633894641513, 36.2845195727294], [-86.8635931696915, 36.2844145900071], [-86.8641103151269, 36.2841555949197], [-86.8643143184058, 36.2840780788325], [-86.8650279122022, 36.2838659191283], [-86.8658127179201, 36.2837056121154], [-86.8667320080617, 36.2835166894679], [-86.8677689148363, 36.2833138397491], [-86.8687563314734, 36.283120834549], [-86.8689251748457, 36.2830853841211], [-86.8699448982581, 36.2828803408262], [-86.8705109802993, 36.2827162524756], [-86.8711585071525, 36.2824380889184], [-86.8719645581097, 36.2819592772166], [-86.8724725681644, 36.2816448565978], [-86.8726428225205, 36.2814845668542], [-86.8727630813106, 36.2813634026759], [-86.8730035102812, 36.2811026101267], [-86.873129373067, 36.2809015130188], [-86.8732458738707, 36.2806591066297], [-86.8733867205102, 36.2802784871522], [-86.8734305973065, 36.2799668175795], [-86.8734588175608, 36.2797014382766], [-86.873439340382, 36.2794349477138], [-86.8734780056956, 36.2784412819121], [-86.8735053003218, 36.2782340839128], [-86.8735208936889, 36.2781416008006], [-86.873754197809, 36.2772591023681], [-86.8743562941426, 36.2762124300504], [-86.874610707219, 36.2759082740468], [-86.8746996930836, 36.2758135999424], [-86.8748218197531, 36.2756964923471], [-86.8755150574905, 36.2750396528877], [-86.8761719496694, 36.2746185488243], [-86.8764835121539, 36.274448094883], [-86.8766858600873, 36.2743390222864], [-86.8767939490357, 36.2742876886134], [-86.8769906464682, 36.2741997169102], [-86.8778322833645, 36.2738629193524], [-86.8780458264411, 36.2738079731233], [-86.8785901382468, 36.273600051849], [-86.8788023522718, 36.27350184848], [-86.8792004572225, 36.2732263120908], [-86.8793970776493, 36.2730205473235], [-86.8796553034683, 36.2726761750874], [-86.8797993648903, 36.2723217918165], [-86.8798466656945, 36.2719733641548], [-86.879849476624, 36.2718855971849], [-86.8798481788657, 36.2717340813145], [-86.8798366991301, 36.2716521596342], [-86.8797499299499, 36.2713066147696], [-86.8796256604099, 36.271077612456], [-86.8795123604668, 36.2708743544072], [-86.8791617961443, 36.270276643298], [-86.8790791612645, 36.2700482989538], [-86.8789644721128, 36.2696902171906], [-86.878883555096, 36.2691616616693], [-86.8789195084761, 36.2686947507551], [-86.8789760148601, 36.26847346361], [-86.8790088879189, 36.2683546128989], [-86.8790901146036, 36.2681187721034], [-86.8792585659377, 36.2677620757271], [-86.8794981117284, 36.267424273958], [-86.8795848150291, 36.2673127801619], [-86.8798178220041, 36.2670630443328], [-86.8801596188989, 36.266768307066], [-86.8806335055273, 36.2664474024236], [-86.8811233272759, 36.2662252723807], [-86.8814605168024, 36.2661181291035], [-86.8815769087261, 36.2660877015667], [-86.8817398011487, 36.2660549476388], [-86.8821958376752, 36.2659727914286], [-86.8826224155678, 36.2659358539882], [-86.8831338962271, 36.265945852408], [-86.8850116553506, 36.2661530791238], [-86.8855486153828, 36.2661283712952], [-86.8861010318483, 36.2660070586432], [-86.8867461808239, 36.2657607603414], [-86.8869955754419, 36.2656203383122], [-86.8871140118398, 36.2655455237257], [-86.8872688407023, 36.2654298568774], [-86.8876147290658, 36.2651309818931], [-86.8886242416663, 36.2641035590845], [-86.8895219864522, 36.2632069186705], [-86.889935743051, 36.2628604943296], [-86.8905252807159, 36.2625290493898], [-86.8914357030653, 36.2620538317021], [-86.8915655888792, 36.2621418084388], [-86.8917367793688, 36.2623208188362], [-86.8921732763787, 36.2632424860078], [-86.8923639720466, 36.263496551278], [-86.8932042205848, 36.2643498189164], [-86.8933539802928, 36.2645828957084], [-86.8934698280242, 36.2648919378733], [-86.8934912972807, 36.2651414149046], [-86.8934595004994, 36.2655650738642], [-86.8934223434811, 36.2665260808297], [-86.8934277192048, 36.2670548428337], [-86.8934334309513, 36.2674932939402], [-86.8936575642295, 36.2688447368818], [-86.8938249136718, 36.2698710358772], [-86.8939823762229, 36.2702220047735], [-86.8945904444648, 36.2711976760676], [-86.8947331004902, 36.2717765843242], [-86.8950840063207, 36.273064029076], [-86.8951174193022, 36.2731794012846], [-86.8952483621319, 36.2735816797979], [-86.8965855260084, 36.2741310718091], [-86.8973026920386, 36.2744207677229], [-86.8979950632624, 36.2745215572985], [-86.8985082231156, 36.2744875263024], [-86.8988382803455, 36.2744244660961], [-86.9010198924542, 36.2736598313055], [-86.9014667981282, 36.273543012596], [-86.9019515345517, 36.2734714074035], [-86.9028339090907, 36.2734627589992], [-86.9038422655273, 36.2736183449193], [-86.9044018328154, 36.2737151439854], [-86.9045055769693, 36.2737325940982], [-86.9048030028841, 36.2737751007655], [-86.9053698684104, 36.2738027898163], [-86.9059405586371, 36.2737569647706], [-86.9068366819801, 36.273578383943], [-86.9075153043609, 36.2735520008353], [-86.9093006256737, 36.2738491671094], [-86.9097451023956, 36.2739649742824], [-86.9106341660244, 36.2741320279317], [-86.9109794024474, 36.274099209027], [-86.9112071252003, 36.2740396630199], [-86.9120598642163, 36.2737765882673], [-86.9127497975168, 36.2735400531572], [-86.9133011093523, 36.2732537097016], [-86.9139199155304, 36.2729996619187], [-86.9143871871898, 36.2728857316357], [-86.9146625480827, 36.272861671849], [-86.9155203445857, 36.2728155031568], [-86.9162962683948, 36.272779591164], [-86.9167434523376, 36.2727710127215], [-86.9173698285869, 36.2727958270439], [-86.91792212025, 36.2729200570289], [-86.918915821595, 36.2732603477033], [-86.9194222801869, 36.2733445724178], [-86.9198407689681, 36.2733758976069], [-86.9201815253844, 36.2733595685939], [-86.9204203023926, 36.2733246693776], [-86.9225546118597, 36.2729982712519], [-86.9233747813517, 36.2728558584922], [-86.9237099740768, 36.2727626453131], [-86.9239970094557, 36.2726490250008], [-86.92449908399, 36.2723936609708], [-86.9263226852618, 36.2714637361353], [-86.9268015662556, 36.2712569564546], [-86.9274075134395, 36.2711463759498], [-86.9278602954129, 36.2711261391923], [-86.9292649159302, 36.271079228443], [-86.9303466693942, 36.2710793188089], [-86.930831881402, 36.2710154914679], [-86.9313321401158, 36.2708248395272], [-86.9317620330325, 36.2706366165867], [-86.9320225122444, 36.2705741734579], [-86.9323343004258, 36.270583786849], [-86.9325738015093, 36.2706485544582], [-86.9328081287426, 36.2707917846308], [-86.9330359935308, 36.2709553579176], [-86.9333180212792, 36.2711539285831], [-86.9335872220342, 36.2713278309208], [-86.9340739283196, 36.2713908574183], [-86.9344356411437, 36.2713545818804], [-86.93473901232, 36.271225529196], [-86.9355090930109, 36.2706927499766], [-86.9361372051684, 36.2703002895267], [-86.9373180046484, 36.2696740512248], [-86.9378643737239, 36.2694068185659], [-86.9384473649863, 36.2692221907041], [-86.9401459792129, 36.2689998709522], [-86.9403633899059, 36.2689538835718], [-86.9407573110327, 36.2688100323924], [-86.9413874746278, 36.2684923069728], [-86.941854885131, 36.2682884750917], [-86.9428987420854, 36.2681002329486], [-86.9433341885134, 36.2679902155111], [-86.9441209652918, 36.2676504785975], [-86.9450700244573, 36.2673435536431], [-86.9455322724108, 36.267199060789], [-86.9471104239055, 36.2665174563902], [-86.9484035695629, 36.2662226532633], [-86.9489563773931, 36.2660324216466], [-86.9502601011362, 36.2655851280762], [-86.9506432666454, 36.2654446413015], [-86.9515199990325, 36.265044228065], [-86.9523407212805, 36.2648176566135], [-86.9530245455698, 36.2647637828091], [-86.9531352626208, 36.2647593522038], [-86.9535593867525, 36.2647503588809], [-86.9545598450615, 36.2645910299004], [-86.9551172250753, 36.2646094606765], [-86.9553692491577, 36.2646225772506], [-86.9558081558631, 36.2646266609792], [-86.9560319838059, 36.2645871186513], [-86.9562090001768, 36.2645335243535], [-86.9564631066132, 36.2644381140632], [-86.9567415036813, 36.2642825910947], [-86.9580680015659, 36.2629644899912], [-86.958428187588, 36.2626559086138], [-86.9595687447018, 36.2617184733798], [-86.9599040363534, 36.2615357074003], [-86.9602842408906, 36.2613997297172], [-86.9608303427084, 36.2611748354755], [-86.9609565455049, 36.2610926224409], [-86.96112222203, 36.2609402311008], [-86.9613071791881, 36.2607419890481], [-86.9617367677605, 36.2598401152475], [-86.9619925050356, 36.259496587438], [-86.9622071612885, 36.2592624874043], [-86.9626294959368, 36.2588042196253], [-86.9632946722818, 36.2580787345066], [-86.9641995082449, 36.2571046025973], [-86.9646658953833, 36.2566221015503], [-86.9651106360209, 36.2561977571278], [-86.9656167196237, 36.2558383143116], [-86.9676783716045, 36.25468282521], [-86.9681891868529, 36.254365397631], [-86.9684785942356, 36.2541094910555], [-86.9687694567649, 36.2536904337765], [-86.9690087574996, 36.2533532256344], [-86.9694028917593, 36.2529012734543], [-86.9696864271562, 36.2527206115135], [-86.9709625172495, 36.2520967404034], [-86.9716351973018, 36.2517749064827], [-86.9717993362685, 36.2516598789484], [-86.9722086906304, 36.2513511956691], [-86.9723143948017, 36.2512429146038], [-86.9732969977198, 36.2502492770641], [-86.9735321339056, 36.2500708384984], [-86.973976447194, 36.2497558558018], [-86.9747494574421, 36.2493006657144], [-86.97375307674, 36.2509673914261], [-86.9735653799048, 36.2512525375269], [-86.9718263574176, 36.2539500663268], [-86.9697477076385, 36.2571404699676], [-86.9695248017724, 36.2574957696838], [-86.9672473503058, 36.2610530775302], [-86.9663252229008, 36.2625193078967], [-86.9661006086897, 36.2628413062291], [-86.9646608883904, 36.2651228956106], [-86.9632548909393, 36.2672901946695], [-86.9619957354624, 36.2692643572903], [-86.9605989287565, 36.271467259908], [-86.9603315410758, 36.271867876749], [-86.9596930792142, 36.2728620525657], [-86.9590720675886, 36.273827757328], [-86.9585459962524, 36.2746502032489], [-86.95805424957, 36.2754012950567], [-86.9579251268082, 36.2756299787864], [-86.9577306773343, 36.2759273407464], [-86.9576189835356, 36.2760894421686], [-86.956655883229, 36.2767553263211], [-86.9559242119414, 36.2772366949161], [-86.9555445752733, 36.2775113094115], [-86.9546937947, 36.2781043515314], [-86.9543968810727, 36.2783113500321], [-86.9536097666763, 36.2788396697299], [-86.9530708749404, 36.279203094057], [-86.952242860971, 36.2797526731407], [-86.951500818181, 36.2802577889026], [-86.9507555400042, 36.2807414642682], [-86.9495582849855, 36.2815543805356], [-86.9489995442048, 36.2819279000119], [-86.9480903013344, 36.2825344014403], [-86.9476561724908, 36.2832571824402], [-86.9468008843578, 36.2847253004392], [-86.9459665537454, 36.2861396805909], [-86.9438587114666, 36.2897077080474], [-86.9424167123655, 36.292213247826], [-86.9416107860888, 36.2936038507238], [-86.9409104832784, 36.294818503463], [-86.9397937555726, 36.2967605697454], [-86.9388533580089, 36.2984093854121], [-86.9379837931048, 36.2999173741127], [-86.9375454224882, 36.3006918244341], [-86.9366258724247, 36.3022819128696], [-86.9353668401337, 36.304441360813], [-86.9343274452115, 36.3062368360951], [-86.9332593516371, 36.3080850589179], [-86.9323183400957, 36.3097046337735], [-86.9303945172873, 36.3130431432172], [-86.9293473288247, 36.3148444664477], [-86.9283075925115, 36.316634047315], [-86.9273877402429, 36.3182298943938], [-86.9255694434267, 36.321374873415], [-86.9250106022241, 36.3223546717673], [-86.9245651237549, 36.3231232846897], [-86.9240273500561, 36.3240560463351], [-86.9233056334246, 36.3252999316833], [-86.9232640577883, 36.3254463540884], [-86.9229670794212, 36.3259976734374], [-86.9228268084795, 36.326305032032], [-86.9221367840295, 36.3278322928682], [-86.9217712595147, 36.3286938529998], [-86.9208506625941, 36.3308328621839], [-86.9205419359698, 36.3316179282849], [-86.9201424780337, 36.3326665346155], [-86.9187497227559, 36.3364389269753], [-86.9174174532706, 36.3401316920617], [-86.9161455201947, 36.3434740858945], [-86.9158221328363, 36.3442475724778], [-86.9150804916986, 36.3462917729613], [-86.9134013108233, 36.3509600403254], [-86.9129322665654, 36.3522486402416], [-86.9122117869342, 36.3542634706594], [-86.9111478189021, 36.3571980200982], [-86.9099580401327, 36.3604955847921], [-86.9100971425368, 36.3606677678479], [-86.9101981597201, 36.3607767141265], [-86.9102329403395, 36.3608847851446], [-86.9102678000204, 36.3609997229178], [-86.9104968241261, 36.3612756128974], [-86.9106081454268, 36.3615051751774], [-86.9106437050743, 36.36168088371], [-86.910638523089, 36.3619315814059], [-86.9105797019959, 36.3622063751465], [-86.9104860338272, 36.3625150811118], [-86.9103390748233, 36.3628413563066], [-86.9102627586402, 36.3629609074329], [-86.9100090453696, 36.3632704734417], [-86.9097109148854, 36.3635571954863], [-86.9094039804121, 36.3638168568637], [-86.9091633377932, 36.3640082042181], [-86.9086730956738, 36.3643506189835], [-86.9084825017719, 36.3645010716858], [-86.9080176860513, 36.3648769428236], [-86.9078006086101, 36.3649395193412], [-86.907580658876, 36.3647516303224], [-86.9074296451789, 36.3647256368533], [-86.9072718861728, 36.3648148936133], [-86.9069859470682, 36.3651295017286], [-86.9067679440972, 36.3654078898235], [-86.9066526788194, 36.3656118554203], [-86.9063403751774, 36.3661086441794], [-86.9063170346234, 36.3662578404689], [-86.9063498117938, 36.3664507391441], [-86.9064124136398, 36.3665416059647], [-86.9064383904959, 36.3666226177696], [-86.9066158505929, 36.3667703097673], [-86.906728098585, 36.3670810746124], [-86.9071536368608, 36.3676106196593], [-86.9072885175397, 36.3677472987223], [-86.9075769505373, 36.3680567415991], [-86.9077288231439, 36.3681570674743], [-86.9078640278861, 36.3682848159062], [-86.9081847584469, 36.3684855109507], [-86.9082031807726, 36.3686479570733], [-86.908089583822, 36.3689604153242], [-86.9079923451917, 36.369218498678], [-86.9079358561702, 36.3694017655268], [-86.9078706437107, 36.3695648391235], [-86.9078549814162, 36.3696799846058], [-86.9079065120453, 36.3697676716595], [-86.9083219032274, 36.3702250096618], [-86.9083983271995, 36.3702989466461], [-86.9089786223176, 36.3705114254708], [-86.9090843814906, 36.3705147514264], [-86.9092298403506, 36.3705366641997], [-86.9094479419961, 36.3705619796088], [-86.9097925678017, 36.3706610257979], [-86.9099187012751, 36.370700766438], [-86.9100536000398, 36.3708012169964], [-86.9101391409615, 36.3709293363121], [-86.9101826932325, 36.3710982886891], [-86.9101927418927, 36.3712336713919], [-86.9102029465556, 36.3713826159104], [-86.9101636424528, 36.3716200064165], [-86.9100160414639, 36.371892032958], [-86.9099089900978, 36.3720349918205], [-86.9098222935356, 36.3721388254074], [-86.9113449925059, 36.3721857401814], [-86.9115873597041, 36.3719212389997], [-86.9119311530309, 36.3717261915723], [-86.9120896664085, 36.3717016480013], [-86.9124290851887, 36.3717166010354], [-86.9126302089016, 36.3716683865151], [-86.9130383693269, 36.3713852918541], [-86.9131388735138, 36.3713378355964], [-86.9132973183853, 36.3713074537081], [-86.9134989121097, 36.3713000948631], [-86.9136432589819, 36.3712990051444], [-86.91374409963, 36.371280732043], [-86.9138894075969, 36.3711790282085], [-86.9139874016834, 36.3710981118977], [-86.9141672954622, 36.3710500551369], [-86.9142617274493, 36.3711018769099], [-86.914384334595, 36.3711301367541], [-86.9145000141623, 36.3711467743435], [-86.9147379836356, 36.3711274640499], [-86.9148604083196, 36.371103189617], [-86.9151196921026, 36.3710545312234], [-86.9152490443215, 36.3710418784921], [-86.9156440385777, 36.3708696103957], [-86.9159764398099, 36.370902118289], [-86.9155035438814, 36.3718276376264], [-86.9152069724045, 36.3723971232735], [-86.9149633988391, 36.3729236298645], [-86.9147349374785, 36.3733619480121], [-86.9152982228305, 36.3734218985971], [-86.91606449766, 36.3735211708315], [-86.9159471339503, 36.3739830292401], [-86.915878071757, 36.3742893201101], [-86.9154485325722, 36.3760282888994], [-86.9149338505468, 36.3780805338145], [-86.9146954554378, 36.3780648241391], [-86.9142047216012, 36.3780393459387], [-86.9135184765563, 36.3779978299861], [-86.913085487134, 36.3779719113717], [-86.9126448554597, 36.3779460488407], [-86.912664693846, 36.3777884657806], [-86.9127158423064, 36.3772162033739], [-86.9125652970696, 36.3772698736983], [-86.9123932117029, 36.3773704040518], [-86.9122720549507, 36.377505573634], [-86.9121862453708, 36.3775760954834], [-86.9120146297089, 36.3777174823311], [-86.9118932700113, 36.3778351413579], [-86.9117495164001, 36.3778887594698], [-86.9115843316277, 36.3779250271549], [-86.9114761296137, 36.3779316793367], [-86.911124732853, 36.3781326193259], [-86.9108158596119, 36.3782283398723], [-86.9107005063086, 36.3782408824013], [-86.9105708513263, 36.3782652068755], [-86.910398826433, 36.3783713994115], [-86.9102699096458, 36.3784599274819], [-86.9101269593128, 36.378583584293], [-86.909998800075, 36.3787011208051], [-86.9098985530917, 36.3787719212172], [-86.9098424865036, 36.3789182733243], [-86.9098294576421, 36.3790407812855], [-86.9098883429109, 36.3791395713929], [-86.909961396009, 36.3792149060536], [-86.9101002607227, 36.3794004813504], [-86.9102396869269, 36.3795978983867], [-86.9103495007901, 36.3797311568681], [-86.9107286043485, 36.3800551891647], [-86.9112048780453, 36.3802989994942], [-86.9114251529484, 36.3804000073041], [-86.911657357939, 36.3805781821955], [-86.9118086360401, 36.3806980790915], [-86.9119270158559, 36.3807636284956], [-86.9120649017838, 36.3808267989101], [-86.9121886878942, 36.3809192615444], [-86.9122907523153, 36.3810060505655], [-86.9124010426585, 36.3811801641179], [-86.9124653367328, 36.3813793466921], [-86.9126368711, 36.3815984942512], [-86.9126882535141, 36.3817090139682], [-86.9127338502115, 36.3819069639047], [-86.9128227025057, 36.3820630403172], [-86.9129615214913, 36.3822436337832], [-86.9130854455606, 36.3823477688783], [-86.9131738843384, 36.3825047065532], [-86.9132542274224, 36.3825856497216], [-86.9133207421776, 36.3827194038352], [-86.9134305001688, 36.3828469943402], [-86.9134894581615, 36.3829514476114], [-86.913584153143, 36.3830616400051], [-86.9136936424611, 36.3831658834212], [-86.9137884910144, 36.3832525539389], [-86.913934410136, 36.3833857081738], [-86.9140358054669, 36.3834141285695], [-86.9141161523389, 36.3834952428091], [-86.9141193462781, 36.3835879274296], [-86.9139212490881, 36.3836065917079], [-86.9137225571374, 36.3835737552969], [-86.9135525410066, 36.3835235338354], [-86.9134034639861, 36.3834846568667], [-86.9131910237487, 36.3834747571582], [-86.9126403448486, 36.3835934232131], [-86.9124645984763, 36.3837090890465], [-86.9124030180201, 36.3838927388459], [-86.9124122812213, 36.3840700173526], [-86.9125841082577, 36.384240404713], [-86.9127905854273, 36.3843590256776], [-86.9128847736847, 36.38453566363], [-86.9129448112595, 36.3848440680988], [-86.9129049909894, 36.3850733932455], [-86.9126811079746, 36.3852867664838], [-86.912526193233, 36.3853679386837], [-86.9124091757894, 36.3854211840867], [-86.9122240100227, 36.3855305682123], [-86.9120907867034, 36.3856515784259], [-86.9119156304425, 36.3858189153852], [-86.9118404311858, 36.3858897001476], [-86.9117065756102, 36.3860665115471], [-86.9116296305342, 36.386170100709], [-86.9115060641548, 36.3865028938943], [-86.9114516164729, 36.3866425385347], [-86.9113613303298, 36.3868415118176], [-86.9112927530263, 36.3870080452429], [-86.9112795669171, 36.3871168196108], [-86.9112823734338, 36.3872867642553], [-86.9112684542167, 36.3873687616467], [-86.911179338654, 36.3876326219362], [-86.9110961881704, 36.3877875904885], [-86.9109985657435, 36.3879028375434], [-86.9109309077027, 36.3881493678376], [-86.9107855104055, 36.3884308195579], [-86.9106873297142, 36.3885345677998], [-86.9104313458667, 36.3890228700077], [-86.910392962013, 36.3893778546945], [-86.9103589388951, 36.3895212937548], [-86.9102066103496, 36.3897912940219], [-86.9101649507253, 36.3900093005989], [-86.9101457167494, 36.3901093643905], [-86.9100836246781, 36.3901755856184], [-86.9099890615674, 36.3902248826887], [-86.9098141052245, 36.3902261978593], [-86.9096524788462, 36.3902418339234], [-86.9088844648776, 36.390522123291], [-86.9086755218217, 36.3905224902256], [-86.9083672030202, 36.3904860041612], [-86.9080421159899, 36.3905056115542], [-86.9077876531562, 36.3905361911548], [-86.9074126175459, 36.3905331660061]]]}}, {"id": "2", "type": "Feature", "properties": {"OBJECTID": 3, "CommunityNumber": 4, "CommunityName": "Madison", "GlobalID": "68911bc4-caf0-4d28-bc9f-c64c27a530fb"}, "geometry": {"type": "Polygon", "coordinates": [[[-86.6688506411867, 36.3008841038431], [-86.6704885246769, 36.3009963094936], [-86.6719446566563, 36.3008217951946], [-86.6731305159149, 36.3005403922337], [-86.6744302519684, 36.3001207364788], [-86.6756022070299, 36.2995084277979], [-86.6767027226005, 36.2988627817807], [-86.6781139737971, 36.2976320527175], [-86.6793119193814, 36.2963518697658], [-86.6817117595307, 36.2933075911232], [-86.6821163544869, 36.2927636625798], [-86.6835728007882, 36.2908971676051], [-86.684142422052, 36.2904069033615], [-86.6850979029146, 36.2893524252989], [-86.6859730944133, 36.2882681210766], [-86.6864705160319, 36.2871419541873], [-86.6868219780187, 36.285968860581], [-86.6867980507195, 36.2832084729382], [-86.6866072351707, 36.2808629641836], [-86.6860719010259, 36.2781053044782], [-86.6857203296539, 36.2772083526078], [-86.6851013521283, 36.2756680145984], [-86.6839869276112, 36.2735621343974], [-86.6835737699725, 36.2728069195066], [-86.6831634636167, 36.2720463944636], [-86.682731206622, 36.2713404826414], [-86.6818196673647, 36.2696746367458], [-86.6808727901638, 36.2681965137206], [-86.6798363592373, 36.2671006816444], [-86.6780645896993, 36.2654224231083], [-86.677941827016, 36.2653209541448], [-86.6755476527465, 36.2633953288154], [-86.6741975430057, 36.2619389019504], [-86.6727194982437, 36.2598449756974], [-86.6702030855907, 36.2562197648846], [-86.6689121087792, 36.2551437287938], [-86.6678821741799, 36.2543743719894], [-86.6663702310365, 36.2534721889426], [-86.6644714888126, 36.2524256134866], [-86.662935860186, 36.2512907359759], [-86.660737326977, 36.2492047697004], [-86.6597726215271, 36.2475729802773], [-86.6578225505968, 36.2445883335652], [-86.65760521459, 36.2443246338415], [-86.6564396702059, 36.2429443567207], [-86.654394978982, 36.2406259381067], [-86.6533820641972, 36.2397084523197], [-86.6499864152368, 36.2366679740129], [-86.6488994996404, 36.2353552606474], [-86.647920447582, 36.2337004729753], [-86.6470584536343, 36.2317960598402], [-86.6455762977558, 36.2287344225072], [-86.6441355455858, 36.225236627209], [-86.6433407144783, 36.2222442142341], [-86.6423564168179, 36.2184949852983], [-86.6418441071786, 36.2169778111519], [-86.6409794644345, 36.2149102463035], [-86.639717477411, 36.2123251347738], [-86.63915970582, 36.2107820363386], [-86.639013022186, 36.209457722978], [-86.6392651686219, 36.2081482955047], [-86.6397526649158, 36.2071330571464], [-86.6407389978129, 36.2057064583421], [-86.6433381050291, 36.2029088814437], [-86.6465676847476, 36.200141693795], [-86.6497750460118, 36.1980336246232], [-86.6530566146775, 36.1962470340837], [-86.655699799336, 36.1950597519551], [-86.6577545150129, 36.1942312256657], [-86.6592748911942, 36.1938233394134], [-86.6617337700797, 36.1933647641209], [-86.6636151972421, 36.1930003755375], [-86.6651832297343, 36.192902823238], [-86.6665268781658, 36.1928390303282], [-86.6673896599946, 36.1930019017591], [-86.6681214389109, 36.1932661363404], [-86.668888176886, 36.1938431190139], [-86.669567597821, 36.1946930290941], [-86.6714732680097, 36.196913813796], [-86.6729950487731, 36.1996659316264], [-86.6736581546766, 36.2014088704309], [-86.6754291223694, 36.2041053086403], [-86.6763174660998, 36.2059359929689], [-86.676481826523, 36.2066604393551], [-86.6766127829749, 36.2084693236991], [-86.6766232360415, 36.2096946074132], [-86.6767714901024, 36.2111292654023], [-86.6773450838197, 36.2144387798634], [-86.6776533842122, 36.2185831524706], [-86.6776763516474, 36.2213197333294], [-86.6776959554572, 36.2236023878603], [-86.6777020880794, 36.22433185573], [-86.6777232216705, 36.2268045581733], [-86.6781488146727, 36.2289958245891], [-86.6789865288801, 36.231104079263], [-86.6803612733281, 36.2334077744782], [-86.6814896912152, 36.2362859355077], [-86.6825921935041, 36.2382614985506], [-86.6831524822973, 36.2400251655583], [-86.6841237301451, 36.2420072924916], [-86.6859092851043, 36.2435430394986], [-86.6881016162909, 36.2448558258763], [-86.6898796256368, 36.2455082268371], [-86.6922027833241, 36.2461574796284], [-86.6950652936053, 36.2461410457543], [-86.6990164676553, 36.2457905957121], [-86.7017400160993, 36.245550316188], [-86.703981592776, 36.2451166420664], [-86.7059563022873, 36.2444214608299], [-86.708018876226, 36.2429380417116], [-86.710004855326, 36.2414270284947], [-86.7115054848841, 36.239971903868], [-86.7124417186078, 36.2379787580293], [-86.7128501814835, 36.2366428495723], [-86.7127169468601, 36.2350429899494], [-86.7150431125388, 36.2347778328523], [-86.7167048183816, 36.2345605567418], [-86.7188319017555, 36.2342841230402], [-86.7200824219873, 36.2342660489443], [-86.7214508170071, 36.234327571354], [-86.7229732311671, 36.2346019265197], [-86.7248149524194, 36.2351528594465], [-86.7254929626267, 36.235367968711], [-86.7262057156773, 36.2355979006207], [-86.7273104989751, 36.2361303545879], [-86.7293004527981, 36.2369543064719], [-86.7305514128762, 36.2372463435239], [-86.732226391664, 36.2374128033415], [-86.7344661871692, 36.2376106211217], [-86.7350177768115, 36.2376259803527], [-86.7367201945974, 36.2377668721348], [-86.7368715494159, 36.2377806707027], [-86.7380953502375, 36.2379789210191], [-86.7394818249856, 36.2382658005138], [-86.7395948328238, 36.2382920500115], [-86.7421173869244, 36.2389718758542], [-86.7430626018874, 36.2392864357019], [-86.7444141001546, 36.2396425199319], [-86.7456761203938, 36.2399984615161], [-86.7469761842343, 36.2402361157502], [-86.7476433750791, 36.2403622998761], [-86.7485066127326, 36.2404606656294], [-86.7488432198304, 36.2404946089565], [-86.7501769213919, 36.2406256835786], [-86.7508219708803, 36.2406918212961], [-86.7509865531984, 36.2407085875046], [-86.751619486324, 36.2407776646241], [-86.7509472916021, 36.2412949288983], [-86.7504024861791, 36.241733394515], [-86.7499339290663, 36.242113255319], [-86.7493939931163, 36.2425143793317], [-86.7484093308708, 36.2433243421052], [-86.7483306532719, 36.2433890247246], [-86.746705733814, 36.2447255391083], [-86.7439479417959, 36.2469966405087], [-86.7431117864501, 36.2477993990004], [-86.7429731710942, 36.2479399640001], [-86.7426125395096, 36.2483465947111], [-86.7417332061154, 36.2495313935732], [-86.7416396091961, 36.2496586483374], [-86.7415348243056, 36.2497854314431], [-86.740703584965, 36.2510099438533], [-86.7403897957919, 36.2514816496537], [-86.7402556728111, 36.2516844033032], [-86.7401848163603, 36.2517922404466], [-86.7401349252784, 36.2518692331028], [-86.7396842392289, 36.2525903237459], [-86.7395586008953, 36.2527934801357], [-86.7395083205927, 36.2528779627422], [-86.7393353306168, 36.2532021643748], [-86.7391083144228, 36.2536546329973], [-86.7388988261287, 36.2541054395914], [-86.7388395134927, 36.254291739582], [-86.7386868408493, 36.2548014143576], [-86.738600135902, 36.2551526303995], [-86.7385290298936, 36.2554523638787], [-86.7385087000098, 36.2555464468077], [-86.7384554145707, 36.2557937753758], [-86.7383783619151, 36.2563515427593], [-86.7383484394369, 36.2593291227355], [-86.7383424957289, 36.259813137781], [-86.7383457433517, 36.2603052803414], [-86.7383214176462, 36.260797726361], [-86.7382150556604, 36.2617144974211], [-86.7381391800486, 36.2621642287859], [-86.7380926221411, 36.2624443443922], [-86.737755459946, 36.2641300187586], [-86.7373941364241, 36.2658122698841], [-86.737136463571, 36.267067273166], [-86.7370122176097, 36.2676968936375], [-86.7368693782395, 36.2684016954291], [-86.7367056313629, 36.2692399789379], [-86.7364208167034, 36.270591614154], [-86.7359431606015, 36.272946566808], [-86.7358460736003, 36.2734073526348], [-86.7356243275665, 36.2744630251951], [-86.7355964386116, 36.2745933902848], [-86.7353982502921, 36.2754008184564], [-86.7352186384983, 36.2761251262953], [-86.7351958433158, 36.2762159335203], [-86.735090432896, 36.2765483682924], [-86.7348818984192, 36.2772003264889], [-86.7346907792553, 36.2776291170059], [-86.7345295381947, 36.2779831245931], [-86.7340939545562, 36.2788471193089], [-86.7332299937347, 36.2802570286184], [-86.7329542047404, 36.2806557075968], [-86.7321512967197, 36.28170081779], [-86.7290569062601, 36.2846836920683], [-86.7287944455677, 36.2849347384374], [-86.7272772489651, 36.2863535903209], [-86.7271790902148, 36.2864448536518], [-86.7265962540798, 36.2870062558532], [-86.7263719324211, 36.287224277822], [-86.7255872841089, 36.2879939308119], [-86.7253441825058, 36.2882194345189], [-86.7242992986109, 36.2891609426154], [-86.7238042641135, 36.2895962774656], [-86.7228793794212, 36.290396370724], [-86.7225079821358, 36.2907091465816], [-86.7217399402147, 36.2912777201044], [-86.720638197502, 36.2921522501015], [-86.7196836781264, 36.2929142912157], [-86.7199003159022, 36.2930891501729], [-86.720063121547, 36.2932212364515], [-86.7204726032642, 36.2934727189078], [-86.7206595438599, 36.2935533267316], [-86.7208459716598, 36.2936241512801], [-86.7209039335779, 36.2937010639021], [-86.7209789911044, 36.2940717992115], [-86.7210713568157, 36.2942003554237], [-86.7211635540515, 36.2943103705921], [-86.7214172663784, 36.2946896540845], [-86.7215358696398, 36.2948113576438], [-86.7217693603114, 36.2950192478119], [-86.7219116324438, 36.2951315387013], [-86.7221145516854, 36.295428886894], [-86.7223894403056, 36.2956176432295], [-86.7225535639371, 36.2958001935905], [-86.7226127127208, 36.2959603654374], [-86.7226223440275, 36.2961792060895], [-86.7228291050444, 36.2962926555666], [-86.7229577433567, 36.2963514610389], [-86.7233403593099, 36.2965845523777], [-86.7238595373597, 36.2968147647189], [-86.7244283003397, 36.2969006341366], [-86.7247006407658, 36.2969951454792], [-86.7254338065378, 36.2965515785435], [-86.7278729013039, 36.2953166550607], [-86.728328944538, 36.2950873072202], [-86.7298484431274, 36.2943276509939], [-86.7299575842404, 36.2942748638882], [-86.731736828583, 36.2933981967244], [-86.73369557432, 36.2925697903009], [-86.7339252429768, 36.2926370703017], [-86.7350871357958, 36.2927212971376], [-86.7352651746122, 36.2927328207108], [-86.7365278593104, 36.2928301417414], [-86.7372685326404, 36.2928936623968], [-86.7382176660365, 36.2929879399372], [-86.7387110654214, 36.2930414997608], [-86.7394225702668, 36.2931182060772], [-86.7399645231587, 36.2931747372786], [-86.7414079056879, 36.2933255383702], [-86.7404985938615, 36.2947724776316], [-86.7402598211087, 36.2951551267639], [-86.7394286455167, 36.2964940921508], [-86.7390896279164, 36.2968927576443], [-86.7389391551333, 36.2970411548894], [-86.7386823891915, 36.2972085717234], [-86.7385089768692, 36.2973080066508], [-86.7381231492196, 36.2974638492505], [-86.737184297671, 36.297677659747], [-86.7363445801518, 36.2978587128788], [-86.7361792353146, 36.2978964741179], [-86.7357755151188, 36.2979967486847], [-86.7354674986659, 36.2980759520064], [-86.7333793521922, 36.2987491290747], [-86.73311925288, 36.2988323117901], [-86.7330158549689, 36.2988632033348], [-86.7326138432662, 36.2989776266249], [-86.7318029757564, 36.2992646568064], [-86.7316931400906, 36.2993025634472], [-86.7314333158325, 36.2994116331945], [-86.7309566892829, 36.2996392007851], [-86.7308629335667, 36.2997302454647], [-86.7307037732436, 36.2999507923272], [-86.7319400654934, 36.3007049078861], [-86.7324320861675, 36.3009285521339], [-86.7329731096198, 36.3011297499856], [-86.7336388132965, 36.3013267552469], [-86.7346359500829, 36.3016287030797], [-86.7347466930031, 36.3016771319806], [-86.7352008564782, 36.3017967823957], [-86.7355934031535, 36.301859119928], [-86.735791235528, 36.3018754279993], [-86.7368692874402, 36.302062175023], [-86.7370247411346, 36.3020887130895], [-86.7377610765023, 36.3022203568485], [-86.7375517775327, 36.3037728600422], [-86.7374769095232, 36.3042577787525], [-86.7372680140622, 36.305715945294], [-86.7371719707509, 36.3063455464078], [-86.7371084637959, 36.3067145768454], [-86.7357907667367, 36.30655493546], [-86.7353080578193, 36.3064992290604], [-86.7338398420437, 36.3063133166374], [-86.7338871221378, 36.305921760724], [-86.7327593940916, 36.3059081698236], [-86.7317758947859, 36.3058935239224], [-86.7320655845971, 36.307860990714], [-86.7323774022284, 36.3095129376468], [-86.7324953162945, 36.3099797792155], [-86.7325273737097, 36.3101034403325], [-86.7326158123975, 36.3105201384706], [-86.7331367164652, 36.3120112382694], [-86.733329803354, 36.3125332714781], [-86.733467358782, 36.3127724516251], [-86.7336775402349, 36.3130197751888], [-86.7339895807031, 36.3132700649161], [-86.7342002844378, 36.3134367134553], [-86.7345692649552, 36.3136509662571], [-86.7350119678965, 36.3138541254373], [-86.7361332317133, 36.3142099017392], [-86.7372243320259, 36.3144584986477], [-86.7376116937731, 36.314560055716], [-86.7378670957699, 36.3146498335098], [-86.7380761364384, 36.3147812215332], [-86.738226034582, 36.3148775277971], [-86.7385349933414, 36.3152051030266], [-86.7387000663989, 36.31553810038], [-86.7388045926562, 36.3157331106733], [-86.7389491515314, 36.3159847654694], [-86.7392926185427, 36.3164630380682], [-86.7397042337369, 36.3168780564756], [-86.7399374176917, 36.3170864277424], [-86.7404127010768, 36.3174579614397], [-86.7407640027232, 36.3178196083606], [-86.7410895539393, 36.3181949750761], [-86.7412442180684, 36.3183998762074], [-86.7413652624198, 36.3188206182342], [-86.7413878067795, 36.3190079588474], [-86.7413343300736, 36.3193236699792], [-86.7411781371216, 36.3196810430638], [-86.7410458398757, 36.319871564466], [-86.7408993222919, 36.3200388238275], [-86.7406591790363, 36.320221764616], [-86.7402633291751, 36.3204063448492], [-86.7393944383508, 36.3207387477075], [-86.7389918907799, 36.3208836759565], [-86.738199337687, 36.3212085348309], [-86.7372894954052, 36.3216972030614], [-86.7364909981932, 36.3222057883226], [-86.7361690025066, 36.3224862196624], [-86.7356152215287, 36.323120869981], [-86.7353471525795, 36.3234517893288], [-86.7351131764744, 36.3238444785752], [-86.7343385098109, 36.3248676113443], [-86.7340299786364, 36.3251834933637], [-86.7337287466026, 36.325417265581], [-86.7330821821311, 36.3258489619619], [-86.7325786276303, 36.3262042845726], [-86.7324309696946, 36.3263171988432], [-86.7320115916553, 36.3267161547253], [-86.7315390952319, 36.3273370735409], [-86.7312332740877, 36.3279027308424], [-86.7309027438951, 36.3288721638459], [-86.7307805907437, 36.3291086230187], [-86.730656678463, 36.3293771058653], [-86.7303443408963, 36.3299938698475], [-86.7301806472399, 36.3303152303704], [-86.7301285754726, 36.3304207864752], [-86.7302697466652, 36.3304975349779], [-86.7305185087456, 36.3307369041857], [-86.7307277312985, 36.3310141103558], [-86.7308053346298, 36.3312380313015], [-86.7308122632954, 36.3314829811997], [-86.7309466968444, 36.3317949754161], [-86.7310500610281, 36.3319591664571], [-86.7312555208071, 36.3321500378076], [-86.7315344389755, 36.3322994322999], [-86.7318728714419, 36.3323679467061], [-86.7321487808282, 36.3323471582865], [-86.7325723891702, 36.3322469675424], [-86.7327042325871, 36.3321864232388], [-86.7328746787129, 36.3320784320519], [-86.7331955507914, 36.3319461799609], [-86.7333991092918, 36.331931211212], [-86.7336493141887, 36.3319583649162], [-86.7338940048298, 36.33203156263], [-86.7343371896369, 36.3323172797483], [-86.7344254126385, 36.3323745280418], [-86.73461479149, 36.3325113333608], [-86.735281044904, 36.3327843815235], [-86.7357313228037, 36.3328776142927], [-86.735671093556, 36.3340650154364], [-86.7356397619263, 36.3345987486415], [-86.7356302684068, 36.3347447666588], [-86.7356080517707, 36.3351569545886], [-86.7355960015389, 36.335319227041], [-86.7355852105667, 36.3354678258651], [-86.7353950989345, 36.3354419360547], [-86.7347622409003, 36.3353675861468], [-86.7338623570141, 36.3352563047508], [-86.7335144220863, 36.3352172112916], [-86.7333387873431, 36.3373316921058], [-86.7332348821402, 36.3385542865913], [-86.7332131772748, 36.3386764136057], [-86.7331034765292, 36.3394192353075], [-86.7311680127529, 36.3392182347995], [-86.7303956586422, 36.3391336258236], [-86.7302439954002, 36.339025351317], [-86.7300712923098, 36.3389366037457], [-86.7293990426483, 36.3387073424575], [-86.7295615406764, 36.3406826010308], [-86.7293452451457, 36.342035733457], [-86.7288825513323, 36.3429959952322], [-86.7284544989375, 36.3438937255813], [-86.7261623002848, 36.343957809645], [-86.7260328932227, 36.3434073143641], [-86.7246019871187, 36.3432515937479], [-86.7243258716585, 36.3434577209949], [-86.7240198961113, 36.3431834874599], [-86.7232565112933, 36.3431083933533], [-86.7220513999137, 36.3421136542193], [-86.7217599802551, 36.3417586373197], [-86.7214045475205, 36.3410388329502], [-86.7212578041298, 36.340742864471], [-86.7211976317035, 36.3406230981657], [-86.7210857838681, 36.3403835331169], [-86.7208881140371, 36.3400689872112], [-86.7206652456628, 36.3398301313808], [-86.7203832768961, 36.3396259636021], [-86.7195238720871, 36.3393017915205], [-86.7194189523715, 36.3392450736024], [-86.7182458899668, 36.3386369060912], [-86.7184693809922, 36.3390369199338], [-86.7187203536929, 36.3394294929969], [-86.7184734285879, 36.3392980776179], [-86.7183225740356, 36.3391836028933], [-86.7181186011886, 36.3390148482981], [-86.7179219542341, 36.3388582393341], [-86.7177408612517, 36.338731925563], [-86.7175897493767, 36.3386356497897], [-86.7174470324409, 36.3385758924118], [-86.7172806293327, 36.3384312924736], [-86.7170546629182, 36.3383172615254], [-86.7168507648768, 36.3382030993755], [-86.7167452299006, 36.3381249224682], [-86.716609014246, 36.337986151613], [-86.7163369679911, 36.3377510127411], [-86.7161707332363, 36.3376246086136], [-86.7160493182528, 36.3374797405973], [-86.7159656715049, 36.3373344772309], [-86.7158965506436, 36.3371529028103], [-86.7156305724278, 36.3367903379241], [-86.7153735521124, 36.3365734779772], [-86.7151171347807, 36.3364232267635], [-86.7149513976904, 36.3363514130612], [-86.7146502730564, 36.3362318129181], [-86.7142297501266, 36.336096092197], [-86.71409387199, 36.3360409259058], [-86.7139196219319, 36.3358719886873], [-86.7138432507295, 36.3357328614444], [-86.7137263074685, 36.3356595563175], [-86.7132096658036, 36.3353118560668], [-86.7131110787981, 36.3352032471649], [-86.7129014565443, 36.3351588152265], [-86.7127135044439, 36.3352115993005], [-86.7122733688828, 36.335017615247], [-86.7120810337364, 36.334960547259], [-86.7118787642168, 36.3349313500217], [-86.7117955105556, 36.3348758714258], [-86.7115548854193, 36.3347814882627], [-86.7113137701825, 36.3346797251496], [-86.7110349311156, 36.3345357777015], [-86.7106499682989, 36.3342466945753], [-86.7102954755408, 36.3340424142122], [-86.7099488954597, 36.3338684741989], [-86.7097606236845, 36.3337907767552], [-86.7095574444579, 36.3337069858935], [-86.7093770825209, 36.3336594576043], [-86.7092499943228, 36.3336845818172], [-86.7091080074425, 36.3337520271784], [-86.7088992009037, 36.3338928291363], [-86.7087799777878, 36.3339907002019], [-86.7085564265856, 36.3341437774174], [-86.7082430717225, 36.3343154067457], [-86.708055939605, 36.3343650885018], [-86.7078231192549, 36.3343360633283], [-86.7076964900113, 36.3343177475047], [-86.7075525766098, 36.3342648527654], [-86.707433453599, 36.3341841719648], [-86.7073486409203, 36.3340962514186], [-86.7072950437742, 36.333987203001], [-86.7072839904115, 36.3336049303779], [-86.7073185069968, 36.3332407612811], [-86.7074294417911, 36.3327375972653], [-86.7074696517838, 36.3325358065759], [-86.7075778749888, 36.3320618442267], [-86.7066574750072, 36.3297855606723], [-86.7065276841103, 36.3295071625723], [-86.706436805082, 36.3294045119996], [-86.7063019919537, 36.3292765371746], [-86.7061422233315, 36.329157635408], [-86.7058109568073, 36.3290320086141], [-86.7055026136526, 36.3289548334611], [-86.704833522725, 36.3287767505983], [-86.7046381079516, 36.3287050956823], [-86.7044566885014, 36.3285847726773], [-86.704305821181, 36.3284642714914], [-86.7042374889919, 36.3283674968606], [-86.7041009350163, 36.3281863080043], [-86.7039418375007, 36.3279990696124], [-86.7038517450658, 36.3278888584507], [-86.7036090707526, 36.3277036511035], [-86.7033827246313, 36.3275411821385], [-86.7032698476905, 36.3274932522652], [-86.703077205037, 36.327398744874], [-86.702840407525, 36.3273015751654], [-86.7027052037159, 36.3272719729011], [-86.702554987331, 36.3272242592998], [-86.7023373107119, 36.3272255235481], [-86.7021426022125, 36.3272328346534], [-86.7018883917652, 36.3273253021382], [-86.7017092857096, 36.3274173333643], [-86.7014694418691, 36.327455121435], [-86.7007739288428, 36.3276454292447], [-86.700504833139, 36.3277824459068], [-86.7003605350276, 36.3279240615368], [-86.7001622711717, 36.32805740526], [-86.700042401058, 36.3280823064101], [-86.6998700186703, 36.3280712862324], [-86.6996221545826, 36.3280181251062], [-86.6993585314848, 36.3279102877629], [-86.6989063912751, 36.3276459344798], [-86.69832583682, 36.3273033468845], [-86.6982217948149, 36.3272945050033], [-86.6979954484132, 36.3272750378566], [-86.6976802813552, 36.3272404595399], [-86.6970339774237, 36.3270924183576], [-86.6969327996355, 36.3269268123843], [-86.696661071491, 36.3264756500593], [-86.6964383240874, 36.3258518353662], [-86.6962763707794, 36.325385446833], [-86.6963762634827, 36.3247779723453], [-86.6967096916768, 36.3243331098431], [-86.6969550327569, 36.3241011259322], [-86.6970444518779, 36.3240400064823], [-86.697223605187, 36.3239054043813], [-86.6973824422619, 36.3237285134383], [-86.697453397385, 36.3235945348335], [-86.6975333605996, 36.3233271064618], [-86.6975238527769, 36.3231147893006], [-86.6973976836634, 36.322423633922], [-86.6972611026836, 36.3222364283969], [-86.6969064819802, 36.3219593156026], [-86.6967547341809, 36.3217842147098], [-86.696475378177, 36.3215732800628], [-86.6961664320374, 36.3213748762918], [-86.6960081137879, 36.3212726059412], [-86.6955200732651, 36.321214809529], [-86.6952329585738, 36.3211828105092], [-86.6947845647501, 36.3211460719235], [-86.694334129671, 36.3211184426053], [-86.6939291990495, 36.3211025683392], [-86.693456911977, 36.3210990967837], [-86.6930369205776, 36.3211076848988], [-86.6926546367082, 36.3211098750005], [-86.6922038829745, 36.3210456710667], [-86.6918802063334, 36.3209567028704], [-86.6913313903388, 36.3207411170738], [-86.6908057018596, 36.320647120045], [-86.690595521599, 36.3206301220306], [-86.6904530139097, 36.320636944636], [-86.6902360966873, 36.3206745797024], [-86.690021841139, 36.3206768324635], [-86.6896885566985, 36.3206534961943], [-86.6893124313859, 36.3205342606396], [-86.6890463852663, 36.3203872708392], [-86.688867473629, 36.3202576391999], [-86.6886101040939, 36.3199859570361], [-86.688306867321, 36.3196115254676], [-86.688108905207, 36.3192423313768], [-86.6879938884086, 36.3189456304466], [-86.6879376923205, 36.3187773572128], [-86.6878409017329, 36.3186249380193], [-86.6876975575996, 36.3184861747767], [-86.6875463643947, 36.3183718350067], [-86.6874254514896, 36.3182753496658], [-86.6872526169893, 36.318209547217], [-86.6869075251518, 36.3181933094427], [-86.686434463946, 36.3181474091976], [-86.6859991650299, 36.3181014645831], [-86.6856984151098, 36.3180120064445], [-86.685450697509, 36.3179710050196], [-86.6851428999269, 36.3179495720104], [-86.6848883799343, 36.3179559925468], [-86.6846709377676, 36.3179814311536], [-86.6844605567045, 36.3179402163124], [-86.6842572876939, 36.3178381850016], [-86.6841412676944, 36.3177181480998], [-86.6839269881984, 36.3175693089967], [-86.683646436122, 36.31741071487], [-86.6831797107211, 36.3172131697944], [-86.6827510024104, 36.3170942109004], [-86.6821578366796, 36.3169943767164], [-86.681796857009, 36.3168568339513], [-86.6815552599073, 36.3166882293977], [-86.6813440026184, 36.3164952460804], [-86.6812371682225, 36.3163078547802], [-86.6810641335299, 36.3162176656019], [-86.6808835621801, 36.316188466175], [-86.6805593377492, 36.3162294350513], [-86.6795656157263, 36.3163718549434], [-86.679363710333, 36.3164275846599], [-86.6790565871678, 36.3164839049123], [-86.6788318831787, 36.3165033649082], [-86.6785619996774, 36.3164988706705], [-86.6782466155625, 36.3164824415248], [-86.677939240747, 36.3164103412908], [-86.6775099206679, 36.3162680183659], [-86.6771031513544, 36.3160337171231], [-86.6769220186756, 36.3158889721102], [-86.6767564633487, 36.3158292945398], [-86.6765315524205, 36.3158243724101], [-86.6763221664498, 36.31589850901], [-86.676225363266, 36.3159900424801], [-86.676151365949, 36.3160692588474], [-86.6760768929312, 36.3161424689132], [-86.6759723498702, 36.3162220276164], [-86.6758006514335, 36.316287711829], [-86.675688445791, 36.3163146063573], [-86.6755311480817, 36.316327674658], [-86.675351260425, 36.3163286794061], [-86.6751105581251, 36.3162632386452], [-86.6748845606286, 36.3161309305748], [-86.674748249936, 36.3159679054416], [-86.6746486547038, 36.3157318816357], [-86.6745154214745, 36.315083147151], [-86.6744793289407, 36.314830630696], [-86.6744441418462, 36.3146345929624], [-86.6743667338584, 36.314313290177], [-86.6742256961761, 36.3139932005162], [-86.6739401152587, 36.3135389732199], [-86.6732940080904, 36.3128465680932], [-86.6728119858371, 36.3122404617384], [-86.6725382921581, 36.3118354379605], [-86.6721058315204, 36.3112189236815], [-86.6719768610084, 36.3110192858794], [-86.6719292032337, 36.3107525829392], [-86.6719278138807, 36.3105888046326], [-86.6719862008402, 36.3103699271084], [-86.6721394723723, 36.3098837259896], [-86.6722166734403, 36.3092824044879], [-86.6721107948862, 36.3090539671934], [-86.6717993207036, 36.3086445159587], [-86.6717233845888, 36.3085448463005], [-86.6716623735617, 36.3084541929185], [-86.6714731184622, 36.3082488803631], [-86.6713219806785, 36.3080859334168], [-86.6711178797033, 36.3078807027144], [-86.6708916554262, 36.3077180002641], [-86.670619888301, 36.3075375232049], [-86.6703486483297, 36.3073690604628], [-86.6700992771044, 36.3071276820574], [-86.669774720096, 36.3068747017681], [-86.6696534879077, 36.3067357944369], [-86.6695097729405, 36.3065970114713], [-86.6692603037176, 36.3063434423075], [-86.6691548074096, 36.3062592144543], [-86.669063797583, 36.3061321571144], [-86.6687461000481, 36.305836558516], [-86.6686176090222, 36.3056916813379], [-86.6684136747777, 36.3055046435412], [-86.6682397949836, 36.3053600168577], [-86.6677716434956, 36.3049802636373], [-86.6675941351261, 36.3048074999231], [-86.6672811314698, 36.304564235037], [-86.6670422520419, 36.3044079474517], [-86.6668135008603, 36.3042452512372], [-86.6665936389308, 36.3039793236414], [-86.6665241268614, 36.303835149122], [-86.6664327404378, 36.3035616455591], [-86.6664609690699, 36.3033369275708], [-86.6665046061823, 36.3031789096213], [-86.6665711326898, 36.3030691802944], [-86.6667496118346, 36.302904409845], [-86.6670251944321, 36.302684508], [-86.667181240322, 36.3025258695763], [-86.667895052818, 36.3018058351483], [-86.6688506411867, 36.3008841038431]]]}}, {"id": "3", "type": "Feature", "properties": {"OBJECTID": 4, "CommunityNumber": 3, "CommunityName": "Bordeaux - Whites Creek - Haynes Trinity", "GlobalID": "1112fbc3-285c-4c29-b548-11223136195e"}, "geometry": {"type": "Polygon", "coordinates": [[[-86.8140947871563, 36.3015059127419], [-86.8132615484151, 36.300782855804], [-86.8126631473056, 36.3002716798969], [-86.8120078991995, 36.3000788153434], [-86.811776389387, 36.299361216621], [-86.8117425074971, 36.299241453957], [-86.8115560059415, 36.2985513999243], [-86.8113134673107, 36.2973850891099], [-86.8113042564784, 36.296485687697], [-86.8109522244184, 36.2949562660805], [-86.8106074375585, 36.2935452279654], [-86.810536326073, 36.2931498375176], [-86.8101196652046, 36.291490146338], [-86.8100958007596, 36.2913199247489], [-86.8098264936862, 36.2897660102618], [-86.8097081408411, 36.2893364035178], [-86.8096319326172, 36.289111624716], [-86.8092680222161, 36.2878789787689], [-86.8090234462015, 36.2874550599447], [-86.8088111232688, 36.2868252946747], [-86.8081361873972, 36.2858130808781], [-86.8077580870139, 36.2853122847372], [-86.8076368478431, 36.2851517048385], [-86.8071757106532, 36.2846611012203], [-86.8063409489775, 36.2836122005485], [-86.8060127520515, 36.2834102539538], [-86.8058096818595, 36.2832095326303], [-86.8055354993302, 36.2828709946763], [-86.805477697527, 36.2827965908421], [-86.8047720354187, 36.2818882771025], [-86.8046130113342, 36.2817457735943], [-86.8041758370941, 36.2813540070918], [-86.8038766188868, 36.2809971720716], [-86.8035032841997, 36.2806338035793], [-86.8023528801999, 36.2796616151082], [-86.8020397834947, 36.2792399791104], [-86.8015640765119, 36.2787399114185], [-86.801312334097, 36.2784895008025], [-86.8009619365263, 36.2781492324147], [-86.8008324898934, 36.2780315117383], [-86.799789757021, 36.2769473365749], [-86.7996253032301, 36.2767957995644], [-86.7990397481887, 36.2762365045197], [-86.7987351511857, 36.2759535426378], [-86.7978511521337, 36.2751050256691], [-86.7976984079634, 36.2749142365961], [-86.7975549399078, 36.2747324031151], [-86.797265488444, 36.2743750771679], [-86.7956151623628, 36.2725900735543], [-86.7945867987454, 36.2712332997282], [-86.7937211568929, 36.2701533938265], [-86.7935866828847, 36.2699400181458], [-86.7935378555895, 36.2698366282343], [-86.7931623655637, 36.2691470493813], [-86.7922786574532, 36.2675808131313], [-86.7918479065478, 36.266804528342], [-86.7917746978011, 36.2666525954218], [-86.7913446112686, 36.2658750338491], [-86.7907633686469, 36.2647293455639], [-86.7902377054587, 36.2637479024374], [-86.7901376959179, 36.2634586265792], [-86.789734943266, 36.2627267846963], [-86.7891118739548, 36.2614022908917], [-86.7884925736402, 36.2600834895279], [-86.7883828183866, 36.2598380330245], [-86.7870362169787, 36.2567472549028], [-86.7867766022195, 36.2562196984694], [-86.7851183251711, 36.2525813661026], [-86.7849550302427, 36.2522480658473], [-86.7844995407159, 36.2513229771256], [-86.784453095962, 36.2511920952796], [-86.7840458347196, 36.2502711050363], [-86.7839302644909, 36.2497138022537], [-86.7839148852745, 36.2486636376832], [-86.783842635297, 36.2478565997172], [-86.7840843067254, 36.2466974111487], [-86.7841450228942, 36.2464465971818], [-86.7845285110181, 36.2450692688743], [-86.7846421822122, 36.2446837610675], [-86.7855207822305, 36.2417191181022], [-86.7856678699888, 36.2411612337767], [-86.7859901844203, 36.2393878510947], [-86.7861032046666, 36.2380208423497], [-86.7859684782065, 36.2371504718625], [-86.7858912318497, 36.2365106279292], [-86.7849991910016, 36.2339889711996], [-86.7834135151077, 36.2319355663619], [-86.7832181846767, 36.2317234441885], [-86.7797260783547, 36.2283898815925], [-86.7792284131316, 36.2279709553294], [-86.7788990492397, 36.2276783351852], [-86.7782828724962, 36.2271920062689], [-86.7770916487836, 36.2262589245496], [-86.7761872332189, 36.2257660376183], [-86.7757277018697, 36.2255771808532], [-86.7746187734512, 36.2251495325161], [-86.7744564676942, 36.2246902333318], [-86.7742622270652, 36.224192776353], [-86.7741618009847, 36.2236052058278], [-86.7740906885306, 36.2227872783016], [-86.7741466965171, 36.222058045509], [-86.7742453150698, 36.2210576089637], [-86.7744393124187, 36.2203981125926], [-86.7744746406631, 36.2202679057171], [-86.774663455851, 36.219559258733], [-86.7746863411336, 36.2194561966969], [-86.7748689730293, 36.2185277141104], [-86.7750550489351, 36.2174048722979], [-86.7750806101103, 36.216941833118], [-86.7751637096243, 36.2164260592451], [-86.7752264113089, 36.215915459264], [-86.7753347040321, 36.2150615350683], [-86.775403465077, 36.2145531644766], [-86.7754605393812, 36.2140911082913], [-86.7755268970863, 36.2135133536147], [-86.7758120457561, 36.211250158711], [-86.7758879184374, 36.2106525108837], [-86.775982268787, 36.2098910664139], [-86.7760058506128, 36.2096740178058], [-86.776141112757, 36.2085093719244], [-86.7761832635911, 36.2082187319537], [-86.7764236088132, 36.2063498992074], [-86.7765023139831, 36.2058200724054], [-86.7766272155991, 36.2042965487918], [-86.7768104541731, 36.203106243356], [-86.7768528783233, 36.2020737682106], [-86.7767542109092, 36.2003049618092], [-86.7763272611864, 36.1980873307646], [-86.7760782876706, 36.1966929908836], [-86.7760606543025, 36.1949772280215], [-86.7764977900152, 36.1939758643698], [-86.7770473124577, 36.1931614335512], [-86.7778226919706, 36.1926140695701], [-86.7797749876529, 36.1922496818512], [-86.7815277503516, 36.1921013394822], [-86.7830186149757, 36.192072278706], [-86.7833721137589, 36.192998306809], [-86.7837082742327, 36.1936507367025], [-86.7841369461463, 36.1944827028008], [-86.7847359024974, 36.1953866596846], [-86.7853939909747, 36.1962010663956], [-86.7858318515463, 36.196749431688], [-86.7868582734444, 36.1976343621094], [-86.7878246381285, 36.1983390020759], [-86.7891530266443, 36.1991027431736], [-86.7900877268189, 36.199566765498], [-86.79124292651, 36.2000779724175], [-86.7922474534867, 36.2005065848577], [-86.793509176038, 36.2009309534534], [-86.7950853082132, 36.2012767039429], [-86.796697295111, 36.2015533562719], [-86.7980003298412, 36.2017438215091], [-86.7993620393408, 36.2019290197364], [-86.8017018706266, 36.2021542864887], [-86.8031410020669, 36.2022616444198], [-86.8047577356882, 36.2023960734416], [-86.8065581696059, 36.2024164828967], [-86.8084776189323, 36.2023388001629], [-86.8100963027133, 36.2021901547729], [-86.8110046127231, 36.2020138341943], [-86.811952587547, 36.2018048202252], [-86.8131594907527, 36.2014886783517], [-86.8141663740855, 36.2011738731511], [-86.8154312607725, 36.2006627778202], [-86.8166954635564, 36.2000868294215], [-86.8179094807115, 36.1994949930244], [-86.819114928432, 36.1988627587785], [-86.820702847297, 36.1978629847589], [-86.8221912658299, 36.1968347022741], [-86.8234120619521, 36.195842404301], [-86.8242673461379, 36.1951007154286], [-86.8250851221735, 36.1942889311559], [-86.8258075288788, 36.1934753576567], [-86.826696328495, 36.1923993075393], [-86.8277038243256, 36.1912008493064], [-86.8285135115786, 36.1902144900447], [-86.8291844652387, 36.18935066535], [-86.8297761766751, 36.1885603365428], [-86.830193139171, 36.1877657969457], [-86.8305969810754, 36.1867308789272], [-86.8308410381805, 36.1857677914398], [-86.8309406547666, 36.1853695085662], [-86.8313715469357, 36.1836581611205], [-86.8318595433344, 36.1822153378959], [-86.8321882522266, 36.1811430985615], [-86.8324360375225, 36.1799822551187], [-86.8328075699938, 36.1782288276857], [-86.8334241439472, 36.1760823829905], [-86.8336669445617, 36.1753291033618], [-86.8340141110504, 36.1745866809398], [-86.8353397250346, 36.1723015169054], [-86.8363872819379, 36.1706737244107], [-86.8371639998118, 36.1696166737118], [-86.8377418661508, 36.1688970259132], [-86.8380247965519, 36.1685872624139], [-86.8391013831127, 36.1675722455722], [-86.8395695529188, 36.1671904207874], [-86.8401758301482, 36.1668825206846], [-86.8406345870107, 36.1667533953055], [-86.8410937159372, 36.1666853493463], [-86.8416927610739, 36.1666134964781], [-86.8423986389868, 36.1666085718169], [-86.8435619638871, 36.1665951700024], [-86.8444930948661, 36.166648574816], [-86.8453829698021, 36.1667445482734], [-86.8478480596666, 36.1672946680261], [-86.8485585438262, 36.1674817857815], [-86.8491891345553, 36.1677200537144], [-86.8497442672786, 36.1679298037559], [-86.8505781221093, 36.1683130141293], [-86.8513423589521, 36.1687291323361], [-86.8524093474823, 36.1693354064199], [-86.8532032635559, 36.1697940754178], [-86.8540587158334, 36.1703230138308], [-86.8549970370696, 36.1711188545423], [-86.8563080508184, 36.1721714312971], [-86.8575283995591, 36.1732422261279], [-86.8577525202035, 36.1734456830765], [-86.8595207245998, 36.175261258593], [-86.8609298260514, 36.1766741838158], [-86.8613503486614, 36.1771044631537], [-86.8617917321419, 36.1775732916266], [-86.8630929014584, 36.1792282495531], [-86.8646109088045, 36.1816361926926], [-86.8654369272657, 36.1827305371087], [-86.8659500869265, 36.1835724659267], [-86.8663784196589, 36.1843394496772], [-86.8668730314633, 36.1850949675791], [-86.8673748191432, 36.1858480922132], [-86.8680548647444, 36.1867766297631], [-86.8683198649241, 36.1871180287528], [-86.8686662164738, 36.1876722714935], [-86.8696667543249, 36.189259250131], [-86.8703128253165, 36.190244643338], [-86.8708295995838, 36.1910704356339], [-86.8715492476151, 36.1920546090349], [-86.8717656731204, 36.1923561359425], [-86.8724354163578, 36.1932122773692], [-86.8732458928378, 36.1941629083963], [-86.8737122077531, 36.1947350514734], [-86.874551910998, 36.1956125089403], [-86.8758842158455, 36.1967214596791], [-86.8771671865575, 36.1978874925502], [-86.8780456145273, 36.1986430587306], [-86.8791104153969, 36.1994727787106], [-86.8804268388981, 36.2004380908129], [-86.8810909293393, 36.2009136408922], [-86.8824709779222, 36.2017882869228], [-86.8847668968937, 36.2031900069036], [-86.8854812847877, 36.2035738516689], [-86.8895829125783, 36.2054485759707], [-86.890306159862, 36.2057269516952], [-86.8912603452434, 36.2060846757185], [-86.8922239051769, 36.2063855799484], [-86.8931367323498, 36.2066220071724], [-86.8938687254046, 36.2067868154958], [-86.8947001845856, 36.2069022456099], [-86.8955015531158, 36.2070097870144], [-86.8963024630002, 36.2070767957843], [-86.8975636085498, 36.2071565938838], [-86.8986598072838, 36.2071568585918], [-86.8999924936327, 36.2070169284306], [-86.9010003018943, 36.2068067662253], [-86.9018077765282, 36.2065689476638], [-86.9028835778859, 36.2061847613127], [-86.9039668491701, 36.2055768243077], [-86.9048402693961, 36.2049866623219], [-86.9057228447444, 36.2043234720029], [-86.9062568624638, 36.2037925854785], [-86.9068686567338, 36.203066571304], [-86.9075597946667, 36.2022832166013], [-86.9081914712555, 36.2015489396339], [-86.9088028590373, 36.2007904933167], [-86.9093237682806, 36.1999921964958], [-86.9098147586312, 36.1992022287888], [-86.9103849950914, 36.1983468165239], [-86.9108843735812, 36.1975433795246], [-86.9115308371755, 36.1964710877889], [-86.9120318153066, 36.1954486954132], [-86.9124299056258, 36.1944893156342], [-86.9128754332012, 36.1931517231452], [-86.912987911121, 36.1924990350237], [-86.9130425885133, 36.1920365868531], [-86.9130494844825, 36.1911220272946], [-86.9130459822341, 36.1905937133835], [-86.912948994922, 36.1899865049073], [-86.9128330559048, 36.1894690587295], [-86.9125566994567, 36.1883503358392], [-86.9123537912298, 36.1878714722149], [-86.9116808465177, 36.1865955537042], [-86.9112126547916, 36.185958501362], [-86.9096734456857, 36.184264150032], [-86.9081153541725, 36.1826709130922], [-86.9067056838071, 36.1809876726644], [-86.9047073165839, 36.178424690491], [-86.9035116480388, 36.177031322689], [-86.9030871500513, 36.1766292043235], [-86.9024435937019, 36.1760882267532], [-86.9019478787692, 36.1757947075095], [-86.9007706689418, 36.175138813066], [-86.8992190896105, 36.1740885055022], [-86.8979283838491, 36.1731172998688], [-86.8970497714484, 36.1723375587403], [-86.8957173972455, 36.1712126230753], [-86.8949705208096, 36.1705859027872], [-86.8943141725476, 36.1700071422115], [-86.8936817999087, 36.1693500249825], [-86.8918765064687, 36.1672765609395], [-86.8900801552126, 36.1653706933593], [-86.8894394568213, 36.1643436446559], [-86.8887646881795, 36.1628540207769], [-86.8882194165657, 36.16120342099], [-86.8879435055169, 36.1600846332264], [-86.8878473687223, 36.1594118010382], [-86.8878796427919, 36.1587225600843], [-86.8879698872602, 36.1578545595526], [-86.8881101282797, 36.1568227357207], [-86.8885674409962, 36.1544659869422], [-86.8892072307008, 36.1511678475248], [-86.8892879405869, 36.1506294577844], [-86.8894603300721, 36.1499240683103], [-86.8896169170146, 36.1493024422078], [-86.8900484001831, 36.1482196474907], [-86.8904014593323, 36.1473961733171], [-86.8907339615799, 36.1466789706461], [-86.8913133668846, 36.1449414389547], [-86.8914579861882, 36.1444702246315], [-86.8916231370844, 36.1440474937481], [-86.8918075446654, 36.1435597722773], [-86.8919545265227, 36.1432992939105], [-86.8927133247172, 36.1423452834388], [-86.8935818444814, 36.1413742426894], [-86.8958069026525, 36.1392907163873], [-86.8966884568343, 36.1385951578642], [-86.8976640344212, 36.1378560449028], [-86.8982196140047, 36.1374212985401], [-86.8990159682717, 36.1370154890642], [-86.9010236758629, 36.1364045576994], [-86.9045965387572, 36.1357322474148], [-86.9057983461674, 36.135617056264], [-86.9071766055508, 36.1355499586902], [-86.9084362547244, 36.1355972223153], [-86.9093870790663, 36.135727859553], [-86.9102387280695, 36.1359240881078], [-86.9115509534286, 36.1361978902177], [-86.9133937032684, 36.1365487236529], [-86.9180281446238, 36.137210666529], [-86.9193395704782, 36.1374114357218], [-86.9207335763223, 36.1376679178571], [-86.9231468184392, 36.1382578150195], [-86.9240802636228, 36.1386073335055], [-86.9254281317155, 36.1393589666616], [-86.9267204507669, 36.1402169636375], [-86.9270504632755, 36.1405056720517], [-86.928101506477, 36.1414958338728], [-86.9287490501941, 36.1421867648748], [-86.9292872131278, 36.1429121619709], [-86.9311143758236, 36.1453217713427], [-86.9323309908889, 36.146795774186], [-86.9331012611974, 36.1477057984346], [-86.9334788923996, 36.1481274845994], [-86.9372884282426, 36.1515272135595], [-86.9390401453538, 36.1531123399287], [-86.9393155969029, 36.1534290522985], [-86.9395297940443, 36.1537921545129], [-86.9398274036125, 36.1544464219894], [-86.9400153681222, 36.1551258616808], [-86.9401018528906, 36.1556763954404], [-86.9401903552468, 36.1563971386396], [-86.9402387741109, 36.1579531098461], [-86.9402650064176, 36.158479793662], [-86.940331217714, 36.1590061658999], [-86.9409195751903, 36.1614171616089], [-86.9413643112242, 36.1637151537604], [-86.9416073574209, 36.1654647835431], [-86.9416574381844, 36.1663155195107], [-86.9416391859861, 36.1673045904368], [-86.9416201944516, 36.1724439137572], [-86.9416699912022, 36.1732703338881], [-86.9417133537681, 36.174396721739], [-86.9417511378846, 36.1750530083868], [-86.9418857433863, 36.177970098493], [-86.9419543873278, 36.1786990953067], [-86.9420409112452, 36.1792496241903], [-86.942209631243, 36.1799859481374], [-86.9424373283001, 36.183161695426], [-86.9424424609253, 36.1852773023328], [-86.9423974116789, 36.1857172058685], [-86.9422185674174, 36.1862807520567], [-86.9420885804806, 36.1866903469798], [-86.9419558370015, 36.1872427344546], [-86.9418463895838, 36.1877375233254], [-86.9416671434715, 36.1890363936098], [-86.9414601560791, 36.1901323065798], [-86.9412669937857, 36.1916576764409], [-86.9411964420318, 36.1931902896131], [-86.9412407704932, 36.1943977238109], [-86.9413521127503, 36.1953533518462], [-86.9414382844538, 36.1961857192701], [-86.9415490381831, 36.1967784561021], [-86.9417878858007, 36.1975223343809], [-86.9421063525155, 36.1982331683419], [-86.9425440290432, 36.1988421702877], [-86.9434339831411, 36.199706182134], [-86.9440098726971, 36.2001961409968], [-86.9452831273042, 36.2012966856363], [-86.9468514612421, 36.2028164117802], [-86.9475878908758, 36.2033456232261], [-86.9484447216763, 36.2039063070407], [-86.9492703646024, 36.2043844579594], [-86.9504386829699, 36.2049662348379], [-86.9511505412597, 36.2051900733114], [-86.9519724283297, 36.2053113934629], [-86.9539852439227, 36.2054966159162], [-86.9549566000313, 36.205638281199], [-86.9558774533429, 36.2057965005027], [-86.9568677191961, 36.206021960914], [-86.959881326669, 36.2067105510086], [-86.9607948931492, 36.2069439214241], [-86.9637759101931, 36.2077956152253], [-86.9655584684592, 36.2080992249275], [-86.9670105108919, 36.2082416169146], [-86.9687097610003, 36.2083266731442], [-86.9699722195869, 36.2083339123319], [-86.9715527254795, 36.2083429592435], [-86.9738045515668, 36.2083922372877], [-86.9771277688688, 36.208654636487], [-86.9801124345784, 36.2089790023357], [-86.9827951722526, 36.2093730925567], [-86.9836494764146, 36.2095131772628], [-86.9853390147515, 36.2097983213749], [-86.9844895587863, 36.2126405906954], [-86.9841470364214, 36.2137561253468], [-86.9861492078742, 36.2144353214361], [-86.9876864793477, 36.2149041862257], [-86.9878647094052, 36.2143462712037], [-86.9881821528025, 36.2144187040288], [-86.9879516500179, 36.2149983370933], [-86.9878118049889, 36.215406050157], [-86.9871897355711, 36.2153041718911], [-86.9849635239949, 36.214637465369], [-86.9846732589336, 36.2146719389585], [-86.9841028355523, 36.2144626589997], [-86.9839826042682, 36.2143352122875], [-86.9840208139385, 36.2142385811719], [-86.982337451447, 36.2137066451395], [-86.982043221255, 36.2144473180045], [-86.9818913780539, 36.2149835479336], [-86.9817744345045, 36.2151556765364], [-86.9816049501851, 36.2153282320719], [-86.9813688369529, 36.2154585772583], [-86.9808968980973, 36.2157084472243], [-86.9806494985946, 36.2159885988372], [-86.9804567564943, 36.2164396556719], [-86.9803667868019, 36.217045946697], [-86.9803605082361, 36.2171893611718], [-86.9811575756153, 36.218659446493], [-86.9824231844099, 36.2216877758528], [-86.982736026791, 36.2224128641282], [-86.9832798036631, 36.2236815389718], [-86.9839766532898, 36.2253991418517], [-86.9828352614847, 36.2283677248306], [-86.9818470410697, 36.2310484946648], [-86.9804387279479, 36.23465568026], [-86.9798294766569, 36.2362197578167], [-86.9794874078743, 36.237145375532], [-86.9791823898104, 36.2378797704024], [-86.9784607595028, 36.2398902899158], [-86.9780027902382, 36.2409758272604], [-86.9773181673341, 36.2427951171333], [-86.976517635795, 36.2447743250509], [-86.9756537672386, 36.2471216286807], [-86.9747494574421, 36.2493006657144], [-86.973976447194, 36.2497558558018], [-86.9735321339056, 36.2500708384984], [-86.9732969977198, 36.2502492770641], [-86.9723143948017, 36.2512429146038], [-86.9722086906304, 36.2513511956691], [-86.9717993362685, 36.2516598789484], [-86.9716351973018, 36.2517749064827], [-86.9709625172495, 36.2520967404034], [-86.9696864271562, 36.2527206115135], [-86.9694028917593, 36.2529012734543], [-86.9690087574996, 36.2533532256344], [-86.9687694567649, 36.2536904337765], [-86.9684785942356, 36.2541094910555], [-86.9681891868529, 36.254365397631], [-86.9676783716045, 36.25468282521], [-86.9656167196237, 36.2558383143116], [-86.9651106360209, 36.2561977571278], [-86.9646658953833, 36.2566221015503], [-86.9641995082449, 36.2571046025973], [-86.9632946722818, 36.2580787345066], [-86.9626294959368, 36.2588042196253], [-86.9622071612885, 36.2592624874043], [-86.9619925050356, 36.259496587438], [-86.9617367677605, 36.2598401152475], [-86.9613071791881, 36.2607419890481], [-86.96112222203, 36.2609402311008], [-86.9609565455049, 36.2610926224409], [-86.9608303427084, 36.2611748354755], [-86.9602842408906, 36.2613997297172], [-86.9599040363534, 36.2615357074003], [-86.9595687447018, 36.2617184733798], [-86.958428187588, 36.2626559086138], [-86.9580680015659, 36.2629644899912], [-86.9567415036813, 36.2642825910947], [-86.9564631066132, 36.2644381140632], [-86.9562090001768, 36.2645335243535], [-86.9560319838059, 36.2645871186513], [-86.9558081558631, 36.2646266609792], [-86.9553692491577, 36.2646225772506], [-86.9551172250753, 36.2646094606765], [-86.9545598450615, 36.2645910299004], [-86.9535593867525, 36.2647503588809], [-86.9531352626208, 36.2647593522038], [-86.9530245455698, 36.2647637828091], [-86.9523407212805, 36.2648176566135], [-86.9515199990325, 36.265044228065], [-86.9506432666454, 36.2654446413015], [-86.9502601011362, 36.2655851280762], [-86.9489563773931, 36.2660324216466], [-86.9484035695629, 36.2662226532633], [-86.9471104239055, 36.2665174563902], [-86.9455322724108, 36.267199060789], [-86.9450700244573, 36.2673435536431], [-86.9441209652918, 36.2676504785975], [-86.9433341885134, 36.2679902155111], [-86.9428987420854, 36.2681002329486], [-86.941854885131, 36.2682884750917], [-86.9413874746278, 36.2684923069728], [-86.9407573110327, 36.2688100323924], [-86.9403633899059, 36.2689538835718], [-86.9401459792129, 36.2689998709522], [-86.9384473649863, 36.2692221907041], [-86.9378643737239, 36.2694068185659], [-86.9373180046484, 36.2696740512248], [-86.9361372051684, 36.2703002895267], [-86.9355090930109, 36.2706927499766], [-86.93473901232, 36.271225529196], [-86.9344356411437, 36.2713545818804], [-86.9340739283196, 36.2713908574183], [-86.9335872220342, 36.2713278309208], [-86.9333180212792, 36.2711539285831], [-86.9330359935308, 36.2709553579176], [-86.9328081287426, 36.2707917846308], [-86.9325738015093, 36.2706485544582], [-86.9323343004258, 36.270583786849], [-86.9320225122444, 36.2705741734579], [-86.9317620330325, 36.2706366165867], [-86.9313321401158, 36.2708248395272], [-86.930831881402, 36.2710154914679], [-86.9303466693942, 36.2710793188089], [-86.9292649159302, 36.271079228443], [-86.9278602954129, 36.2711261391923], [-86.9274075134395, 36.2711463759498], [-86.9268015662556, 36.2712569564546], [-86.9263226852618, 36.2714637361353], [-86.92449908399, 36.2723936609708], [-86.9239970094557, 36.2726490250008], [-86.9237099740768, 36.2727626453131], [-86.9233747813517, 36.2728558584922], [-86.9225546118597, 36.2729982712519], [-86.9204203023926, 36.2733246693776], [-86.9201815253844, 36.2733595685939], [-86.9198407689681, 36.2733758976069], [-86.9194222801869, 36.2733445724178], [-86.918915821595, 36.2732603477033], [-86.91792212025, 36.2729200570289], [-86.9173698285869, 36.2727958270439], [-86.9167434523376, 36.2727710127215], [-86.9162962683948, 36.272779591164], [-86.9155203445857, 36.2728155031568], [-86.9146625480827, 36.272861671849], [-86.9143871871898, 36.2728857316357], [-86.9139199155304, 36.2729996619187], [-86.9133011093523, 36.2732537097016], [-86.9127497975168, 36.2735400531572], [-86.9120598642163, 36.2737765882673], [-86.9112071252003, 36.2740396630199], [-86.9109794024474, 36.274099209027], [-86.9106341660244, 36.2741320279317], [-86.9097451023956, 36.2739649742824], [-86.9093006256737, 36.2738491671094], [-86.9075153043609, 36.2735520008353], [-86.9068366819801, 36.273578383943], [-86.9059405586371, 36.2737569647706], [-86.9053698684104, 36.2738027898163], [-86.9048030028841, 36.2737751007655], [-86.9045055769693, 36.2737325940982], [-86.9044018328154, 36.2737151439854], [-86.9038422655273, 36.2736183449193], [-86.9028339090907, 36.2734627589992], [-86.9019515345517, 36.2734714074035], [-86.9014667981282, 36.273543012596], [-86.9010198924542, 36.2736598313055], [-86.8988382803455, 36.2744244660961], [-86.8985082231156, 36.2744875263024], [-86.8979950632624, 36.2745215572985], [-86.8973026920386, 36.2744207677229], [-86.8965855260084, 36.2741310718091], [-86.8952483621319, 36.2735816797979], [-86.8951174193022, 36.2731794012846], [-86.8950840063207, 36.273064029076], [-86.8947331004902, 36.2717765843242], [-86.8945904444648, 36.2711976760676], [-86.8939823762229, 36.2702220047735], [-86.8938249136718, 36.2698710358772], [-86.8936575642295, 36.2688447368818], [-86.8934334309513, 36.2674932939402], [-86.8934277192048, 36.2670548428337], [-86.8934223434811, 36.2665260808297], [-86.8934595004994, 36.2655650738642], [-86.8934912972807, 36.2651414149046], [-86.8934698280242, 36.2648919378733], [-86.8933539802928, 36.2645828957084], [-86.8932042205848, 36.2643498189164], [-86.8923639720466, 36.263496551278], [-86.8921732763787, 36.2632424860078], [-86.8917367793688, 36.2623208188362], [-86.8915655888792, 36.2621418084388], [-86.8914357030653, 36.2620538317021], [-86.8905252807159, 36.2625290493898], [-86.889935743051, 36.2628604943296], [-86.8895219864522, 36.2632069186705], [-86.8886242416663, 36.2641035590845], [-86.8876147290658, 36.2651309818931], [-86.8872688407023, 36.2654298568774], [-86.8871140118398, 36.2655455237257], [-86.8869955754419, 36.2656203383122], [-86.8867461808239, 36.2657607603414], [-86.8861010318483, 36.2660070586432], [-86.8855486153828, 36.2661283712952], [-86.8850116553506, 36.2661530791238], [-86.8831338962271, 36.265945852408], [-86.8826224155678, 36.2659358539882], [-86.8821958376752, 36.2659727914286], [-86.8817398011487, 36.2660549476388], [-86.8815769087261, 36.2660877015667], [-86.8814605168024, 36.2661181291035], [-86.8811233272759, 36.2662252723807], [-86.8806335055273, 36.2664474024236], [-86.8801596188989, 36.266768307066], [-86.8798178220041, 36.2670630443328], [-86.8795848150291, 36.2673127801619], [-86.8794981117284, 36.267424273958], [-86.8792585659377, 36.2677620757271], [-86.8790901146036, 36.2681187721034], [-86.8790088879189, 36.2683546128989], [-86.8789760148601, 36.26847346361], [-86.8789195084761, 36.2686947507551], [-86.878883555096, 36.2691616616693], [-86.8789644721128, 36.2696902171906], [-86.8790791612645, 36.2700482989538], [-86.8791617961443, 36.270276643298], [-86.8795123604668, 36.2708743544072], [-86.8796256604099, 36.271077612456], [-86.8797499299499, 36.2713066147696], [-86.8798366991301, 36.2716521596342], [-86.8798481788657, 36.2717340813145], [-86.879849476624, 36.2718855971849], [-86.8798466656945, 36.2719733641548], [-86.8797993648903, 36.2723217918165], [-86.8796553034683, 36.2726761750874], [-86.8793970776493, 36.2730205473235], [-86.8792004572225, 36.2732263120908], [-86.8788023522718, 36.27350184848], [-86.8785901382468, 36.273600051849], [-86.8780458264411, 36.2738079731233], [-86.8778322833645, 36.2738629193524], [-86.8769906464682, 36.2741997169102], [-86.8767939490357, 36.2742876886134], [-86.8766858600873, 36.2743390222864], [-86.8764835121539, 36.274448094883], [-86.8761719496694, 36.2746185488243], [-86.8755150574905, 36.2750396528877], [-86.8748218197531, 36.2756964923471], [-86.8746996930836, 36.2758135999424], [-86.874610707219, 36.2759082740468], [-86.8743562941426, 36.2762124300504], [-86.873754197809, 36.2772591023681], [-86.8735208936889, 36.2781416008006], [-86.8735053003218, 36.2782340839128], [-86.8734780056956, 36.2784412819121], [-86.873439340382, 36.2794349477138], [-86.8734588175608, 36.2797014382766], [-86.8734305973065, 36.2799668175795], [-86.8733867205102, 36.2802784871522], [-86.8732458738707, 36.2806591066297], [-86.873129373067, 36.2809015130188], [-86.8730035102812, 36.2811026101267], [-86.8727630813106, 36.2813634026759], [-86.8726428225205, 36.2814845668542], [-86.8724725681644, 36.2816448565978], [-86.8719645581097, 36.2819592772166], [-86.8711585071525, 36.2824380889184], [-86.8705109802993, 36.2827162524756], [-86.8699448982581, 36.2828803408262], [-86.8689251748457, 36.2830853841211], [-86.8687563314734, 36.283120834549], [-86.8677689148363, 36.2833138397491], [-86.8667320080617, 36.2835166894679], [-86.8658127179201, 36.2837056121154], [-86.8650279122022, 36.2838659191283], [-86.8643143184058, 36.2840780788325], [-86.8641103151269, 36.2841555949197], [-86.8635931696915, 36.2844145900071], [-86.8633894641513, 36.2845195727294], [-86.863117679708, 36.2846044387316], [-86.8628111659634, 36.2846548711443], [-86.8625128082817, 36.2846363979064], [-86.8623383943906, 36.2845881962971], [-86.8620247011666, 36.2844465596577], [-86.8617145857735, 36.2841658298454], [-86.8613169793465, 36.2836784958775], [-86.8611906827816, 36.283569687433], [-86.8609479477231, 36.2834395605594], [-86.8596722560183, 36.28379527699], [-86.8587176222557, 36.2853261316759], [-86.858184110625, 36.2856818795897], [-86.8571803186721, 36.2858429046054], [-86.8569468914422, 36.2858829649524], [-86.8561376376473, 36.2860289494167], [-86.8555275469084, 36.2864429146797], [-86.8544784170168, 36.2871662709937], [-86.8537871913356, 36.2876489605007], [-86.8535369955201, 36.287810568102], [-86.8534247562958, 36.2879038999287], [-86.8523760395395, 36.2881961281437], [-86.851902091258, 36.2882183546899], [-86.85026102376, 36.2893286416651], [-86.8501059777309, 36.289434197927], [-86.849491929234, 36.2898599351619], [-86.8491844761476, 36.2900678472639], [-86.8483677088458, 36.290631548534], [-86.8495628482816, 36.2912091686875], [-86.8500566650985, 36.2914596795074], [-86.8502394452068, 36.2915647988], [-86.8507820146642, 36.2918986279397], [-86.8518617977418, 36.2926759764944], [-86.851296348704, 36.2937380656375], [-86.851702670723, 36.2942875202029], [-86.8513554785661, 36.2945038874214], [-86.8508771551049, 36.2944382368226], [-86.8502827551352, 36.2941095182196], [-86.8494964508552, 36.2944755881873], [-86.849133062586, 36.2947747951699], [-86.8489451213557, 36.2949198374646], [-86.8490680231534, 36.2951471460063], [-86.8492952705565, 36.2955480360713], [-86.8494098042729, 36.2957703714567], [-86.8499157687256, 36.2962372370091], [-86.8497556782188, 36.2963396574822], [-86.8495630443757, 36.2964136347585], [-86.8494340575669, 36.2964499085494], [-86.8493876386264, 36.2965515298023], [-86.8491429197029, 36.296713089128], [-86.8490364757188, 36.2967947011062], [-86.8488525218273, 36.2968871584242], [-86.8487514353783, 36.296874991638], [-86.8486346382161, 36.296940537396], [-86.848448247779, 36.2969639931787], [-86.8480315110549, 36.2972635914956], [-86.8478891127102, 36.2973152377925], [-86.8478618940651, 36.2974275400115], [-86.8475780988499, 36.2975055870797], [-86.8473114254313, 36.2976377664304], [-86.8471102972751, 36.2977906033844], [-86.8466715209137, 36.2980351094408], [-86.8461834874622, 36.2983111231624], [-86.8449642952487, 36.2985598258165], [-86.8445594548346, 36.2986483398138], [-86.8439997721137, 36.2995831686192], [-86.8435841579445, 36.3002746666553], [-86.8423885891361, 36.2998275988909], [-86.8411880066449, 36.2994519871922], [-86.8401456982918, 36.2996870624416], [-86.8399365993694, 36.3010903338555], [-86.8389441456779, 36.3010683811769], [-86.8389203717336, 36.2996646674454], [-86.8387230976397, 36.2996225994987], [-86.8385586515773, 36.2995159211769], [-86.8385157322182, 36.2994286588288], [-86.8381655354196, 36.2992863555453], [-86.8381064384274, 36.2991569245821], [-86.8378485161154, 36.2985829220563], [-86.8377605127309, 36.2985714131256], [-86.8368963632622, 36.2976694220782], [-86.8364931569838, 36.2973670090415], [-86.8364373517647, 36.2974139633613], [-86.835144783364, 36.2982846272283], [-86.8346549592819, 36.2982072485576], [-86.8348626814481, 36.2991768720783], [-86.8343478818807, 36.2992740978621], [-86.8309068874897, 36.2989882313483], [-86.8307169669985, 36.2987444852515], [-86.8301073293806, 36.2990211729455], [-86.8298990314153, 36.2982177378651], [-86.8237774166343, 36.2975956589034], [-86.823152682886, 36.2984455394115], [-86.8229275390491, 36.2987578560465], [-86.8221671777763, 36.2988607185468], [-86.8217490548649, 36.2990371358408], [-86.8214758673267, 36.299322961126], [-86.8212555246532, 36.2999132313472], [-86.8212081137365, 36.3000305906114], [-86.8210163939351, 36.3004624720523], [-86.8206238454736, 36.3008974424015], [-86.8196172503056, 36.3012297869253], [-86.81937756612, 36.3014341726038], [-86.8188145707936, 36.3014273422], [-86.817923795259, 36.3014333715804], [-86.8172620149249, 36.3020155101967], [-86.8168749045582, 36.3023555484615], [-86.81635468894, 36.3021782768553], [-86.8160893155567, 36.3020313884109], [-86.8155649132696, 36.3018591205639], [-86.8149476609902, 36.3018153822845], [-86.8140947871563, 36.3015059127419]]]}}, {"id": "4", "type": "Feature", "properties": {"OBJECTID": 5, "CommunityNumber": 14, "CommunityName": "Donelson - Hermitage - Old Hickory", "GlobalID": "4c9ba617-436b-45be-8d80-0740d86a4809"}, "geometry": {"type": "Polygon", "coordinates": [[[-86.580996943239, 36.2093079143329], [-86.5810864078048, 36.2088200031857], [-86.5811512453395, 36.2084663974872], [-86.581171543561, 36.2083673247278], [-86.5812018190076, 36.2082195568151], [-86.5812715313577, 36.2078793077195], [-86.5812765894877, 36.2078546204361], [-86.581309979594, 36.2076916499871], [-86.5813621851416, 36.207436842464], [-86.5813738730025, 36.2073760722704], [-86.5814698826131, 36.2068768794894], [-86.5815123322052, 36.2066396899105], [-86.5809991285591, 36.2065636502029], [-86.5805236338363, 36.206493195753], [-86.5802843286804, 36.2064529033706], [-86.5799505595247, 36.2063967046688], [-86.5757451076308, 36.1946941773389], [-86.5745487641678, 36.191709580661], [-86.5728173681346, 36.1829565392701], [-86.5708946165244, 36.1736899782783], [-86.5691109859801, 36.1706510883809], [-86.5648799825124, 36.1637189145564], [-86.5633058018001, 36.1603551455203], [-86.5630599450544, 36.1599607196368], [-86.5629489122191, 36.1597091970442], [-86.5586115199925, 36.1507964962597], [-86.5578004413621, 36.1490100348874], [-86.5576832999532, 36.1490294622451], [-86.5560403731758, 36.145799309216], [-86.5525150081696, 36.145377349525], [-86.5526736998394, 36.1445767175359], [-86.5508639904452, 36.1443563015109], [-86.5511129766527, 36.1430219888157], [-86.5554151768992, 36.1432146429347], [-86.5556430280768, 36.1418963846299], [-86.5559713451607, 36.1400543496537], [-86.5564414789253, 36.1374296077886], [-86.5568700534284, 36.134979663557], [-86.5606749043243, 36.1266851187623], [-86.5612853109665, 36.1253562308102], [-86.5622524733126, 36.124171497828], [-86.5632423412627, 36.1233710607638], [-86.5639723247708, 36.1229415852946], [-86.5652875216414, 36.1225744170616], [-86.5667066431783, 36.122392191313], [-86.5930671458703, 36.1206353800559], [-86.5937799848297, 36.1205180689792], [-86.5954426687676, 36.1202204164509], [-86.59704097202, 36.1198878032381], [-86.5989550922193, 36.1194245229811], [-86.6020069934239, 36.1183334279706], [-86.6051589158655, 36.1169934704412], [-86.6071489131564, 36.1161030074798], [-86.6094301606526, 36.1153167314845], [-86.6116301604171, 36.1145910765332], [-86.6136030637703, 36.1141369108593], [-86.621141631232, 36.1129396590988], [-86.6237033826498, 36.1126178871731], [-86.6254679873588, 36.1123495965488], [-86.627584113716, 36.1119792058805], [-86.6306656826975, 36.1120841249423], [-86.6311027261877, 36.11211359516], [-86.6352003950886, 36.1126311993233], [-86.6375351762992, 36.1128444848439], [-86.643593479901, 36.1132423999274], [-86.6445668584848, 36.1135060728274], [-86.6455783652035, 36.113916507347], [-86.6469582336791, 36.1145299500463], [-86.6478830293349, 36.1148381489567], [-86.6484170217081, 36.1150208426209], [-86.6497788638135, 36.115498154221], [-86.6499727403188, 36.1155665627485], [-86.6507390340322, 36.1159626465888], [-86.651762924549, 36.1167015776813], [-86.6522285620048, 36.1170743808333], [-86.6530040038528, 36.1176019173572], [-86.6534099314976, 36.1177633421638], [-86.653409378161, 36.1178503933193], [-86.6533528318294, 36.1182819914512], [-86.6531971472065, 36.1194971978592], [-86.6531705866312, 36.1197028278954], [-86.6531551520864, 36.1198214273923], [-86.6531228265625, 36.1200736745192], [-86.6530138840457, 36.1209273654456], [-86.652963451574, 36.1213168767298], [-86.6529296801008, 36.1215848997639], [-86.6529480378163, 36.1217585531499], [-86.6529280018009, 36.121895500476], [-86.6509566089229, 36.1216984072952], [-86.6508094317019, 36.1226414493259], [-86.6503674416348, 36.1253654996794], [-86.6500634467914, 36.1271118744847], [-86.6497850285383, 36.1288301240994], [-86.6495720304108, 36.1301572558395], [-86.6495416834409, 36.1303462644428], [-86.6494656506393, 36.1308207245946], [-86.6491377371732, 36.1307857542435], [-86.6486565288719, 36.1307339963113], [-86.6477718668449, 36.1306380718046], [-86.6474336788264, 36.1306018883435], [-86.6461678947151, 36.1304698102511], [-86.6459590859014, 36.1318422023044], [-86.6457426592865, 36.1332482995846], [-86.6457240742937, 36.133367761521], [-86.6455385680392, 36.1345335298694], [-86.6454650195644, 36.1349962595874], [-86.6454076142969, 36.1353578267642], [-86.6468197138113, 36.135503756875], [-86.646583861433, 36.1371589274832], [-86.6462746545298, 36.1393728308871], [-86.6460733498015, 36.1407838858004], [-86.6460262495552, 36.141125607233], [-86.6458769590362, 36.1422641852948], [-86.6450329985063, 36.1421850862821], [-86.6449908808264, 36.1423681628182], [-86.6448195412651, 36.1434771749654], [-86.6446857741035, 36.1444172131978], [-86.6444688369506, 36.1458035775484], [-86.6443187980998, 36.1464090754374], [-86.6459910775837, 36.1453608365621], [-86.6468747863053, 36.1448111539349], [-86.6487931152796, 36.1436237885917], [-86.6504762523867, 36.1428316418361], [-86.6526409966241, 36.1419717961017], [-86.6540181651091, 36.1416130581576], [-86.6566161104104, 36.1411345222966], [-86.6595504124363, 36.14089016814], [-86.6643387760444, 36.1411595238478], [-86.6676658500076, 36.1413938778035], [-86.6685651424041, 36.1414577602634], [-86.6727635198489, 36.141742800614], [-86.676394507984, 36.1419895062232], [-86.6774881939045, 36.1420671008524], [-86.6787977525981, 36.1421691449685], [-86.6805627687986, 36.1423734738743], [-86.6857611100727, 36.1431337299947], [-86.6879690034785, 36.1434598911765], [-86.6902794777066, 36.1438141412734], [-86.6918748888678, 36.144040812192], [-86.6921926633293, 36.1440859050307], [-86.6927681251606, 36.1441749406281], [-86.6941710797971, 36.1443117854893], [-86.6956161064414, 36.1443695649158], [-86.6973008279114, 36.1442904771232], [-86.6983212749449, 36.1441618158682], [-86.6999199443926, 36.1440230972467], [-86.7019050918184, 36.1436965244286], [-86.7034160205835, 36.1434549935272], [-86.704561998585, 36.143274456471], [-86.7069279505669, 36.1428994325205], [-86.7085441340779, 36.1426251941346], [-86.7102579068116, 36.1423503252542], [-86.7114367749307, 36.1421381002149], [-86.7132537811816, 36.141808991285], [-86.7171635716416, 36.1412147667982], [-86.7188571015845, 36.1409188827802], [-86.7201331602128, 36.1407103726415], [-86.7206067339072, 36.1406465050883], [-86.7214293595966, 36.1405296937979], [-86.722373794661, 36.1404313291402], [-86.7222777480364, 36.1405971707326], [-86.7218172930315, 36.1413841188973], [-86.721744464292, 36.1415224235784], [-86.7216915832405, 36.141666274746], [-86.7216373634393, 36.1419888656753], [-86.721649924565, 36.1421597961672], [-86.7217059450058, 36.1423611996454], [-86.7217695766486, 36.142514998773], [-86.721858964762, 36.1426612610012], [-86.7222143775287, 36.143063819925], [-86.7223120133751, 36.1431792926397], [-86.7223977727992, 36.1432987921709], [-86.7224694218275, 36.1434494524414], [-86.722549813118, 36.1436768067854], [-86.7225858148973, 36.1438645942858], [-86.7225846577833, 36.1439700202985], [-86.7225840546572, 36.1443610909117], [-86.7225509563545, 36.1446721345761], [-86.7225198029488, 36.1451968753542], [-86.7222011596589, 36.1481190267306], [-86.7221825456646, 36.1482137404944], [-86.7221134653791, 36.1487966434189], [-86.7221033740239, 36.1488803499052], [-86.7220542847762, 36.1492602846025], [-86.7218831585708, 36.1506286638472], [-86.7220725467302, 36.1506428113202], [-86.7220212485089, 36.1509612635452], [-86.7220073311063, 36.1511534701527], [-86.7220013141773, 36.151329833817], [-86.7220036630263, 36.1515880444869], [-86.7220148136264, 36.1520793464063], [-86.7220222019747, 36.1525284826333], [-86.7220364734117, 36.153153367235], [-86.72204888448, 36.1538008598029], [-86.7220581804635, 36.1541831848373], [-86.7221238714433, 36.1547018161844], [-86.722210309972, 36.1551272663075], [-86.7223308685015, 36.1555796394056], [-86.722533898922, 36.1561142740197], [-86.7228627516524, 36.1568631996849], [-86.7229863568271, 36.1571364655085], [-86.7233300394117, 36.1579282444306], [-86.7234986682574, 36.1583204510638], [-86.7235692944062, 36.1584903411993], [-86.7236888314999, 36.1587878047912], [-86.7237877768282, 36.1590045730522], [-86.7241560187082, 36.1601085273881], [-86.7241889379334, 36.1602078583341], [-86.7244740805077, 36.1611615076065], [-86.724499321961, 36.1612422914826], [-86.7246921052413, 36.161903020958], [-86.724758924129, 36.162129584465], [-86.7249873299102, 36.1629190877971], [-86.7250107612219, 36.1630006218263], [-86.7250730293635, 36.1632331758584], [-86.7252551758236, 36.163858645389], [-86.7252994891273, 36.1640123176433], [-86.7254021612349, 36.1643557770901], [-86.7241737307113, 36.1643624101401], [-86.7228097962424, 36.1643704718126], [-86.7220349473163, 36.1644668135939], [-86.7211908715082, 36.1646450304737], [-86.7202622532889, 36.1649207195305], [-86.7192826276862, 36.1652244117757], [-86.7180387547997, 36.1655920106092], [-86.7168036373184, 36.1659590683639], [-86.7155244751332, 36.1662303533254], [-86.7148117496166, 36.166400624798], [-86.7123570600819, 36.1677484909308], [-86.711570657133, 36.1682901977304], [-86.7097370356841, 36.1695893723369], [-86.7081709913023, 36.1708477665268], [-86.7064231983635, 36.1725596110863], [-86.705609143627, 36.1735358332945], [-86.7045190143279, 36.1747502075438], [-86.7034575920494, 36.176289668471], [-86.7017777140485, 36.1785852722263], [-86.7009404182257, 36.1795529517293], [-86.6999242362774, 36.1805840065719], [-86.6990250149806, 36.1813165245996], [-86.6979050405476, 36.1822096246333], [-86.6958855190885, 36.1838075056773], [-86.6946938013025, 36.184834382471], [-86.693043753108, 36.1864115678301], [-86.6918282109072, 36.1878760292768], [-86.6908058523365, 36.1892048866404], [-86.6904448865896, 36.1899481112086], [-86.690091914216, 36.1906289471251], [-86.6899421444633, 36.1910938919034], [-86.6898714354895, 36.1919951518408], [-86.6900428258067, 36.1927554924732], [-86.6903456856469, 36.1934750133067], [-86.6909279380114, 36.1943922938494], [-86.6913784433638, 36.19509624048], [-86.6920622773559, 36.1960966951607], [-86.6926258892424, 36.1970285667939], [-86.6934398146733, 36.1982429955549], [-86.6949250189755, 36.2003991282603], [-86.6965246646985, 36.2029742704523], [-86.6975388753288, 36.2047027700993], [-86.6983535400535, 36.2062961028134], [-86.6998418476661, 36.2087966055367], [-86.7008862669387, 36.2105491035889], [-86.7022105534584, 36.2120456869344], [-86.703499680122, 36.2134059195462], [-86.7047381003771, 36.214723793407], [-86.7059820358742, 36.2167041688262], [-86.7064215154503, 36.2174724194384], [-86.7068260036144, 36.2187376346903], [-86.7077424020933, 36.2227635856297], [-86.7081461818928, 36.224471473375], [-86.7087386188684, 36.2261448783087], [-86.7098630863687, 36.2285626021649], [-86.7106259952829, 36.229742574553], [-86.7113467439575, 36.230985126641], [-86.7119120742749, 36.2320554256301], [-86.7123571091763, 36.2333578619791], [-86.712597464172, 36.2344095575681], [-86.7127169468601, 36.2350429899494], [-86.7128501814835, 36.2366428495723], [-86.7124417186078, 36.2379787580293], [-86.7115054848841, 36.239971903868], [-86.710004855326, 36.2414270284947], [-86.708018876226, 36.2429380417116], [-86.7059563022873, 36.2444214608299], [-86.703981592776, 36.2451166420664], [-86.7017400160993, 36.245550316188], [-86.6990164676553, 36.2457905957121], [-86.6950652936053, 36.2461410457543], [-86.6922027833241, 36.2461574796284], [-86.6898796256368, 36.2455082268371], [-86.6881016162909, 36.2448558258763], [-86.6859092851043, 36.2435430394986], [-86.6841237301451, 36.2420072924916], [-86.6831524822973, 36.2400251655583], [-86.6825921935041, 36.2382614985506], [-86.6814896912152, 36.2362859355077], [-86.6803612733281, 36.2334077744782], [-86.6789865288801, 36.231104079263], [-86.6781488146727, 36.2289958245891], [-86.6777232216705, 36.2268045581733], [-86.6777020880794, 36.22433185573], [-86.6776959554572, 36.2236023878603], [-86.6776763516474, 36.2213197333294], [-86.6776533842122, 36.2185831524706], [-86.6773450838197, 36.2144387798634], [-86.6767714901024, 36.2111292654023], [-86.6766232360415, 36.2096946074132], [-86.6766127829749, 36.2084693236991], [-86.676481826523, 36.2066604393551], [-86.6763174660998, 36.2059359929689], [-86.6754291223694, 36.2041053086403], [-86.6736581546766, 36.2014088704309], [-86.6729950487731, 36.1996659316264], [-86.6714732680097, 36.196913813796], [-86.669567597821, 36.1946930290941], [-86.668888176886, 36.1938431190139], [-86.6681214389109, 36.1932661363404], [-86.6673896599946, 36.1930019017591], [-86.6665268781658, 36.1928390303282], [-86.6651832297343, 36.192902823238], [-86.6636151972421, 36.1930003755375], [-86.6617337700797, 36.1933647641209], [-86.6592748911942, 36.1938233394134], [-86.6577545150129, 36.1942312256657], [-86.655699799336, 36.1950597519551], [-86.6530566146775, 36.1962470340837], [-86.6497750460118, 36.1980336246232], [-86.6465676847476, 36.200141693795], [-86.6433381050291, 36.2029088814437], [-86.6407389978129, 36.2057064583421], [-86.6397526649158, 36.2071330571464], [-86.6392651686219, 36.2081482955047], [-86.639013022186, 36.209457722978], [-86.63915970582, 36.2107820363386], [-86.639717477411, 36.2123251347738], [-86.6409794644345, 36.2149102463035], [-86.6418441071786, 36.2169778111519], [-86.6423564168179, 36.2184949852983], [-86.6433407144783, 36.2222442142341], [-86.6441355455858, 36.225236627209], [-86.6455762977558, 36.2287344225072], [-86.6470584536343, 36.2317960598402], [-86.647920447582, 36.2337004729753], [-86.6488994996404, 36.2353552606474], [-86.6499864152368, 36.2366679740129], [-86.6533820641972, 36.2397084523197], [-86.654394978982, 36.2406259381067], [-86.6564396702059, 36.2429443567207], [-86.65760521459, 36.2443246338415], [-86.6578225505968, 36.2445883335652], [-86.6597726215271, 36.2475729802773], [-86.660737326977, 36.2492047697004], [-86.662935860186, 36.2512907359759], [-86.6644714888126, 36.2524256134866], [-86.6663702310365, 36.2534721889426], [-86.6678821741799, 36.2543743719894], [-86.6689121087792, 36.2551437287938], [-86.6702030855907, 36.2562197648846], [-86.6727194982437, 36.2598449756974], [-86.6741975430057, 36.2619389019504], [-86.6755476527465, 36.2633953288154], [-86.677941827016, 36.2653209541448], [-86.6780645896993, 36.2654224231083], [-86.6798363592373, 36.2671006816444], [-86.6808727901638, 36.2681965137206], [-86.6818196673647, 36.2696746367458], [-86.682731206622, 36.2713404826414], [-86.6831634636167, 36.2720463944636], [-86.6835737699725, 36.2728069195066], [-86.6839869276112, 36.2735621343974], [-86.6851013521283, 36.2756680145984], [-86.6857203296539, 36.2772083526078], [-86.6860719010259, 36.2781053044782], [-86.6866072351707, 36.2808629641836], [-86.6867980507195, 36.2832084729382], [-86.6868219780187, 36.285968860581], [-86.6864705160319, 36.2871419541873], [-86.6859730944133, 36.2882681210766], [-86.6850979029146, 36.2893524252989], [-86.684142422052, 36.2904069033615], [-86.6835728007882, 36.2908971676051], [-86.6821163544869, 36.2927636625798], [-86.6817117595307, 36.2933075911232], [-86.6793119193814, 36.2963518697658], [-86.6781139737971, 36.2976320527175], [-86.6767027226005, 36.2988627817807], [-86.6756022070299, 36.2995084277979], [-86.6744302519684, 36.3001207364788], [-86.6731305159149, 36.3005403922337], [-86.6719446566563, 36.3008217951946], [-86.6704885246769, 36.3009963094936], [-86.6688506411867, 36.3008841038431], [-86.6674003586729, 36.3006393993802], [-86.6664247424794, 36.3004427088907], [-86.6654233098716, 36.3002020298584], [-86.6646478445824, 36.2999958108036], [-86.6635445778429, 36.2996492319618], [-86.6629323634841, 36.2994342083932], [-86.662248699224, 36.299196567468], [-86.6617216555765, 36.2989697400783], [-86.6599407965939, 36.2982438081507], [-86.6584031166066, 36.2975797056498], [-86.6573900756019, 36.2971084517893], [-86.6566742377066, 36.296771720947], [-86.6529839845606, 36.2947764814006], [-86.6461386790632, 36.2910205869582], [-86.6454054638905, 36.2906727227202], [-86.6447249815363, 36.2900284175047], [-86.6445089852015, 36.2896501470771], [-86.6442320884556, 36.2890845498772], [-86.6440484910202, 36.2884128690739], [-86.6439539977202, 36.2877453487225], [-86.6439344921391, 36.2870674710472], [-86.6439584242244, 36.2865157215736], [-86.6440684405189, 36.2860668674042], [-86.6439935877444, 36.2786316046215], [-86.6438926997388, 36.2749314735583], [-86.6437912324288, 36.2746561162331], [-86.6437614214302, 36.2744839032416], [-86.643742523154, 36.2739323798129], [-86.643739349041, 36.2735416414755], [-86.6438192913367, 36.2725248397622], [-86.6438032579227, 36.2722215575069], [-86.6438412266013, 36.2720931064314], [-86.6437466949075, 36.2711572389539], [-86.6436728633592, 36.2705769927489], [-86.6436589545355, 36.2688645060873], [-86.6437456640182, 36.2673240264693], [-86.6437284884336, 36.26520946808], [-86.6436803963616, 36.2645087321943], [-86.6436037545074, 36.2638426570032], [-86.6435572493651, 36.2633371188896], [-86.6432739799254, 36.2616607431927], [-86.6431279387979, 36.2611672373563], [-86.6428201961758, 36.2599737702889], [-86.6426612880877, 36.2596181958133], [-86.6425594730514, 36.2592969980578], [-86.6425149762007, 36.2590903532533], [-86.642284805941, 36.2586778140236], [-86.6422104973167, 36.2585068664966], [-86.6422112121604, 36.2583334599899], [-86.64205226023, 36.2580240683041], [-86.6419508209574, 36.2577487080416], [-86.6416760708478, 36.2571180198782], [-86.6415168971096, 36.2567282795656], [-86.641386964041, 36.2564415670547], [-86.6412569402441, 36.2561435235933], [-86.6410117199819, 36.2556505408046], [-86.6407408870389, 36.2555026104329], [-86.6404988293501, 36.255400367087], [-86.6379537824904, 36.2548163634787], [-86.6358069723012, 36.2542988859389], [-86.6342228125716, 36.2536809007481], [-86.632874747724, 36.2531076702944], [-86.6308818264092, 36.2523135715285], [-86.629587091865, 36.2517235440876], [-86.6277772715376, 36.2509160785395], [-86.6262677751898, 36.2502344206888], [-86.6209483113576, 36.2478517462223], [-86.6192904014114, 36.2470407974307], [-86.6183930029589, 36.2466087959414], [-86.6177378574243, 36.2462558985534], [-86.6168974549528, 36.245846428782], [-86.6161709307284, 36.2454708813686], [-86.6147610704618, 36.2447653938928], [-86.6146433482427, 36.2446717371037], [-86.6143663396023, 36.2445361404139], [-86.6138071006766, 36.2443566521095], [-86.6133102033354, 36.2442901576869], [-86.6125434734992, 36.244248035533], [-86.610746591676, 36.2441396990014], [-86.6103148371592, 36.2441099471739], [-86.6093778867487, 36.2441466102436], [-86.6086699567478, 36.2441985943409], [-86.6027699357814, 36.2445011551978], [-86.5981637933711, 36.2447717908386], [-86.5958855999493, 36.2451447910139], [-86.5941249519912, 36.245515375864], [-86.5931130684668, 36.2422253490424], [-86.59329485656, 36.2414245707013], [-86.593788801766, 36.2414412011601], [-86.5938095420346, 36.2410410704216], [-86.5950821564359, 36.2414538946311], [-86.5953989170334, 36.2398333328439], [-86.5934493330057, 36.2400334971283], [-86.5933548088001, 36.2399767898989], [-86.5934707919725, 36.2397858201527], [-86.5935466724818, 36.2383147826406], [-86.593622271241, 36.2380519027898], [-86.5937112303766, 36.2373657503279], [-86.5910037019639, 36.2368648256745], [-86.5896110296356, 36.2329480803904], [-86.5884594991415, 36.2298111436298], [-86.5880037715789, 36.2285943871883], [-86.5872596081492, 36.226483856243], [-86.5868128186061, 36.2253817377183], [-86.5862749385857, 36.2237079984906], [-86.5848890838177, 36.2200205271449], [-86.5844039503449, 36.2185935798384], [-86.5840202322063, 36.2175859150662], [-86.5832762793491, 36.2154755246311], [-86.5830603590183, 36.214867077134], [-86.5826057788583, 36.2137835198519], [-86.580996943239, 36.2093079143329]]]}}, {"id": "5", "type": "Feature", "properties": {"OBJECTID": 6, "CommunityNumber": 5, "CommunityName": "East Nashville", "GlobalID": "4f4b0235-cfd0-43e5-b55e-a65e565639c9"}, "geometry": {"type": "Polygon", "coordinates": [[[-86.7127169468601, 36.2350429899494], [-86.712597464172, 36.2344095575681], [-86.7123571091763, 36.2333578619791], [-86.7119120742749, 36.2320554256301], [-86.7113467439575, 36.230985126641], [-86.7106259952829, 36.229742574553], [-86.7098630863687, 36.2285626021649], [-86.7087386188684, 36.2261448783087], [-86.7081461818928, 36.224471473375], [-86.7077424020933, 36.2227635856297], [-86.7068260036144, 36.2187376346903], [-86.7064215154503, 36.2174724194384], [-86.7059820358742, 36.2167041688262], [-86.7047381003771, 36.214723793407], [-86.703499680122, 36.2134059195462], [-86.7022105534584, 36.2120456869344], [-86.7008862669387, 36.2105491035889], [-86.6998418476661, 36.2087966055367], [-86.6983535400535, 36.2062961028134], [-86.6975388753288, 36.2047027700993], [-86.6965246646985, 36.2029742704523], [-86.6949250189755, 36.2003991282603], [-86.6934398146733, 36.1982429955549], [-86.6926258892424, 36.1970285667939], [-86.6920622773559, 36.1960966951607], [-86.6913784433638, 36.19509624048], [-86.6909279380114, 36.1943922938494], [-86.6903456856469, 36.1934750133067], [-86.6900428258067, 36.1927554924732], [-86.6898714354895, 36.1919951518408], [-86.6899421444633, 36.1910938919034], [-86.690091914216, 36.1906289471251], [-86.6904448865896, 36.1899481112086], [-86.6908058523365, 36.1892048866404], [-86.6918282109072, 36.1878760292768], [-86.693043753108, 36.1864115678301], [-86.6946938013025, 36.184834382471], [-86.6958855190885, 36.1838075056773], [-86.6979050405476, 36.1822096246333], [-86.6990250149806, 36.1813165245996], [-86.6999242362774, 36.1805840065719], [-86.7009404182257, 36.1795529517293], [-86.7017777140485, 36.1785852722263], [-86.7034575920494, 36.176289668471], [-86.7045190143279, 36.1747502075438], [-86.705609143627, 36.1735358332945], [-86.7064231983635, 36.1725596110863], [-86.7081709913023, 36.1708477665268], [-86.7097370356841, 36.1695893723369], [-86.711570657133, 36.1682901977304], [-86.7123570600819, 36.1677484909308], [-86.7148117496166, 36.166400624798], [-86.7155244751332, 36.1662303533254], [-86.7168036373184, 36.1659590683639], [-86.7180387547997, 36.1655920106092], [-86.7192826276862, 36.1652244117757], [-86.7202622532889, 36.1649207195305], [-86.7211908715082, 36.1646450304737], [-86.7220349473163, 36.1644668135939], [-86.7228097962424, 36.1643704718126], [-86.7241737307113, 36.1643624101401], [-86.7254021612349, 36.1643557770901], [-86.7260669979447, 36.1643078263493], [-86.7269023810556, 36.1642938699521], [-86.7277671533772, 36.1642522599253], [-86.7291844359564, 36.164243705453], [-86.7321680144293, 36.164083653799], [-86.7337865417703, 36.1638568061342], [-86.7360233454232, 36.1636321769797], [-86.7382106881684, 36.1633269420582], [-86.7398029437912, 36.1631017193818], [-86.7424546683661, 36.1625109552783], [-86.7442004264373, 36.1619949142312], [-86.7457141672189, 36.1615753988218], [-86.747665692945, 36.1609704728118], [-86.7502287898433, 36.1603799141001], [-86.7512545828099, 36.1602212422592], [-86.7534131055537, 36.1599291302783], [-86.7553171778023, 36.1595985680971], [-86.7569511050377, 36.1594042770324], [-86.7587195308444, 36.1591057596429], [-86.7594272260968, 36.1590295410952], [-86.7602163500691, 36.1590147863357], [-86.7602411647535, 36.1596564151639], [-86.7604361765427, 36.1610057164275], [-86.7606510764855, 36.161690100153], [-86.7609687115443, 36.1622684167875], [-86.7612718265462, 36.1626569327875], [-86.7621132731705, 36.1634103405504], [-86.7628777197305, 36.1641446058855], [-86.7633596252475, 36.1646061846915], [-86.7639824875594, 36.1653027465863], [-86.7646514549373, 36.1662122544215], [-86.7651308319885, 36.1670516396585], [-86.7656834145271, 36.1679748797625], [-86.7668322885363, 36.1698384563253], [-86.7674149368861, 36.1706247571984], [-86.7677958572218, 36.1711617396573], [-86.7686297731978, 36.1720625635884], [-86.7694413312783, 36.172900691918], [-86.7695814190957, 36.1730449629596], [-86.7700821992493, 36.173542273037], [-86.7710163022015, 36.1746124729], [-86.771595854413, 36.1753262686499], [-86.7721923368241, 36.1762290290895], [-86.7725472487217, 36.1767761274655], [-86.7741456529961, 36.1768591156359], [-86.7758283736338, 36.1769449746083], [-86.7771542123031, 36.176773018525], [-86.7803037540963, 36.1760320350338], [-86.7808138150542, 36.1772395586303], [-86.7814907828802, 36.1796194581211], [-86.7818412424424, 36.182001639308], [-86.782026501098, 36.1842523426705], [-86.7823769972114, 36.1866345192833], [-86.7823965916701, 36.1886213735382], [-86.7825757712336, 36.1902097277757], [-86.7830186149757, 36.192072278706], [-86.7815277503516, 36.1921013394822], [-86.7797749876529, 36.1922496818512], [-86.7778226919706, 36.1926140695701], [-86.7770473124577, 36.1931614335512], [-86.7764977900152, 36.1939758643698], [-86.7760606543025, 36.1949772280215], [-86.7760782876706, 36.1966929908836], [-86.7763272611864, 36.1980873307646], [-86.7767542109092, 36.2003049618092], [-86.7768528783233, 36.2020737682106], [-86.7768104541731, 36.203106243356], [-86.7766272155991, 36.2042965487918], [-86.7765023139831, 36.2058200724054], [-86.7764236088132, 36.2063498992074], [-86.7761832635911, 36.2082187319537], [-86.776141112757, 36.2085093719244], [-86.7760058506128, 36.2096740178058], [-86.775982268787, 36.2098910664139], [-86.7758879184374, 36.2106525108837], [-86.7758120457561, 36.211250158711], [-86.7755268970863, 36.2135133536147], [-86.7754605393812, 36.2140911082913], [-86.775403465077, 36.2145531644766], [-86.7753347040321, 36.2150615350683], [-86.7752264113089, 36.215915459264], [-86.7751637096243, 36.2164260592451], [-86.7750806101103, 36.216941833118], [-86.7750550489351, 36.2174048722979], [-86.7748689730293, 36.2185277141104], [-86.7746863411336, 36.2194561966969], [-86.774663455851, 36.219559258733], [-86.7744746406631, 36.2202679057171], [-86.7744393124187, 36.2203981125926], [-86.7742453150698, 36.2210576089637], [-86.7741466965171, 36.222058045509], [-86.7740906885306, 36.2227872783016], [-86.7741618009847, 36.2236052058278], [-86.7742622270652, 36.224192776353], [-86.7744564676942, 36.2246902333318], [-86.7746187734512, 36.2251495325161], [-86.7743539935727, 36.2255092732047], [-86.7740111750149, 36.2259590229263], [-86.7736842616882, 36.2264214571212], [-86.7732798080796, 36.2270250482116], [-86.773016692402, 36.2275254570579], [-86.7724841574711, 36.2284916227295], [-86.7721665520472, 36.2290948098356], [-86.7711562691609, 36.2304804775557], [-86.7706677979152, 36.2310439508042], [-86.7697957045664, 36.2318558698321], [-86.7696117414739, 36.2320215954285], [-86.7682515264116, 36.2331857076171], [-86.7668300413068, 36.2342018652588], [-86.7653838482061, 36.2350332535974], [-86.7637741947875, 36.2357511415721], [-86.7635903261579, 36.2358479344413], [-86.7626491174774, 36.2362626704021], [-86.7616991449535, 36.2364721147871], [-86.7607873824395, 36.2367769414862], [-86.7594163409737, 36.237190581007], [-86.7583346956392, 36.237506243069], [-86.7569861914378, 36.2379804039649], [-86.7561751308932, 36.2382707675786], [-86.7557409615409, 36.2384286677395], [-86.7546836262232, 36.2389414145141], [-86.7532707554923, 36.2397333022873], [-86.7521261283765, 36.2404311352682], [-86.751619486324, 36.2407776646241], [-86.7509865531984, 36.2407085875046], [-86.7508219708803, 36.2406918212961], [-86.7501769213919, 36.2406256835786], [-86.7488432198304, 36.2404946089565], [-86.7485066127326, 36.2404606656294], [-86.7476433750791, 36.2403622998761], [-86.7469761842343, 36.2402361157502], [-86.7456761203938, 36.2399984615161], [-86.7444141001546, 36.2396425199319], [-86.7430626018874, 36.2392864357019], [-86.7421173869244, 36.2389718758542], [-86.7395948328238, 36.2382920500115], [-86.7394818249856, 36.2382658005138], [-86.7380953502375, 36.2379789210191], [-86.7368715494159, 36.2377806707027], [-86.7367201945974, 36.2377668721348], [-86.7350177768115, 36.2376259803527], [-86.7344661871692, 36.2376106211217], [-86.732226391664, 36.2374128033415], [-86.7305514128762, 36.2372463435239], [-86.7293004527981, 36.2369543064719], [-86.7273104989751, 36.2361303545879], [-86.7262057156773, 36.2355979006207], [-86.7254929626267, 36.235367968711], [-86.7248149524194, 36.2351528594465], [-86.7229732311671, 36.2346019265197], [-86.7214508170071, 36.234327571354], [-86.7200824219873, 36.2342660489443], [-86.7188319017555, 36.2342841230402], [-86.7167048183816, 36.2345605567418], [-86.7150431125388, 36.2347778328523], [-86.7127169468601, 36.2350429899494]]]}}, {"id": "6", "type": "Feature", "properties": {"OBJECTID": 7, "CommunityNumber": 6, "CommunityName": "Bellevue", "GlobalID": "16db7612-099f-4067-963e-f8f35eeed9bb"}, "geometry": {"type": "Polygon", "coordinates": [[[-86.8852450556538, 36.078931817624], [-86.8856200388742, 36.0784945613616], [-86.8860219318554, 36.0781482133696], [-86.8865100653327, 36.0777942200104], [-86.8886204478687, 36.0766013227623], [-86.8909365229036, 36.0752807226259], [-86.8924190832037, 36.0743096481135], [-86.8933431364613, 36.0735739605419], [-86.8942922039483, 36.0727609923021], [-86.8954093508545, 36.0717261956286], [-86.896463553595, 36.0707625179774], [-86.8971063224896, 36.070111464882], [-86.8976154228271, 36.0694979752861], [-86.8983329150273, 36.0685367871877], [-86.898818654156, 36.0678415662172], [-86.8995474327648, 36.0668711861275], [-86.900164946838, 36.0659746039878], [-86.9007394851106, 36.0652057396698], [-86.9013809353474, 36.0644454720456], [-86.9021466884753, 36.0637570706019], [-86.9028470496783, 36.063233125882], [-86.9040723587654, 36.0625685687236], [-86.9046540977288, 36.0623202570465], [-86.9041902321346, 36.0615539768066], [-86.9039341322867, 36.0611251062022], [-86.903820340528, 36.0609370911899], [-86.9036780352031, 36.0606962350101], [-86.9035935809784, 36.0605589942709], [-86.9033735403442, 36.0601392955055], [-86.9031266651331, 36.0597026275352], [-86.9028021058881, 36.0589796326464], [-86.9026871165578, 36.0586856874618], [-86.9024895866774, 36.0582780593399], [-86.902184177773, 36.0578580886117], [-86.9019202549965, 36.0575577026455], [-86.9016763378519, 36.0572409237407], [-86.9015033764343, 36.0569053769332], [-86.901337654767, 36.0564978316994], [-86.9011954669066, 36.0560345119278], [-86.9011195307747, 36.055730944137], [-86.9010035099746, 36.055444026247], [-86.900819102928, 36.0551641599679], [-86.9004885382291, 36.0547807363078], [-86.9002160616294, 36.0545473111119], [-86.899960543556, 36.0543889741469], [-86.8996607308978, 36.0542309673004], [-86.8992965615742, 36.0540799828099], [-86.8986819439111, 36.0538621878112], [-86.8991680928918, 36.053403990529], [-86.8996987908922, 36.0528956888865], [-86.9002937559601, 36.0523091183019], [-86.9010392417915, 36.0515797151707], [-86.9029789539089, 36.0497060942165], [-86.9133717067515, 36.0509623582104], [-86.9235358794298, 36.052267246686], [-86.9286595932208, 36.0529244580515], [-86.9336569404166, 36.0498733814412], [-86.9369513671909, 36.0477439789412], [-86.943732194396, 36.0436724347319], [-86.9462218199796, 36.0421771504653], [-86.9536708316564, 36.0377031577867], [-86.9538070979811, 36.0375724455084], [-86.9543574791251, 36.0371053552731], [-86.9549253209794, 36.0366140859994], [-86.9560191306002, 36.0358779179855], [-86.9592761629675, 36.0337948882729], [-86.9635160029492, 36.0310512784164], [-86.9638725654174, 36.0308209230145], [-86.9648952431962, 36.0301589008211], [-86.9707449216272, 36.0263734669206], [-86.9721274630514, 36.0254876740282], [-86.9739405255553, 36.0244115743561], [-86.9799091026391, 36.0206357112895], [-86.9810365458581, 36.0199210140634], [-86.984007314968, 36.0180379439783], [-86.9841046177429, 36.0179761950708], [-86.9884772395962, 36.0152031261465], [-86.9898273097261, 36.0143546504718], [-86.9919608294796, 36.0129844327874], [-86.9940720461083, 36.0116279248135], [-86.9985428859466, 36.0087882517229], [-86.9996112841608, 36.008110094662], [-87.00413542554, 36.0052385162965], [-87.0044708462718, 36.0050257274003], [-87.007302880652, 36.0032208339256], [-87.0105965175756, 36.0011350432547], [-87.0141972644645, 35.9988542671349], [-87.0160743253077, 35.9976526653807], [-87.0164260079221, 35.9974276858972], [-87.0197067843655, 35.9953317891967], [-87.0242569196851, 35.9924250457588], [-87.0247900365676, 35.9920843152218], [-87.028544905971, 35.9898577623675], [-87.0343629920764, 35.9896892805953], [-87.0394983478338, 35.9895636726782], [-87.0402935568214, 35.9919513839478], [-87.041004484101, 35.9948375860974], [-87.0416453222641, 35.9974342102389], [-87.0421929615516, 35.99965577789], [-87.0429955837958, 36.0029170294805], [-87.0436899117991, 36.0057472074306], [-87.0443396924358, 36.0083998819819], [-87.0447019151044, 36.009880254685], [-87.0447733660817, 36.0101713582831], [-87.0456852543511, 36.0138827018619], [-87.0463161941504, 36.0165068513313], [-87.0470090232937, 36.0193656910711], [-87.0471927381093, 36.0201233632595], [-87.0483401606215, 36.0248485964878], [-87.0497809667436, 36.030330526518], [-87.0498241769734, 36.0304972163255], [-87.0512232398481, 36.0358124214379], [-87.0520551981737, 36.0390941127261], [-87.0526183604395, 36.0412947058754], [-87.0527414650771, 36.0417781731759], [-87.0540187472156, 36.0467769228664], [-87.0543813985665, 36.0481990461045], [-87.0548505860751, 36.0500003827745], [-87.0546811932316, 36.0499821196731], [-87.0543858982752, 36.0499725128101], [-87.0542384629871, 36.0499518248544], [-87.0540938570465, 36.0498893884861], [-87.0539962859037, 36.0498660319549], [-87.053863227008, 36.0498452178062], [-87.0537139551036, 36.0498135563712], [-87.0533761930975, 36.0497265375338], [-87.0531682804732, 36.0496734101782], [-87.0524537802786, 36.04955757234], [-87.0521576302713, 36.0494832360098], [-87.0518454294098, 36.0494102409617], [-87.0516731221659, 36.0493633249234], [-87.0515193035136, 36.0493074905403], [-87.051357306079, 36.0492407384151], [-87.0512129675565, 36.0491662771686], [-87.0510876245239, 36.049089246253], [-87.0510107331892, 36.0490306798288], [-87.0509384476015, 36.0489686391593], [-87.0508548055526, 36.0488792252249], [-87.0507738186531, 36.0487987165627], [-87.0507038524861, 36.0487201721781], [-87.050651265202, 36.0486447385689], [-87.0506015810165, 36.048564987088], [-87.0505456876815, 36.0484313754191], [-87.0503931296014, 36.0480547900622], [-87.0502533652905, 36.0478142523614], [-87.0500061022907, 36.0473426823172], [-87.0499064761213, 36.0471634353397], [-87.0498432477572, 36.0470825996225], [-87.0497772639375, 36.0470172410211], [-87.0496870938287, 36.0469455683996], [-87.0495235871933, 36.0468601114976], [-87.0490958847666, 36.0467494823983], [-87.0489618403886, 36.046749619056], [-87.0484792676175, 36.0467747662528], [-87.0479480379078, 36.0468298673242], [-87.0477273071927, 36.0469262224918], [-87.0472228453773, 36.04715158728], [-87.0470439598969, 36.04721461083], [-87.0469264294012, 36.0472485986423], [-87.046737502202, 36.0472876707526], [-87.0462944911866, 36.0473310092896], [-87.0461065562252, 36.0473491242032], [-87.0459671159347, 36.0473570309306], [-87.0458331270071, 36.0473614561563], [-87.0457315930468, 36.0473578730355], [-87.0456260821087, 36.0473412750206], [-87.0454970703103, 36.047306165336], [-87.0452716894449, 36.0472421870789], [-87.0449493727113, 36.0471383557287], [-87.0448211808305, 36.0470690696115], [-87.0447434933249, 36.0470137684502], [-87.0446394796151, 36.0469180021923], [-87.0445189723864, 36.0467255391427], [-87.0444487547626, 36.0466272476615], [-87.0443664769406, 36.0462225734027], [-87.0443510971985, 36.0460819114166], [-87.0443415343334, 36.0459655806355], [-87.044345006275, 36.0458436424378], [-87.0443585804011, 36.0457181826554], [-87.0443416697264, 36.0455897247322], [-87.0442910418216, 36.0454375207775], [-87.0442640507522, 36.0453464094357], [-87.0442413915307, 36.0452631588217], [-87.0442194075221, 36.0451347448334], [-87.0442057184567, 36.0450261763454], [-87.0441868092092, 36.044906492483], [-87.0441377662019, 36.0447783129372], [-87.0440598342421, 36.0446076299684], [-87.0440109945917, 36.0444949017488], [-87.043953624709, 36.0443765812539], [-87.0439012688118, 36.0442858612554], [-87.0438664055394, 36.0442070088177], [-87.0438407739562, 36.0441227536514], [-87.0438235532488, 36.0440349915896], [-87.0438031407745, 36.0439295719032], [-87.0437896959927, 36.0438395450049], [-87.0437742636206, 36.0436947624972], [-87.0437283100897, 36.0435763429942], [-87.0436281230179, 36.0434817446041], [-87.0434960744483, 36.0434080262383], [-87.0433262092149, 36.0433524921274], [-87.0432267552808, 36.0433136900922], [-87.0431259474448, 36.0432683750331], [-87.0429710246575, 36.0432236999797], [-87.0428038719431, 36.0431492544787], [-87.042632376773, 36.0430660895363], [-87.0424835842823, 36.0429729409548], [-87.0423607534361, 36.0428926169457], [-87.0422527362268, 36.0428133665971], [-87.0421321702128, 36.0427122468677], [-87.0420346417805, 36.0425944444443], [-87.0419591056917, 36.0425092467938], [-87.0418914766933, 36.0424143654359], [-87.0418583073832, 36.042335497761], [-87.0418203862198, 36.042248944585], [-87.041769289015, 36.0421571825565], [-87.0416970411657, 36.0420324649281], [-87.0416349068379, 36.0419373642201], [-87.041177923979, 36.0422677184724], [-87.0408934390626, 36.0468910083187], [-87.0406178221902, 36.0523878316449], [-87.0405993857872, 36.0527561182635], [-87.0403485102338, 36.0578845925345], [-87.0401091304693, 36.0608888495499], [-87.0399078869422, 36.0633828235142], [-87.039727387177, 36.0656206109225], [-87.039465510957, 36.0688810603114], [-87.0390137137802, 36.0798737752093], [-87.0389097387315, 36.0814658155872], [-87.0388646050212, 36.0821552366022], [-87.0386774159997, 36.0821073998359], [-87.0383594836495, 36.0820254904005], [-87.0381936470712, 36.0819929219819], [-87.0379387500172, 36.0819434350075], [-87.0376635995743, 36.0819303505107], [-87.0375228422061, 36.081939288409], [-87.0371821367993, 36.0819599050361], [-87.0369334055623, 36.0819938090771], [-87.0367579402118, 36.0820337788837], [-87.0365150390735, 36.0820930435139], [-87.0363020114928, 36.0821398601789], [-87.0359797068764, 36.0822415292967], [-87.0357331050199, 36.0823415170187], [-87.0355724768092, 36.0825786408168], [-87.0354694635919, 36.0826272581738], [-87.0354059773085, 36.0827224100596], [-87.0353471257941, 36.0828810510663], [-87.0353317452057, 36.0829668613903], [-87.0352674225758, 36.0833224890825], [-87.0353068279945, 36.0836518144437], [-87.0353603668782, 36.0842215698703], [-87.035451912389, 36.0850131783466], [-87.0355128083306, 36.0852059893182], [-87.0355237752086, 36.0853981988924], [-87.0355333522608, 36.0855486973474], [-87.0355319352178, 36.085861889906], [-87.0355172814028, 36.0861982038936], [-87.0355150405855, 36.0865455717248], [-87.0356248093348, 36.0865928765474], [-87.0385448219346, 36.0869798393502], [-87.0383570376063, 36.0908682226262], [-87.038346588271, 36.0911045712677], [-87.0383032238491, 36.0919301328826], [-87.0382192831704, 36.0935681823718], [-87.0381733720146, 36.0944257014436], [-87.0379900531825, 36.094579061943], [-87.0373083126789, 36.0951541121499], [-87.0361059522726, 36.0961699209108], [-87.0358870269407, 36.0963838504828], [-87.0357541727307, 36.0965141095932], [-87.0294246819861, 36.1019335633315], [-87.0257091112601, 36.1050228364204], [-87.0227473277748, 36.1074847380714], [-87.0160694632082, 36.1130355317897], [-87.0156490613993, 36.1133874484103], [-87.0093339570057, 36.118586422513], [-87.0056076662306, 36.1216536777401], [-87.0025903142559, 36.1241369890606], [-87.0024377665446, 36.1242910676475], [-87.0017633598684, 36.1248503945984], [-86.9997459995011, 36.1265276165242], [-86.9982513058765, 36.1277662569167], [-86.9979378399034, 36.1280171247282], [-86.9978847347943, 36.1283384662116], [-86.997696020301, 36.1294895400454], [-86.9976657209753, 36.1296721330498], [-86.9974567102162, 36.1309265638878], [-86.9971457259419, 36.1327917047601], [-86.9969370307688, 36.1340725722805], [-86.9967527453452, 36.1351739856984], [-86.9964782667658, 36.1368135546567], [-86.9961002105025, 36.1390726008273], [-86.9958311769086, 36.1406758934804], [-86.9956874176465, 36.1415341896101], [-86.9950466435527, 36.1461766552929], [-86.9946903834596, 36.1484586900799], [-86.9941819842499, 36.1516780633436], [-86.9933239794898, 36.1571794014508], [-86.9928210676357, 36.1602031540306], [-86.9924137738561, 36.1626811537004], [-86.9921324093862, 36.1643944133815], [-86.9915635732787, 36.1681823970098], [-86.9913736393862, 36.1694541591613], [-86.9913088623483, 36.1698964631355], [-86.9911963623, 36.1704512759212], [-86.9905701155223, 36.1736848009559], [-86.9905239269034, 36.1739204022379], [-86.9899664774226, 36.1767994928906], [-86.989823594708, 36.1775346603069], [-86.989783056652, 36.1777482377452], [-86.989691570298, 36.1782237241424], [-86.9895040983208, 36.1791877822033], [-86.9894722722223, 36.1793528700836], [-86.989046758555, 36.1815408292667], [-86.9889043935882, 36.182284918385], [-86.9884375096911, 36.1846907492573], [-86.9880868618163, 36.1865001889888], [-86.9873707730916, 36.1901936985896], [-86.9867901409505, 36.1932027502012], [-86.9863102425928, 36.1956965782411], [-86.986217094991, 36.1961780821798], [-86.9861661577212, 36.1964427351896], [-86.9854789864159, 36.2000570066477], [-86.9852605794864, 36.2011993503025], [-86.9849749091573, 36.2026916383469], [-86.9849442818403, 36.2028524216903], [-86.9843071632225, 36.2061386797981], [-86.9841963661022, 36.2067022221909], [-86.9837842708793, 36.2087998955341], [-86.9836494764146, 36.2095131772628], [-86.9827951722526, 36.2093730925567], [-86.9801124345784, 36.2089790023357], [-86.9771277688688, 36.208654636487], [-86.9738045515668, 36.2083922372877], [-86.9715527254795, 36.2083429592435], [-86.9699722195869, 36.2083339123319], [-86.9687097610003, 36.2083266731442], [-86.9670105108919, 36.2082416169146], [-86.9655584684592, 36.2080992249275], [-86.9637759101931, 36.2077956152253], [-86.9607948931492, 36.2069439214241], [-86.959881326669, 36.2067105510086], [-86.9568677191961, 36.206021960914], [-86.9558774533429, 36.2057965005027], [-86.9549566000313, 36.205638281199], [-86.9539852439227, 36.2054966159162], [-86.9519724283297, 36.2053113934629], [-86.9511505412597, 36.2051900733114], [-86.9504386829699, 36.2049662348379], [-86.9492703646024, 36.2043844579594], [-86.9484447216763, 36.2039063070407], [-86.9475878908758, 36.2033456232261], [-86.9468514612421, 36.2028164117802], [-86.9452831273042, 36.2012966856363], [-86.9440098726971, 36.2001961409968], [-86.9434339831411, 36.199706182134], [-86.9425440290432, 36.1988421702877], [-86.9421063525155, 36.1982331683419], [-86.9417878858007, 36.1975223343809], [-86.9415490381831, 36.1967784561021], [-86.9414382844538, 36.1961857192701], [-86.9413521127503, 36.1953533518462], [-86.9412407704932, 36.1943977238109], [-86.9411964420318, 36.1931902896131], [-86.9412669937857, 36.1916576764409], [-86.9414601560791, 36.1901323065798], [-86.9416671434715, 36.1890363936098], [-86.9418463895838, 36.1877375233254], [-86.9419558370015, 36.1872427344546], [-86.9420885804806, 36.1866903469798], [-86.9422185674174, 36.1862807520567], [-86.9423974116789, 36.1857172058685], [-86.9424424609253, 36.1852773023328], [-86.9424373283001, 36.183161695426], [-86.942209631243, 36.1799859481374], [-86.9420409112452, 36.1792496241903], [-86.9419543873278, 36.1786990953067], [-86.9418857433863, 36.177970098493], [-86.9417511378846, 36.1750530083868], [-86.9417133537681, 36.174396721739], [-86.9416699912022, 36.1732703338881], [-86.9416201944516, 36.1724439137572], [-86.9416391859861, 36.1673045904368], [-86.9416574381844, 36.1663155195107], [-86.9416073574209, 36.1654647835431], [-86.9413643112242, 36.1637151537604], [-86.9409195751903, 36.1614171616089], [-86.940331217714, 36.1590061658999], [-86.9402650064176, 36.158479793662], [-86.9402387741109, 36.1579531098461], [-86.9401903552468, 36.1563971386396], [-86.9401018528906, 36.1556763954404], [-86.9400153681222, 36.1551258616808], [-86.9398274036125, 36.1544464219894], [-86.9395297940443, 36.1537921545129], [-86.9393155969029, 36.1534290522985], [-86.9390401453538, 36.1531123399287], [-86.9372884282426, 36.1515272135595], [-86.9334788923996, 36.1481274845994], [-86.9331012611974, 36.1477057984346], [-86.9323309908889, 36.146795774186], [-86.9311143758236, 36.1453217713427], [-86.9292872131278, 36.1429121619709], [-86.9287490501941, 36.1421867648748], [-86.928101506477, 36.1414958338728], [-86.9270504632755, 36.1405056720517], [-86.9267204507669, 36.1402169636375], [-86.9254281317155, 36.1393589666616], [-86.9240802636228, 36.1386073335055], [-86.9231468184392, 36.1382578150195], [-86.9207335763223, 36.1376679178571], [-86.9193395704782, 36.1374114357218], [-86.9180281446238, 36.137210666529], [-86.9133937032684, 36.1365487236529], [-86.9115509534286, 36.1361978902177], [-86.9102387280695, 36.1359240881078], [-86.9093870790663, 36.135727859553], [-86.9084362547244, 36.1355972223153], [-86.9071766055508, 36.1355499586902], [-86.9057983461674, 36.135617056264], [-86.9045965387572, 36.1357322474148], [-86.9010236758629, 36.1364045576994], [-86.8990159682717, 36.1370154890642], [-86.8982196140047, 36.1374212985401], [-86.8976640344212, 36.1378560449028], [-86.8966884568343, 36.1385951578642], [-86.8958069026525, 36.1392907163873], [-86.8935818444814, 36.1413742426894], [-86.8927133247172, 36.1423452834388], [-86.8919545265227, 36.1432992939105], [-86.8918387411205, 36.1432291711578], [-86.8917085462095, 36.1431717571851], [-86.8914691884742, 36.1430447547921], [-86.8913136726316, 36.142956794104], [-86.8911363669208, 36.1428511378909], [-86.890935391919, 36.1427489183956], [-86.890866931095, 36.1426845232546], [-86.8907690353798, 36.1426002570927], [-86.890665010038, 36.1425733821653], [-86.8905257503919, 36.1425380107698], [-86.8904087484399, 36.1425242802024], [-86.8902200620612, 36.1425361458791], [-86.8900936280055, 36.1425873852318], [-86.889985706633, 36.1426283579063], [-86.8898196699271, 36.1426591140068], [-86.8897058082339, 36.142623382666], [-86.8895930107553, 36.142569272029], [-86.8894465589946, 36.1424965229534], [-86.8893626617195, 36.1424145561932], [-86.8892562031237, 36.1423593683495], [-86.889122499906, 36.1422908172925], [-86.8889300527393, 36.1422314553288], [-86.8888848195754, 36.1421239642394], [-86.8888234890855, 36.1419777886881], [-86.8885755917022, 36.1416166517589], [-86.888437490528, 36.1414954220222], [-86.8883062608916, 36.1413828979724], [-86.8881258695823, 36.1412278119545], [-86.8879633714128, 36.1410070065553], [-86.8879019860976, 36.1409313974945], [-86.8877809042344, 36.1407418789012], [-86.8877271390068, 36.1406662136798], [-86.8875447280493, 36.1404438372618], [-86.8876117080095, 36.1403762118416], [-86.8875579711797, 36.1401894597551], [-86.8875167255983, 36.1399589823625], [-86.8879029575622, 36.1396556974859], [-86.8916124030208, 36.1368738388853], [-86.8923933777633, 36.136302501147], [-86.8932260640989, 36.1357003852992], [-86.8944344682483, 36.1348137725774], [-86.895049925132, 36.1343666190475], [-86.8955233101983, 36.1339990251742], [-86.8961096668381, 36.1334735715191], [-86.8969252619516, 36.1326811506605], [-86.8980350898845, 36.1315130920301], [-86.899079675062, 36.1303056754939], [-86.8995471848763, 36.1297620363061], [-86.9002125018802, 36.1290811080823], [-86.9006272661835, 36.1286279982004], [-86.9013078393594, 36.1278384380582], [-86.9018489356132, 36.1273299911795], [-86.9024068754624, 36.1269241836421], [-86.9035018666646, 36.1263262126646], [-86.9037961675429, 36.1261883684304], [-86.9044813763348, 36.1258103095617], [-86.9050143629935, 36.1255578682908], [-86.9060811686913, 36.1250526289154], [-86.9068418305281, 36.1246120073942], [-86.9072354522628, 36.1244253330753], [-86.9077715939511, 36.1241172261965], [-86.9084551178534, 36.123595104071], [-86.9088181959231, 36.1232922446394], [-86.9092735464502, 36.1229158894694], [-86.9097900779133, 36.1223385301476], [-86.9099527581239, 36.1221669806101], [-86.9105238922418, 36.1216276659616], [-86.9107978189114, 36.1213397239874], [-86.9105669138944, 36.1205811969918], [-86.9107278777433, 36.118968956899], [-86.910857902263, 36.1176117467519], [-86.9109973649173, 36.1160815665031], [-86.9110592206565, 36.1156077325516], [-86.9111952973971, 36.1147420418162], [-86.9113103994494, 36.1140403075643], [-86.9114866267762, 36.1127648167113], [-86.9116418813874, 36.1116167107916], [-86.9117570794355, 36.1109240746879], [-86.9118809840165, 36.1099947746249], [-86.9119736514054, 36.1092568087442], [-86.9120435717528, 36.1085281145868], [-86.912094622679, 36.1080725606677], [-86.9122779562557, 36.1064601438122], [-86.912575901212, 36.1060210931122], [-86.9130617382691, 36.1053620491928], [-86.9139510185305, 36.1046817464737], [-86.9156002956103, 36.1046242859521], [-86.9158654991146, 36.1026717104585], [-86.9153134248557, 36.1026175295606], [-86.912522959183, 36.1024079619571], [-86.9110746680753, 36.1022733132918], [-86.9107819963431, 36.1021754247364], [-86.910702045607, 36.1020668293027], [-86.9110136953735, 36.1018641050893], [-86.9111584154231, 36.1017538124878], [-86.9118724558524, 36.1014390174773], [-86.912042296139, 36.1013055264453], [-86.9123693809286, 36.100752591762], [-86.9124636205945, 36.1006684339947], [-86.9126791411054, 36.1003862501574], [-86.9135562170933, 36.0996059420938], [-86.9143334756215, 36.0987189705396], [-86.9142840637544, 36.0985080890565], [-86.9139407892542, 36.0979463227806], [-86.9140052330797, 36.0977001357341], [-86.9142581120756, 36.0973931129016], [-86.9146138143181, 36.096976453646], [-86.9149972748507, 36.0967292194844], [-86.9153947570595, 36.0965974298561], [-86.9163221743661, 36.0962990158394], [-86.916679370569, 36.0961598016785], [-86.9172782790462, 36.0955908783851], [-86.9179415054718, 36.094730263698], [-86.9174191578085, 36.0941973413809], [-86.9172010987817, 36.0937438305437], [-86.9170422503414, 36.0935812394315], [-86.916816132394, 36.0934555594423], [-86.9165350137975, 36.0933666969461], [-86.9162437326682, 36.0933871105439], [-86.9155840533108, 36.0935650206006], [-86.9145310595112, 36.0941255334518], [-86.9143233647147, 36.0941298556514], [-86.9135886601035, 36.0936347550487], [-86.913272443811, 36.0934369513974], [-86.9120220346191, 36.0929821459299], [-86.9107453202937, 36.0931100951736], [-86.9094688683317, 36.09230056174], [-86.9090694288165, 36.0921493896803], [-86.9086912426546, 36.0919697260836], [-86.9083233317908, 36.0911715301728], [-86.907834751591, 36.0909200674862], [-86.9072283793209, 36.0905790046673], [-86.9068247193469, 36.0903164253883], [-86.9066176968776, 36.0901193283547], [-86.9055987686976, 36.0892532176426], [-86.9050216316671, 36.0888025529475], [-86.9030744296081, 36.0881890839088], [-86.9022783249754, 36.087193876595], [-86.902492651562, 36.0853171647798], [-86.9016785478088, 36.085714726057], [-86.9008945507673, 36.0858206862525], [-86.8997078210635, 36.0859660471094], [-86.8983872737037, 36.0862124929942], [-86.8979519239189, 36.0853874678877], [-86.8975667594484, 36.0850718371572], [-86.8972632719955, 36.0849830964558], [-86.8964930685221, 36.0843243568504], [-86.8959118962231, 36.0844833762083], [-86.8947502490107, 36.0849015008434], [-86.8936572394914, 36.084460366831], [-86.8931290488541, 36.0842947238074], [-86.8926643665057, 36.0841572336725], [-86.8921421346618, 36.0840516935358], [-86.8895598163476, 36.0834997154844], [-86.889072002484, 36.0833605484974], [-86.8880664786297, 36.0829459386096], [-86.8875386344086, 36.0827613704888], [-86.8871463334949, 36.0826511275474], [-86.8868193871859, 36.0826032072303], [-86.8864711613305, 36.0825597532403], [-86.8855183280413, 36.0825849552732], [-86.8854405803948, 36.0806195915045], [-86.885417190565, 36.0795457958989], [-86.8854227273869, 36.0790177855544], [-86.8852450556538, 36.078931817624]]]}}, {"id": "7", "type": "Feature", "properties": {"OBJECTID": 8, "CommunityNumber": 9, "CommunityName": "Downtown", "GlobalID": "1c5370e3-69e2-4f7d-8294-a0e087d42401"}, "geometry": {"type": "Polygon", "coordinates": [[[-86.7803037540963, 36.1760320350338], [-86.7771542123031, 36.176773018525], [-86.7758283736338, 36.1769449746083], [-86.7741456529961, 36.1768591156359], [-86.7725472487217, 36.1767761274655], [-86.7721923368241, 36.1762290290895], [-86.771595854413, 36.1753262686499], [-86.7710163022015, 36.1746124729], [-86.7700821992493, 36.173542273037], [-86.7695814190957, 36.1730449629596], [-86.7694413312783, 36.172900691918], [-86.7686297731978, 36.1720625635884], [-86.7677958572218, 36.1711617396573], [-86.7674149368861, 36.1706247571984], [-86.7668322885363, 36.1698384563253], [-86.7656834145271, 36.1679748797625], [-86.7651308319885, 36.1670516396585], [-86.7646514549373, 36.1662122544215], [-86.7639824875594, 36.1653027465863], [-86.7633596252475, 36.1646061846915], [-86.7628777197305, 36.1641446058855], [-86.7621132731705, 36.1634103405504], [-86.7612718265462, 36.1626569327875], [-86.7609687115443, 36.1622684167875], [-86.7606510764855, 36.161690100153], [-86.7604361765427, 36.1610057164275], [-86.7602411647535, 36.1596564151639], [-86.7602163500691, 36.1590147863357], [-86.7601731618508, 36.1578981344978], [-86.7601684102351, 36.157188970334], [-86.7603284336275, 36.1565223114477], [-86.7605263052852, 36.1560938942707], [-86.7608794661501, 36.1556543678607], [-86.7613585328728, 36.1550983254365], [-86.7615435387705, 36.1549427517363], [-86.7625205684883, 36.1541453069686], [-86.76351385359, 36.1536112440919], [-86.7645295549312, 36.1531199539798], [-86.7658322197583, 36.1525308582486], [-86.7680620498292, 36.1517148822067], [-86.7689302124956, 36.1513400425787], [-86.7697121536229, 36.1510167049912], [-86.7706657274011, 36.1506210435622], [-86.7714148980778, 36.1503259357676], [-86.772350927775, 36.1499570860941], [-86.7736989415082, 36.1494209417517], [-86.7746842114712, 36.1490770724107], [-86.775828281011, 36.1487802480352], [-86.776724486548, 36.148682111844], [-86.7769746623958, 36.1486509654819], [-86.7775391825098, 36.1485955855853], [-86.7781583806246, 36.1485398527364], [-86.7787780883266, 36.1485358547775], [-86.7797539410292, 36.1486034699636], [-86.7813711623129, 36.1488073225607], [-86.7835730713496, 36.1495211938424], [-86.7855885479936, 36.150730542714], [-86.7865977785541, 36.151867957679], [-86.7879773395277, 36.1538396053263], [-86.7884480853157, 36.154612526831], [-86.7887117800564, 36.1550560578431], [-86.7892962140869, 36.1558531099299], [-86.7901660115101, 36.1570314837922], [-86.7911274831166, 36.1582057431466], [-86.7923711250501, 36.1596046048409], [-86.7930883355666, 36.1610232591911], [-86.7932126414278, 36.1612691300331], [-86.793223342394, 36.1623397339201], [-86.7935286803319, 36.1635275551688], [-86.7945722042344, 36.1651862772476], [-86.7950197436033, 36.1658970550551], [-86.7954680670465, 36.1667274954683], [-86.7959132313412, 36.1671998048956], [-86.7968051320049, 36.1683837473262], [-86.7974028174899, 36.1694504726884], [-86.798001715534, 36.1706361695204], [-86.7986252156208, 36.1714872441549], [-86.7982192011703, 36.1715837034914], [-86.7970674233405, 36.1718685562818], [-86.7967546577729, 36.1719459139184], [-86.7956651760848, 36.1722140243949], [-86.7951497189922, 36.1723421862734], [-86.7932770994709, 36.1728011015094], [-86.7920688970548, 36.1731049869291], [-86.7914339289776, 36.1732669825773], [-86.7885464492183, 36.1739320164338], [-86.7875427883204, 36.1742309188896], [-86.7861349382188, 36.1746786220635], [-86.7854005979262, 36.1748661213207], [-86.7834970662293, 36.1753292009136], [-86.7822526311419, 36.1755930787474], [-86.7803037540963, 36.1760320350338]]]}}, {"id": "8", "type": "Feature", "properties": {"OBJECTID": 9, "CommunityNumber": 13, "CommunityName": "Antioch - Priest Lake", "GlobalID": "ad902707-e9a3-4146-bb8d-e45ce8e2bcc6"}, "geometry": {"type": "MultiPolygon", "coordinates": [[[[-86.6449908808264, 36.1423681628182], [-86.6450329985063, 36.1421850862821], [-86.6458769590362, 36.1422641852948], [-86.6460262495552, 36.141125607233], [-86.6460733498015, 36.1407838858004], [-86.6462746545298, 36.1393728308871], [-86.646583861433, 36.1371589274832], [-86.6468197138113, 36.135503756875], [-86.6454076142969, 36.1353578267642], [-86.6454650195644, 36.1349962595874], [-86.6455385680392, 36.1345335298694], [-86.6457240742937, 36.133367761521], [-86.6457426592865, 36.1332482995846], [-86.6459590859014, 36.1318422023044], [-86.6461678947151, 36.1304698102511], [-86.6474336788264, 36.1306018883435], [-86.6477718668263, 36.1306380695155], [-86.6486565288719, 36.1307339963113], [-86.6491377371732, 36.1307857542435], [-86.6494656506393, 36.1308207245946], [-86.6495416806191, 36.130346264458], [-86.6495720304108, 36.1301572558395], [-86.6497850285383, 36.1288301240994], [-86.6500634467914, 36.1271118744847], [-86.6503674416348, 36.1253654996794], [-86.6508094317019, 36.1226414493259], [-86.6509566089229, 36.1216984072952], [-86.6529280018009, 36.121895500476], [-86.6529480378163, 36.1217585531499], [-86.6529296801008, 36.1215848997639], [-86.652963451574, 36.1213168767298], [-86.6530138840457, 36.1209273654456], [-86.6531228265625, 36.1200736745192], [-86.6531551520864, 36.1198214273923], [-86.6531705866312, 36.1197028278954], [-86.6531971472065, 36.1194971978592], [-86.6533528318294, 36.1182819914512], [-86.653409378161, 36.1178503933193], [-86.6534099314976, 36.1177633421638], [-86.6530040038528, 36.1176019173572], [-86.6522285620048, 36.1170743808333], [-86.651762924549, 36.1167015776813], [-86.6507390340322, 36.1159626465888], [-86.6499727403188, 36.1155665627485], [-86.6497788638135, 36.115498154221], [-86.6484170217081, 36.1150208426209], [-86.6478830293349, 36.1148381489567], [-86.6469582336791, 36.1145299500463], [-86.6455783652035, 36.113916507347], [-86.6445668584848, 36.1135060728274], [-86.643593479901, 36.1132423999274], [-86.6375351762992, 36.1128444848439], [-86.6352003950886, 36.1126311993233], [-86.6311027261877, 36.11211359516], [-86.6306656826975, 36.1120841249423], [-86.6275841136979, 36.1119792035913], [-86.6254679873588, 36.1123495965488], [-86.6237033826498, 36.1126178871731], [-86.621141631232, 36.1129396590988], [-86.6136030637703, 36.1141369108593], [-86.6116301604171, 36.1145910765332], [-86.6094301606526, 36.1153167314845], [-86.6071489131564, 36.1161030074798], [-86.6051589158655, 36.1169934704412], [-86.6020069934239, 36.1183334279706], [-86.5989550922193, 36.1194245229811], [-86.59704097202, 36.1198878032381], [-86.5954426687676, 36.1202204164509], [-86.5937799848297, 36.1205180689792], [-86.5930671458703, 36.1206353800559], [-86.5667066431783, 36.122392191313], [-86.5652875216577, 36.1225744193507], [-86.5639723247708, 36.1229415852946], [-86.5632423412627, 36.1233710607638], [-86.5622524733126, 36.124171497828], [-86.5612853109665, 36.1253562308102], [-86.5606749043243, 36.1266851187623], [-86.5568700534284, 36.134979663557], [-86.5567674974588, 36.134963311179], [-86.5566662342966, 36.1349502148745], [-86.5565627403367, 36.1349208181485], [-86.556462589506, 36.134885225045], [-86.5563383878537, 36.1348607309782], [-86.5562117162648, 36.1348462062381], [-86.5560888543918, 36.1348316638055], [-86.5559705995296, 36.1348100606944], [-86.55585234954, 36.1347891442083], [-86.5557510410796, 36.1347695230945], [-86.5556518118988, 36.1347445699041], [-86.5555546608142, 36.134714112957], [-86.5554604356365, 36.1346783200456], [-86.5553691387828, 36.1346375345471], [-86.5552803385646, 36.1345905566194], [-86.5551961610788, 36.1345387500102], [-86.5551166063319, 36.1344821147292], [-86.5550421024243, 36.1344213355791], [-86.5549726493559, 36.134356412569], [-86.5549095194066, 36.1342876832373], [-86.5548683480248, 36.134211298487], [-86.5548686162317, 36.1341285422719], [-86.5549066006687, 36.1340517934569], [-86.5549777230341, 36.1339922329714], [-86.5549132646921, 36.1339150968958], [-86.5547962573941, 36.1338900530812], [-86.5546829147978, 36.1339048245801], [-86.5545802504006, 36.133933282155], [-86.5544810238281, 36.1339691065479], [-86.5543919933468, 36.1340102064218], [-86.5543089404145, 36.1340586614712], [-86.5542322859147, 36.134114126393], [-86.5541637182195, 36.1341759066805], [-86.5541036570301, 36.1342434853472], [-86.554053821891, 36.1343206317068], [-86.5540302860203, 36.1344055550532], [-86.5540338577442, 36.1344927575838], [-86.554047997481, 36.1345778512915], [-86.554048602567, 36.1346645523692], [-86.5540665544128, 36.1347499719463], [-86.5541014153971, 36.1348320517359], [-86.5541518988988, 36.1349083939622], [-86.5542171439744, 36.1349769422715], [-86.5542781849532, 36.1350496304382], [-86.5543345865468, 36.1351247435607], [-86.55438550215, 36.1352022855355], [-86.5544424159825, 36.1352901013694], [-86.5545174850533, 36.1353711377919], [-86.5545465429035, 36.1354707565738], [-86.5545158123092, 36.1355558847508], [-86.5544901672566, 36.135641847999], [-86.5544696101595, 36.1357289896921], [-86.5544367448875, 36.1358115522915], [-86.5543877544934, 36.1358885231819], [-86.5543289956739, 36.1359609032822], [-86.5542613090251, 36.136027830263], [-86.5541867954746, 36.1360870624795], [-86.5540818470861, 36.1361526152909], [-86.5539683593623, 36.1362077340836], [-86.553837327956, 36.1362359778583], [-86.5537348129021, 36.1362256318908], [-86.5536414333587, 36.1361898336872], [-86.5535537467089, 36.1361205295989], [-86.5534859674321, 36.136052851029], [-86.5534224045432, 36.1359827494093], [-86.5533538195791, 36.1359209119447], [-86.5532730343404, 36.1358699469061], [-86.5531821748982, 36.1358312180472], [-86.5530487713687, 36.1358227300276], [-86.5529485540311, 36.1358382981631], [-86.5528535119301, 36.1358675777595], [-86.5527661788596, 36.1359096987661], [-86.5526950626795, 36.1359706314004], [-86.5526307658506, 36.136038228694], [-86.5525685937949, 36.1361070180553], [-86.5525085489047, 36.1361773428581], [-86.5524510520971, 36.1362488577967], [-86.5523952460152, 36.1363200215836], [-86.5523398535821, 36.1363898099236], [-86.5522878570501, 36.1364609562171], [-86.55223925762, 36.1365336321535], [-86.5521936296036, 36.1366074963038], [-86.5521509753954, 36.1366828920419], [-86.5520775343158, 36.1367749109493], [-86.5520038662433, 36.1368343096174], [-86.5519267889198, 36.1368904617121], [-86.551845877846, 36.136943197478], [-86.5517615563328, 36.1369925149715], [-86.5516742441142, 36.1370378971946], [-86.5515649078126, 36.1370816631338], [-86.5514661970499, 36.1371315612705], [-86.5513636871114, 36.1371830219031], [-86.5512597294738, 36.1372089071534], [-86.5511604925406, 36.1372440420442], [-86.5510663960181, 36.1372879095977], [-86.5509952629992, 36.1373467809857], [-86.5509181689756, 36.1374007005208], [-86.5508227092834, 36.137431182235], [-86.550727253091, 36.1374621789291], [-86.5506322248984, 36.1374938603563], [-86.550537623513, 36.1375260548324], [-86.5504430268126, 36.1375589359749], [-86.5503480007712, 36.1375909605479], [-86.5502521161296, 36.1376212720548], [-86.5501566642451, 36.1376529550367], [-86.5500620696149, 36.1376861792499], [-86.549967907733, 36.1377207749406], [-86.5498767386861, 36.1377596491828], [-86.5497812936194, 36.1377923619778], [-86.5496815452079, 36.137814964556], [-86.5495791843596, 36.1378271058235], [-86.5494734322241, 36.1378385756862], [-86.5493650879039, 36.137842502872], [-86.5492574975442, 36.1378330346602], [-86.5491450346205, 36.1377923408382], [-86.5490532844321, 36.1377472603898], [-86.5489531571472, 36.1377150947832], [-86.5488567257986, 36.1376664299811], [-86.5486107680001, 36.1375430729193], [-86.5484310135944, 36.1375047446801], [-86.5483321698448, 36.137474461321], [-86.5482049560514, 36.1374431049554], [-86.5480789945103, 36.1374091674079], [-86.5479772933152, 36.1373941772043], [-86.5478772545931, 36.1373747154096], [-86.5477784550495, 36.1373507839498], [-86.5476813203789, 36.1373227242768], [-86.5475858505947, 36.1372905363946], [-86.547493314455, 36.137254042859], [-86.5473791777749, 36.1372159303473], [-86.5472785906542, 36.1371782713389], [-86.5471910055061, 36.1371230408354], [-86.5470951152184, 36.1370911978536], [-86.5469954696458, 36.1370672695899], [-86.5468937631796, 36.1370514200453], [-86.5467904190985, 36.1370436472961], [-86.546686709662, 36.1370442889546], [-86.5465834814546, 36.1370533411843], [-86.5464699009631, 36.1370959198863], [-86.5463635910468, 36.1371492820648], [-86.5462569096589, 36.1372102002171], [-86.5461802394032, 36.1372646298659], [-86.546097018115, 36.1373513669504], [-86.5460505361113, 36.1374250609085], [-86.5460193274659, 36.1375036647542], [-86.545986008105, 36.1375831365945], [-86.5459425138409, 36.1376604224873], [-86.5458952002361, 36.1377363521188], [-86.5458135325638, 36.1378644593939], [-86.545764201294, 36.1379548201048], [-86.5457202750348, 36.1380309060283], [-86.5456708385242, 36.1381059867117], [-86.5456171439926, 36.1381774811269], [-86.545559197335, 36.1382462476946], [-86.5454961530953, 36.1383124619217], [-86.5454292800345, 36.1383759463743], [-86.5453581524754, 36.1384363595891], [-86.5452831913743, 36.1384933562751], [-86.5452061124029, 36.1385501907929], [-86.5451307560632, 36.1386113097405], [-86.5450536980865, 36.138671234493], [-86.5449757862863, 36.1387301329082], [-86.5448965973457, 36.1387880068963], [-86.5448135831072, 36.1388436661275], [-86.5447352712032, 36.1389060000003], [-86.5446735451845, 36.138979418831], [-86.5446313518169, 36.1390615056757], [-86.5445888587113, 36.1391616213598], [-86.5445263304689, 36.139241567969], [-86.5444506226341, 36.1393133328729], [-86.5444066967191, 36.1393897616617], [-86.5443606494021, 36.1394655132418], [-86.5443129040003, 36.1395405857011], [-86.5442638838325, 36.1396149771282], [-86.5442106091588, 36.1396862972946], [-86.5441505329738, 36.1397535275392], [-86.5440840774164, 36.1398164942577], [-86.5440112413053, 36.1398750257548], [-86.5439349961423, 36.1399303104562], [-86.5438587555781, 36.1399862818494], [-86.5437833650839, 36.1400427644332], [-86.5437088246602, 36.1400997582094], [-86.5436334504121, 36.1401586442901], [-86.5435555302204, 36.1402166833396], [-86.5434750558541, 36.140272673557], [-86.5433928739665, 36.1403266111241], [-86.5433085612341, 36.1403784979437], [-86.5432221164842, 36.1404281623264], [-86.5431313890196, 36.1404706349264], [-86.5430372349083, 36.1405072854049], [-86.5429409394136, 36.140540339946], [-86.5428425013719, 36.1405696268599], [-86.5427431907779, 36.1405951404283], [-86.5426417388351, 36.1406170580463], [-86.5425398423874, 36.1406358871496], [-86.54243447128, 36.1406418550061], [-86.5423306515431, 36.1406270412562], [-86.5422343180538, 36.1405926210658], [-86.542150562528, 36.1405402884779], [-86.5420853350241, 36.1404734505942], [-86.5420559954393, 36.140392544526], [-86.5420068053006, 36.1403184235498], [-86.541960441395, 36.1402242020768], [-86.5419260443952, 36.1401465808079], [-86.5418789266205, 36.1400659262311], [-86.5418335467699, 36.1399917880672], [-86.5417734010449, 36.1399250988779], [-86.541699773496, 36.1398679131621], [-86.5416194138754, 36.1398167667873], [-86.5415432512832, 36.139760279117], [-86.5414654072182, 36.1397055158488], [-86.5413854571851, 36.1396523071938], [-86.5412974910594, 36.1396030833293], [-86.5411942737401, 36.1395522109059], [-86.5411015576818, 36.139489272967], [-86.5410190237179, 36.1394295514189], [-86.5409293413835, 36.1393769011715], [-86.5408337841406, 36.1393318315722], [-86.5407406745419, 36.1392731873806], [-86.5406437809214, 36.1392183372633], [-86.540567144837, 36.1391542967147], [-86.5404926289817, 36.1390907616903], [-86.540383912029, 36.1390402565897], [-86.5402959682357, 36.1389941223215], [-86.5402193116181, 36.1389269912138], [-86.5401485979438, 36.138862237118], [-86.540090943004, 36.1387879815484], [-86.5400594929903, 36.1387075994897], [-86.5400348067728, 36.1386258136234], [-86.5400160400341, 36.1385429711134], [-86.5400103844628, 36.1384583530126], [-86.5400161420824, 36.1383712801602], [-86.5400163965888, 36.1382842319365], [-86.5400107246852, 36.1381972102361], [-86.5400045991149, 36.1381057266106], [-86.5399938568117, 36.1380201011231], [-86.5399851984003, 36.1379296589718], [-86.5399969022456, 36.1378454782344], [-86.5400102993165, 36.1377612899154], [-86.5400258164237, 36.1376776071755], [-86.5400434512249, 36.1375940866433], [-86.5400678578017, 36.1375103641039], [-86.5400842074045, 36.1374246173375], [-86.5400874273419, 36.1373378991985], [-86.540077527001, 36.1372515831702], [-86.5400659474597, 36.1371673349426], [-86.5400675033704, 36.1370849165109], [-86.5400593243484, 36.137002713344], [-86.5400418384036, 36.1369214102868], [-86.5400150514035, 36.1368418657617], [-86.5399789680454, 36.1367647665042], [-86.5399340163308, 36.136690797353], [-86.539881046395, 36.136620469566], [-86.5398305918732, 36.136546524998], [-86.5397721098112, 36.1364748482999], [-86.5397009823836, 36.1364111259065], [-86.539618915657, 36.1363572387618], [-86.5395402401482, 36.136304023158], [-86.5394649313481, 36.136247873709], [-86.5393934137287, 36.1361889602138], [-86.5393248406812, 36.1361272864636], [-86.5392600611455, 36.1360631920499], [-86.5391990739522, 36.1359965052933], [-86.5391477866824, 36.1359244527507], [-86.5390884847391, 36.1358565565716], [-86.5390220170693, 36.1357931563328], [-86.5389488104775, 36.1357347651881], [-86.5388612233945, 36.135678155134], [-86.5387829176038, 36.1356168679223], [-86.5387146674668, 36.1355402552951], [-86.5386015480963, 36.135401519249], [-86.5384377093434, 36.1355863028893], [-86.5362068899414, 36.1380998294368], [-86.5358186837508, 36.1385366177208], [-86.5349115473832, 36.1381055792828], [-86.5333684083893, 36.1373959466044], [-86.5334148689481, 36.1375693202769], [-86.5334311209969, 36.1376569822541], [-86.5334427189492, 36.1377450081857], [-86.5334546998609, 36.1378270232549], [-86.5334484806208, 36.1379094621732], [-86.5334253138096, 36.137989744043], [-86.5333851832281, 36.1380654652597], [-86.5333272456652, 36.1381371446051], [-86.5332481064876, 36.1382035952238], [-86.5331684885137, 36.1382618067636], [-86.5330918244101, 36.1383186316746], [-86.5330130309361, 36.1383735773478], [-86.5329321069402, 36.1384264720939], [-86.5328490524246, 36.1384773159085], [-86.5295299473612, 36.1381293185424], [-86.5284433549962, 36.1380154445118], [-86.5284178991942, 36.1381341940707], [-86.5282988191862, 36.1386879019677], [-86.5278495957648, 36.140778309213], [-86.5260537638778, 36.1396256976357], [-86.525564018191, 36.1385466979183], [-86.52606934784, 36.1381444570902], [-86.5264967682667, 36.1378041909369], [-86.5267326118036, 36.137811917751], [-86.5270165004121, 36.1361294852661], [-86.5270421678891, 36.1359832078878], [-86.527042226945, 36.1359833890495], [-86.529140413923, 36.136292021386], [-86.5292825318386, 36.1363129245606], [-86.5292818053487, 36.134842670844], [-86.5303269214591, 36.1326317207843], [-86.5305748711588, 36.1320948395026], [-86.5321541163203, 36.132149188276], [-86.5317750809996, 36.1307233393178], [-86.5317693166198, 36.1307016561467], [-86.5311994036387, 36.1285576661568], [-86.5335239330133, 36.127229005818], [-86.5337208807811, 36.127109461859], [-86.535110259733, 36.1262616090831], [-86.5352219089829, 36.1261934749651], [-86.533462649855, 36.1251542311368], [-86.5322738909194, 36.1244763047559], [-86.5322133183954, 36.1244410697377], [-86.5316853973937, 36.1241339744041], [-86.5299434949344, 36.1242015360457], [-86.5291155854865, 36.1242336383824], [-86.5291047523267, 36.1242307808867], [-86.5294924010961, 36.1216471688925], [-86.5298566775502, 36.1192171690922], [-86.530019913267, 36.1181198597812], [-86.5301523887028, 36.117233522094], [-86.5302273062655, 36.116727733461], [-86.5303144349507, 36.1161494372615], [-86.5305360282406, 36.1146672809158], [-86.5306656916334, 36.1138051627094], [-86.5307510913563, 36.1132224093668], [-86.5309066591892, 36.1121845361073], [-86.5352939531942, 36.1125123048843], [-86.5355559142487, 36.1108189492816], [-86.5355779287562, 36.1106320509889], [-86.5356251355086, 36.1102275074389], [-86.5356507207746, 36.1100053964471], [-86.5358659572484, 36.1081628746945], [-86.5357033313976, 36.1081436809031], [-86.5345945653447, 36.108007985121], [-86.5339385385168, 36.1079274490259], [-86.5332367824859, 36.1078426475732], [-86.5325506995774, 36.1077600048292], [-86.5311683525389, 36.107590288501], [-86.5304636403845, 36.107505483951], [-86.5296454221733, 36.1074057215539], [-86.5288022115545, 36.1073017709026], [-86.5280894532186, 36.1072152708577], [-86.5277697090441, 36.107176666316], [-86.5274660619737, 36.1071405659037], [-86.523359783365, 36.1066397742094], [-86.5221073922089, 36.105634281493], [-86.5153028440193, 36.1007068052205], [-86.5154395317074, 36.0997315259794], [-86.516208580102, 36.0942340900211], [-86.5169635613374, 36.0887367015723], [-86.5176021348053, 36.0840881337373], [-86.5177828423728, 36.0840988612302], [-86.5187841518629, 36.084159971844], [-86.5191397939995, 36.083233189304], [-86.519994294277, 36.0777353372346], [-86.5204192962688, 36.0750051302458], [-86.52073947154, 36.0726774780431], [-86.5209802527467, 36.0726292220978], [-86.5213720227842, 36.0725143825836], [-86.5216395617708, 36.0724186222777], [-86.5218554195165, 36.0723110665877], [-86.5219602255666, 36.0722326641481], [-86.5226004271847, 36.0718188570295], [-86.5229170480208, 36.0715977167291], [-86.5230515567353, 36.0714697368284], [-86.5236258685678, 36.0708793659821], [-86.5238514454952, 36.0706431661911], [-86.5241149499183, 36.0703860261799], [-86.5242614733371, 36.0702205635047], [-86.5243919817489, 36.0700639266671], [-86.5244993655846, 36.069928336878], [-86.5245970574579, 36.0697982833504], [-86.5247074012359, 36.069662680483], [-86.5248214559217, 36.0695126391151], [-86.5249431117572, 36.0692968059935], [-86.5250190502871, 36.0691393758947], [-86.5250644401745, 36.0690315264842], [-86.5251626813478, 36.0687289182683], [-86.5251874472623, 36.0683804445748], [-86.525161816931, 36.0677662373808], [-86.525105871996, 36.0667248172552], [-86.525030815016, 36.0659911547692], [-86.5249843252325, 36.0651000964713], [-86.5248664782251, 36.0640347363954], [-86.5248311930906, 36.063815122316], [-86.5247921654182, 36.0636691810394], [-86.5247217501872, 36.0634454275158], [-86.5246084192016, 36.0631272575789], [-86.5245591084262, 36.0630251428201], [-86.5245083635751, 36.0628979670186], [-86.5244752337103, 36.0628124360858], [-86.5244269892151, 36.0626795834772], [-86.5243510417815, 36.0624503595676], [-86.5243096231993, 36.0623264052749], [-86.524280069279, 36.0621417915193], [-86.524265934664, 36.0620506836973], [-86.524221345387, 36.0618948081441], [-86.5242020125289, 36.061785008314], [-86.5241627118071, 36.0615973464112], [-86.5241405489895, 36.0615073036373], [-86.5241005664056, 36.0614085819674], [-86.5240182237448, 36.0612353577204], [-86.5240415928294, 36.0610594418381], [-86.5240575256142, 36.0608461290605], [-86.5241195223191, 36.0605635951248], [-86.5241929747185, 36.0602226354672], [-86.524257368524, 36.0599189726662], [-86.5243070167309, 36.0596880003855], [-86.5243679137183, 36.0594954385236], [-86.5244142844099, 36.0593446613964], [-86.5245078309899, 36.0591651778031], [-86.5246189720487, 36.058960378569], [-86.5247618815932, 36.0586992970575], [-86.5248920219436, 36.0584899507851], [-86.5249993677348, 36.0583510980908], [-86.525152705962, 36.0581965924723], [-86.5253232651118, 36.0580243271356], [-86.5254524163202, 36.0579216063633], [-86.5256194521519, 36.0577922793979], [-86.5257431925393, 36.0577028023234], [-86.525958968395, 36.0575897448671], [-86.5261814666023, 36.057470133307], [-86.5263702709749, 36.0573714434342], [-86.5265069000054, 36.0573126424647], [-86.5266284574692, 36.0572769141644], [-86.5268281322701, 36.0572233315431], [-86.5269458834993, 36.0571876195578], [-86.5271119526737, 36.0571681787604], [-86.5273189184268, 36.0571300158804], [-86.5275285660255, 36.0571136460224], [-86.5277564351442, 36.0571028619099], [-86.5286945135416, 36.0571172935935], [-86.5291491725477, 36.0571242264443], [-86.5295038119041, 36.057162158537], [-86.5298301916496, 36.0572112022246], [-86.5300538407487, 36.0572651609015], [-86.5302423105583, 36.0573072553658], [-86.5304268004025, 36.0573866246165], [-86.5305846052912, 36.0574595866938], [-86.5308273247423, 36.0575826526048], [-86.5309823319397, 36.0576798353146], [-86.53120121209, 36.0578424950755], [-86.5313781112722, 36.0579879984499], [-86.5314633453077, 36.058149014846], [-86.5316023326095, 36.058316661859], [-86.5317727603087, 36.0585059751119], [-86.5319840438774, 36.0587335672126], [-86.5323600924493, 36.0591252573574], [-86.5325579134389, 36.0593628661343], [-86.5326414706624, 36.0594624226963], [-86.5327111691999, 36.0595764627288], [-86.5327619918196, 36.0597135931204], [-86.5327847601866, 36.0598925690846], [-86.5328361614509, 36.0600528755364], [-86.5328572710976, 36.0601736546227], [-86.5328556739162, 36.0603769470891], [-86.5328461467478, 36.0605328871296], [-86.5327795737857, 36.0606959470809], [-86.5326381168193, 36.060981068778], [-86.5325499121607, 36.0611979643035], [-86.5324704078907, 36.0614510486882], [-86.5324030052404, 36.0616798707397], [-86.5323196133304, 36.0619209536058], [-86.5322266400259, 36.0621838838019], [-86.532156143445, 36.0623929745601], [-86.5320206216495, 36.0627441712459], [-86.5319075602568, 36.063039124815], [-86.5318117353273, 36.0633187214747], [-86.5317174681254, 36.0635783947067], [-86.5316288533267, 36.0638612215522], [-86.5315863734786, 36.0640229725732], [-86.5315325363314, 36.0642572283462], [-86.531501382794, 36.0644683771234], [-86.5314815328668, 36.0647254899163], [-86.5314713682581, 36.06484984087], [-86.5314722869448, 36.0649871916616], [-86.5314357857025, 36.0651576725924], [-86.531402585428, 36.0654423151518], [-86.5313727297188, 36.0656579221429], [-86.5313295742972, 36.0659086132157], [-86.531296870668, 36.0660778754699], [-86.5312400976641, 36.0662529096724], [-86.5311843608035, 36.0664564403929], [-86.5311284808042, 36.0665753268214], [-86.5310564229088, 36.0667416718932], [-86.5309710281162, 36.066937606938], [-86.5308618260504, 36.0671786304449], [-86.5307165260854, 36.0675243740763], [-86.530562939063, 36.067832724807], [-86.53046579466, 36.0680429617003], [-86.5303613794992, 36.0682412119537], [-86.5302883280988, 36.0684492823535], [-86.5302150930044, 36.0686298825629], [-86.5301444307621, 36.0688157938982], [-86.5300781889373, 36.0690303585376], [-86.5300226066834, 36.0691943984111], [-86.5299818491544, 36.0693616352492], [-86.5299262168182, 36.0695816473152], [-86.5298696283556, 36.069785180985], [-86.529809917518, 36.0699645195804], [-86.5297071035722, 36.0702132399567], [-86.5296500231074, 36.0703431192192], [-86.5295390335699, 36.0705711004564], [-86.5294308427796, 36.0707748605301], [-86.5293505869194, 36.0709180617935], [-86.5292994985952, 36.0709952047129], [-86.5292072896722, 36.0711219757991], [-86.5290929551311, 36.0712290991954], [-86.5289498293521, 36.0713318847891], [-86.5287873291573, 36.0715106436164], [-86.5287379534549, 36.0715910409422], [-86.5286844874216, 36.0716924027609], [-86.5286096615391, 36.0718256214677], [-86.5285476925399, 36.0719204961607], [-86.5284957934114, 36.0720031364532], [-86.5283710875708, 36.072204735875], [-86.5283188233332, 36.0722961340386], [-86.5282279829612, 36.0724383507143], [-86.5281593688437, 36.0725517971736], [-86.5280508797018, 36.0727116037327], [-86.5279639466185, 36.0728690837702], [-86.5278625309807, 36.0730750446319], [-86.5277708714753, 36.0732215568453], [-86.5277255855025, 36.0733448591029], [-86.5276873656748, 36.0735131140186], [-86.5276656780623, 36.0736867907344], [-86.5276560721979, 36.0738194920676], [-86.5276420443361, 36.0740132828573], [-86.5277015675342, 36.0741866040843], [-86.5277718854863, 36.074393014792], [-86.5278735478674, 36.0747332088383], [-86.5279059570251, 36.0748999526292], [-86.5279748611609, 36.0750843926623], [-86.5280462441588, 36.0752598937505], [-86.5281275237999, 36.0754605903199], [-86.5281988857856, 36.0756328292282], [-86.5282253817111, 36.0757371025297], [-86.5282642606546, 36.0758588342561], [-86.5283180109547, 36.0760541571224], [-86.528411302878, 36.076216341581], [-86.5285439930293, 36.0764509794014], [-86.528612416778, 36.0765627949612], [-86.5286783976217, 36.0766888717154], [-86.5287561412143, 36.0768027066349], [-86.5288559250147, 36.0769231408478], [-86.5289762469514, 36.0770786819329], [-86.5290649090633, 36.0771804502262], [-86.5291478541126, 36.0772494501786], [-86.5292333281014, 36.0773170654276], [-86.529328444096, 36.0773715896117], [-86.5294779010725, 36.0774555779663], [-86.5297490403932, 36.0775180849616], [-86.5298751148761, 36.0775209647695], [-86.5300959601757, 36.0775265182501], [-86.5305261062626, 36.077519131954], [-86.530889076879, 36.0775240584661], [-86.5312096611034, 36.0775161219871], [-86.5314169339936, 36.0775162386736], [-86.531698121297, 36.0774997182038], [-86.5319415357757, 36.0774644775145], [-86.5321769879567, 36.0774404315283], [-86.5323650350594, 36.0774121304041], [-86.5326126800356, 36.0773770413683], [-86.5329005008646, 36.0773405723895], [-86.5331588008009, 36.0773174536451], [-86.5334064439786, 36.07728219129], [-86.5336203376564, 36.0772604698725], [-86.5338933229448, 36.0772196001636], [-86.5341287368725, 36.0771900563495], [-86.5343734044361, 36.0771527448697], [-86.534656095775, 36.0771085682383], [-86.5349118935002, 36.0770909510066], [-86.535146957693, 36.0770723951093], [-86.5354445489768, 36.0770424010111], [-86.5357709414994, 36.0770179440571], [-86.5359978711867, 36.0769850004284], [-86.5362916711484, 36.0769574247952], [-86.5365824427307, 36.0769199037234], [-86.5368529245202, 36.07688453262], [-86.5370516849378, 36.076877123021], [-86.5374182520324, 36.0768512807755], [-86.5377201540145, 36.0768334520466], [-86.53803936116, 36.0768100511504], [-86.5382584246986, 36.0768025489473], [-86.538605244487, 36.0767965359644], [-86.5388488552004, 36.0767909833356], [-86.53916277273, 36.0767985078702], [-86.539479836602, 36.0768333167175], [-86.5398333897296, 36.0768844438873], [-86.5401360978686, 36.0769852454587], [-86.5403002207119, 36.0770471780219], [-86.5404386313836, 36.0771224459992], [-86.5406616496183, 36.0772608608712], [-86.5407299041513, 36.0773451994684], [-86.5409247864929, 36.0775136146475], [-86.5410883974495, 36.0776864621917], [-86.5411604141281, 36.0777640876235], [-86.5413216987199, 36.0779678500479], [-86.5414297797934, 36.078123433742], [-86.541527929931, 36.0782493590368], [-86.5416414650929, 36.0783982220047], [-86.5416841283839, 36.0785134080827], [-86.5418226673297, 36.078792988658], [-86.5419436089356, 36.0790352190745], [-86.5420479874705, 36.0792677373234], [-86.5421304338247, 36.0794476443279], [-86.5422118435565, 36.0796615511559], [-86.5422905247447, 36.0799094654151], [-86.542362326983, 36.080141099718], [-86.5424282030348, 36.0804340550385], [-86.5424775165816, 36.0807174700203], [-86.5425346038604, 36.0809622190582], [-86.5426018335209, 36.0812673583424], [-86.5426697900987, 36.0815549816134], [-86.542713434369, 36.0817513736126], [-86.5428195230028, 36.0820475814564], [-86.5428663074944, 36.0821462659526], [-86.5429749757982, 36.0823864901214], [-86.5430456775226, 36.0826421658645], [-86.5432084936237, 36.0828821458999], [-86.5433819156025, 36.0831263702299], [-86.5439910353917, 36.0842928521009], [-86.5449103062733, 36.0860818610527], [-86.545054189037, 36.086335144363], [-86.5452061470038, 36.0865937134523], [-86.545330549263, 36.0867821846234], [-86.5454684057477, 36.0869584046074], [-86.545596670536, 36.087093118181], [-86.5457341731192, 36.0872176599311], [-86.5458379843337, 36.0873028647123], [-86.5459629562337, 36.087389175438], [-86.546089529702, 36.0874622584374], [-86.5462253867782, 36.0875318653921], [-86.5463933967072, 36.0876014981869], [-86.5465239899272, 36.08764382951], [-86.5466769361747, 36.0876761011667], [-86.5467865877027, 36.0876876224559], [-86.546937199039, 36.0876879695179], [-86.547118126579, 36.0876674040084], [-86.547290101465, 36.0876369206831], [-86.5474454792505, 36.0875922619691], [-86.5476437576899, 36.0875111810323], [-86.5482623284332, 36.0870908130475], [-86.5485032522454, 36.0868754446735], [-86.5486707765454, 36.0866296768156], [-86.5487748764231, 36.0864501274409], [-86.5488163144286, 36.0863246030634], [-86.5488969087765, 36.0860495276407], [-86.5489659867613, 36.0858833578507], [-86.549030185013, 36.0857457112487], [-86.549090601766, 36.0854894420539], [-86.5491503712908, 36.0851396031352], [-86.549192463709, 36.0847417706613], [-86.549214539536, 36.0844470450659], [-86.5491863626271, 36.0840428365701], [-86.5491152831031, 36.0835519467983], [-86.5489467606753, 36.0831011617078], [-86.5488822517407, 36.0829486486544], [-86.5488446981282, 36.0828401379554], [-86.5487679754216, 36.0826954066166], [-86.5487302829809, 36.0825055140295], [-86.5486938514707, 36.0823144138332], [-86.54864724375, 36.0820586316609], [-86.5486266370211, 36.0818312321842], [-86.5486349174333, 36.0816213856256], [-86.5486077252468, 36.0814204568176], [-86.5485681437639, 36.0812018999825], [-86.548535601927, 36.080961334384], [-86.5485124531934, 36.0807945540477], [-86.5484559687102, 36.0806397721752], [-86.5483667469763, 36.0804611021466], [-86.5483170773292, 36.0803129852324], [-86.548214820072, 36.0802068288479], [-86.5481277358258, 36.0799699449502], [-86.5480581446347, 36.0796933203514], [-86.5478407585967, 36.0793316925131], [-86.5477587244021, 36.0792134253095], [-86.5475648427181, 36.0790087893673], [-86.5473430819956, 36.0788097738617], [-86.5471547474472, 36.0786118080978], [-86.5469475289611, 36.0783742665899], [-86.5467890471365, 36.078211190209], [-86.5466746117147, 36.0780558117818], [-86.5465415710865, 36.0778399099006], [-86.5464304889803, 36.0776184141583], [-86.5463901907471, 36.0774790102489], [-86.5463053497974, 36.0771365234369], [-86.5462773576584, 36.0770027295858], [-86.5462594472446, 36.0767356561141], [-86.546251705519, 36.0764094740799], [-86.5462641750748, 36.0762543785945], [-86.5463015033293, 36.0759619875583], [-86.5463467014876, 36.0756453520743], [-86.5463792022445, 36.075450676315], [-86.5463722299722, 36.0752364347146], [-86.5463403247665, 36.0749641020757], [-86.5463102545337, 36.0747125359847], [-86.5462752983891, 36.0743655305335], [-86.5462395788433, 36.0740920132451], [-86.546213173547, 36.073942759697], [-86.54621832402, 36.0737075164982], [-86.5462227119516, 36.0733613628385], [-86.54622941101, 36.0731668039153], [-86.5462267292122, 36.0729612991127], [-86.5462000820132, 36.0726537453274], [-86.5461436623194, 36.072322289325], [-86.5461380802206, 36.072125553983], [-86.546144371715, 36.0716255542706], [-86.5461443721301, 36.0712564133992], [-86.5461093188153, 36.0710795562674], [-86.5460528321808, 36.0707381421874], [-86.5460169262527, 36.0704371544956], [-86.5459728488314, 36.0701164590325], [-86.5459741407064, 36.0699351448623], [-86.5459755393477, 36.0697078163435], [-86.5459734853803, 36.0694089072572], [-86.5459808046833, 36.0691199139202], [-86.5459833046004, 36.0688681998876], [-86.5459892110529, 36.0685582662993], [-86.5460283187695, 36.0683405534334], [-86.5460646998331, 36.0680953819243], [-86.5461074625334, 36.0678556756721], [-86.5461666133748, 36.0676004427157], [-86.5462785106038, 36.0673274579405], [-86.5464543829856, 36.0669475613051], [-86.5466298306654, 36.066629132617], [-86.5467247556468, 36.066471602441], [-86.5468481372081, 36.0663314558413], [-86.5469654769213, 36.0662352900986], [-86.5470783307862, 36.0661633534026], [-86.5472298071139, 36.0661109860377], [-86.5474742912717, 36.0660528735887], [-86.5476186755261, 36.0660147885165], [-86.5477402214211, 36.0659768070508], [-86.5478537623114, 36.0659433258798], [-86.5479860176139, 36.0658637456212], [-86.5481155158538, 36.0658137090641], [-86.5485046138546, 36.0656898649392], [-86.5488097922901, 36.0656017705588], [-86.5491542560318, 36.0655068003776], [-86.5494514947824, 36.0654328194175], [-86.5495566219466, 36.0654060710377], [-86.5499689565676, 36.0653403203832], [-86.5501599291792, 36.0653119779139], [-86.5503640278282, 36.065285807229], [-86.5506978659025, 36.0652447929597], [-86.5509900089842, 36.0652292073387], [-86.5511904901788, 36.0652303510905], [-86.5515098993735, 36.0652433123797], [-86.5518718063806, 36.0652856095833], [-86.552043597929, 36.0652968415014], [-86.5522276472309, 36.0653069868567], [-86.552671941997, 36.0653368856279], [-86.5529632893918, 36.0653892895953], [-86.5533586556995, 36.0654381249005], [-86.5536270976593, 36.0654808458717], [-86.5539018838197, 36.0655235370934], [-86.5542422084966, 36.065563694343], [-86.5545156030799, 36.0655887061099], [-86.5547229144044, 36.0655987406455], [-86.5550663473922, 36.0655993917031], [-86.5554913286387, 36.0655886776059], [-86.5557933687102, 36.0655972435575], [-86.5560599045351, 36.0656090630292], [-86.5563077715095, 36.0656123833842], [-86.556536568269, 36.0656102970781], [-86.556748939401, 36.0656180727502], [-86.5570390145092, 36.0656694425941], [-86.557295294252, 36.0657264621931], [-86.5575799190223, 36.065784551993], [-86.5579066601053, 36.0658774717287], [-86.5582767108716, 36.0659943988235], [-86.5586565915255, 36.0661257015037], [-86.5590759824107, 36.0662818870344], [-86.5593122440421, 36.0663786564561], [-86.5595509035933, 36.0664554978075], [-86.559751862123, 36.066523929075], [-86.5598617186231, 36.0665684026564], [-86.5599690303878, 36.0666118577967], [-86.5601750176688, 36.0666735689422], [-86.5603950855931, 36.0667527270402], [-86.5606325257566, 36.0668362679789], [-86.560850973137, 36.0669253910209], [-86.5610871757997, 36.0670132291669], [-86.5612636674381, 36.0670903564889], [-86.56146563021, 36.0671807570281], [-86.5616099017493, 36.0672470455144], [-86.56176754919, 36.0673507007306], [-86.5618984556433, 36.0675006660113], [-86.5619543729108, 36.067572860106], [-86.5619785756036, 36.0677058099232], [-86.5619631058425, 36.0678507915552], [-86.5619707593171, 36.0679760922977], [-86.5620418251246, 36.0680372273243], [-86.562155259458, 36.0680488886318], [-86.5622595083367, 36.0680176692454], [-86.5623593405978, 36.0679600295382], [-86.5624436746446, 36.0678640026642], [-86.5625135118698, 36.0677515607789], [-86.5625720851542, 36.0676611482177], [-86.5626578465544, 36.0675278569788], [-86.5627945286512, 36.0672986945189], [-86.5629082902938, 36.0671178848739], [-86.5630377652608, 36.0668865237456], [-86.5630871264487, 36.0668093743597], [-86.5631579665804, 36.0666596698265], [-86.5632020417852, 36.0665528420568], [-86.563250981508, 36.0664162885096], [-86.5632799952315, 36.0663327097447], [-86.5633051002727, 36.0662347269566], [-86.5632961456421, 36.0661051399729], [-86.5631952029077, 36.0660056858417], [-86.5631313034952, 36.0659410841143], [-86.5629572333963, 36.0658474655929], [-86.5628157827073, 36.0657612490491], [-86.5627192101176, 36.0656815189015], [-86.5625543080488, 36.0655087061413], [-86.5625064114971, 36.0654342428448], [-86.5624800441732, 36.0653540131708], [-86.5624372180465, 36.0652190899517], [-86.5624169808894, 36.0650488640799], [-86.5624134553709, 36.0649092934264], [-86.5624245851344, 36.0647488794311], [-86.5624395746251, 36.0645960019492], [-86.5624601410325, 36.0644542585384], [-86.5625175938486, 36.064325391721], [-86.5625666269719, 36.0642020583719], [-86.5626322948235, 36.0640985638454], [-86.562710335368, 36.0640102922774], [-86.5628097393484, 36.0639526541166], [-86.5629461654025, 36.0638673719491], [-86.5630543777707, 36.0638591402899], [-86.5632031902756, 36.0638507188386], [-86.5633166419289, 36.0638656411411], [-86.563448357035, 36.0638914663764], [-86.563577243309, 36.0639358476365], [-86.5636894799876, 36.0639583298012], [-86.5638642709732, 36.0639751967429], [-86.5640226315995, 36.0639414906101], [-86.5641343150237, 36.0638860259131], [-86.5642246414763, 36.0638009580351], [-86.5642955757093, 36.0637247372634], [-86.5643350442471, 36.06356522052], [-86.5643221870726, 36.0634818374635], [-86.5643298491753, 36.0633696854508], [-86.5643207507224, 36.0632795887291], [-86.5643199789006, 36.0631709100758], [-86.5643013823356, 36.0629939806763], [-86.5642852538343, 36.062807253157], [-86.5642340384831, 36.0626823280107], [-86.5641937092775, 36.0625418994277], [-86.5641418653858, 36.0624475387054], [-86.5640840704029, 36.06234891346], [-86.5640154066909, 36.0622086174061], [-86.5639362947838, 36.0620858829799], [-86.5638541764685, 36.0619566381915], [-86.5637759730001, 36.0618426557992], [-86.5636655752363, 36.061721269376], [-86.5635499284216, 36.0616349329679], [-86.5634015793193, 36.0615291761941], [-86.5633049711213, 36.0614437807214], [-86.5632599040004, 36.0613505897906], [-86.5632255118189, 36.0612717712574], [-86.5631461896564, 36.0611787403427], [-86.5630586451625, 36.0610593069059], [-86.5629637433443, 36.0608564644707], [-86.562846246124, 36.0606877228871], [-86.5628184885104, 36.0605901585973], [-86.5628145733607, 36.0603956475314], [-86.5627991959242, 36.0601352594617], [-86.5627699053001, 36.0598211960946], [-86.562706276888, 36.0596149451977], [-86.5625903786132, 36.0593133046414], [-86.5624909011402, 36.0590610352241], [-86.5624428213955, 36.0589601317712], [-86.5622148201662, 36.0586535196746], [-86.5620961987835, 36.0585045273616], [-86.5618832630764, 36.0582946798415], [-86.5617401153471, 36.058145801506], [-86.5616014858043, 36.0580377651478], [-86.5614289153089, 36.0579142625676], [-86.561363130962, 36.0578211673704], [-86.5613084739858, 36.0577467349762], [-86.5612710120023, 36.0575920413209], [-86.5613023981796, 36.0574852730947], [-86.5613731787834, 36.0573278432976], [-86.5614341466805, 36.057158268876], [-86.5614969926641, 36.057015126568], [-86.5616209966581, 36.0567892860526], [-86.5617511302237, 36.0565931199201], [-86.5618959044527, 36.056434143021], [-86.5620177965478, 36.0562687482626], [-86.5621088654681, 36.0561101932041], [-86.5622199515019, 36.0559118833315], [-86.5622540626414, 36.0557721368038], [-86.5622517760763, 36.0556282677078], [-86.5622308634695, 36.0555414879825], [-86.5622012990973, 36.0554272775315], [-86.5621241826235, 36.0552265832698], [-86.5620443034576, 36.0549939667033], [-86.5620119473531, 36.0548437134178], [-86.562019180514, 36.0547303614756], [-86.5620252009006, 36.0546249131216], [-86.5620389291445, 36.0544732430608], [-86.5620715770915, 36.0543060322746], [-86.5621032829691, 36.0541850116296], [-86.5621687014576, 36.0540473510745], [-86.5622808659813, 36.0538225950825], [-86.5623910114428, 36.0537309114841], [-86.5625431392196, 36.053596108255], [-86.5627103791167, 36.0535053597108], [-86.5628839761664, 36.0534166415724], [-86.5631093744334, 36.0532979780414], [-86.5633915450155, 36.0531945011964], [-86.5636774268445, 36.0530777858625], [-86.5640283113502, 36.0529442829942], [-86.5642307686554, 36.052870708622], [-86.5643631491799, 36.0528141164308], [-86.5645518487155, 36.0527088424786], [-86.56468350822, 36.0526103598809], [-86.5647775098587, 36.0525087914198], [-86.5648861562794, 36.0523853490541], [-86.5649519895399, 36.0523069195223], [-86.5650568760956, 36.0521900190063], [-86.5652112990902, 36.0520222362389], [-86.5653510082442, 36.0518667125906], [-86.5654247893376, 36.0517762268942], [-86.5655078339463, 36.0516802034617], [-86.5655300425024, 36.0515921917055], [-86.565529041897, 36.0514515786636], [-86.5655216116436, 36.0513582117579], [-86.5654829064587, 36.0512078173508], [-86.5654549607971, 36.0510838133894], [-86.5654419395584, 36.0509772522309], [-86.5654297886884, 36.0508147145927], [-86.5654220300287, 36.0506751633987], [-86.5654390701689, 36.0505739554122], [-86.5654560320855, 36.0504617593415], [-86.565480371861, 36.0503167350027], [-86.5655343574104, 36.0500592833482], [-86.5656151149377, 36.0498204207069], [-86.565708120955, 36.0494013929583], [-86.5657309249773, 36.0491595400271], [-86.5657110306918, 36.0488596830693], [-86.5656782718517, 36.0484158347448], [-86.5656437656983, 36.0481423155805], [-86.5655999354585, 36.0478657496486], [-86.5655545852396, 36.0476132280596], [-86.5655123588222, 36.047383698857], [-86.5654886818498, 36.0472651689951], [-86.5654049633994, 36.047087514505], [-86.565327056509, 36.0468351455325], [-86.5652913048269, 36.0467429415382], [-86.5651305817731, 36.0463800461384], [-86.5650781694597, 36.0462638829532], [-86.5648950277694, 36.0460185314653], [-86.5647325981729, 36.045772052463], [-86.5645094583382, 36.0454314255747], [-86.5642565037225, 36.0450600328197], [-86.5639160482146, 36.0445726400074], [-86.56367431874, 36.0442331286679], [-86.5634117493973, 36.0438762014018], [-86.5633025823048, 36.0437458803768], [-86.5632494918156, 36.0436527266086], [-86.5631959555255, 36.0435563126995], [-86.5631164175279, 36.0434303170846], [-86.5629238078887, 36.0431597676161], [-86.5627777839241, 36.04295939512], [-86.562663122646, 36.0428290991575], [-86.5625282217463, 36.0427066238299], [-86.5623905438963, 36.0425501657486], [-86.5622566560371, 36.0423914577914], [-86.5620657245499, 36.0421780734392], [-86.5619156865175, 36.0420074217899], [-86.56180101225, 36.0418748930201], [-86.5616592530239, 36.041678963315], [-86.5614816130728, 36.0414313488027], [-86.5613652536221, 36.0412395927559], [-86.5612242100588, 36.0410249444532], [-86.5611132936291, 36.040825436534], [-86.5610367527406, 36.0407038896044], [-86.5609626700926, 36.0405711710172], [-86.5608927005325, 36.0404221222283], [-86.5608330987503, 36.0402443521054], [-86.560804900121, 36.0400829185063], [-86.5608130931333, 36.0399257795984], [-86.5608290211312, 36.0396664462486], [-86.5608386253695, 36.0394696392429], [-86.5608238641479, 36.0392950942686], [-86.5608156725497, 36.0390928758355], [-86.5608252622394, 36.0387741655041], [-86.5608157793238, 36.0385686908542], [-86.5608312757636, 36.0384280006088], [-86.5608692959152, 36.0383036882308], [-86.5609391251468, 36.0381934784415], [-86.5610050596063, 36.0381305028429], [-86.5610882346709, 36.0380542264197], [-86.5611904589512, 36.0379812951193], [-86.5613453438625, 36.0378816773993], [-86.561504362794, 36.0377688197023], [-86.561594170461, 36.0376739689587], [-86.5616419906029, 36.0375605991099], [-86.5616657498777, 36.0374526639382], [-86.5616850495899, 36.0373119558109], [-86.5616827803575, 36.0371703180497], [-86.5616673850865, 36.0370857441969], [-86.5616397366373, 36.037002257624], [-86.5616088971285, 36.0368859921774], [-86.5616135549796, 36.0367673292422], [-86.5616642247794, 36.0366384935283], [-86.5617333641713, 36.0364908569334], [-86.5617840493751, 36.0363642531222], [-86.561841123317, 36.0362443156011], [-86.5619238020209, 36.036038411142], [-86.5619861530321, 36.0358875438293], [-86.5620891053917, 36.0357387191199], [-86.5621536131804, 36.035653772536], [-86.5622059467793, 36.0355810730658], [-86.5622753720734, 36.035474126504], [-86.5623436697752, 36.0353871017854], [-86.5624474942866, 36.0353019715366], [-86.5625428948467, 36.0352213445958], [-86.5626359676407, 36.0351702599947], [-86.5628034871527, 36.0351244935514], [-86.5629153485754, 36.03509976201], [-86.5630289873315, 36.0350872124083], [-86.5631303962678, 36.035079012233], [-86.5632766645261, 36.0350771266856], [-86.5634495292596, 36.0350697940461], [-86.5635957281067, 36.0350581218174], [-86.5637009187, 36.0350466412668], [-86.5638023043779, 36.0350351784279], [-86.5640118630298, 36.0350154829297], [-86.5641254625018, 36.0349974382339], [-86.5642335574504, 36.0349782173415], [-86.5643864032222, 36.034950030299], [-86.5644982956075, 36.0349297612106], [-86.5646216025721, 36.0349094385304], [-86.5647579749099, 36.0348833885483], [-86.5648782369823, 36.0348510612205], [-86.5649930335355, 36.0348230517771], [-86.5651601513881, 36.034780546134], [-86.5652833712645, 36.0347480328311], [-86.5654369762583, 36.0347078222323], [-86.565566983327, 36.0346785389939], [-86.5657088679829, 36.0346548657884], [-86.5658354927628, 36.0346255981389], [-86.5659772990075, 36.0345909364978], [-86.5661424194231, 36.034564921598], [-86.5663667961795, 36.0345484145755], [-86.5665333412928, 36.0345443694163], [-86.5666736359604, 36.0345349532418], [-86.5668105007516, 36.034518856929], [-86.5670090654831, 36.0344992079223], [-86.5671293566822, 36.0344711705788], [-86.5672520986031, 36.0344311029185], [-86.5673827625753, 36.034375545267], [-86.5674759109378, 36.0343356167259], [-86.5676070512999, 36.0342876111707], [-86.5677661341757, 36.0342451397468], [-86.5678988650881, 36.0342422821979], [-86.5680533457312, 36.0342657630177], [-86.5681919045408, 36.0343684701798], [-86.5683648232824, 36.0344280913264], [-86.5685598109613, 36.0344403919294], [-86.5686961738337, 36.0344133073513], [-86.5689065813644, 36.0343353946644], [-86.5690118550209, 36.03427669291], [-86.5691220836416, 36.0342014849237], [-86.5692442093933, 36.0340755705576], [-86.5693098903894, 36.0339785958641], [-86.5693442624855, 36.0338783351736], [-86.5694101559605, 36.0338110626801], [-86.5696322699901, 36.0336561739429], [-86.5697765669699, 36.033556595253], [-86.5698323339526, 36.0334332260803], [-86.569864225237, 36.0333408749361], [-86.5699090131571, 36.033160383145], [-86.5699741122565, 36.0330414338279], [-86.570099636197, 36.032977141052], [-86.5703760868507, 36.0328537574041], [-86.5705199032391, 36.0327464537846], [-86.5706669237805, 36.0326733021635], [-86.5710769123503, 36.0324835250699], [-86.5713828103912, 36.0323402545551], [-86.571517876995, 36.0323099106865], [-86.5718403806073, 36.0321832146703], [-86.5719117181314, 36.0321092188133], [-86.5719866947205, 36.0320121984711], [-86.5720211021249, 36.0319174310331], [-86.5720417924887, 36.0317964593312], [-86.5720397730632, 36.0316920781905], [-86.5720329887447, 36.0315130322209], [-86.5719969680937, 36.0313835732869], [-86.5719801526689, 36.0312792623771], [-86.5720019443816, 36.0311351065702], [-86.5720813055309, 36.0310600423262], [-86.5721662968901, 36.0310036660799], [-86.5723125970009, 36.0308898240316], [-86.5724862240845, 36.0307549051315], [-86.572619425716, 36.0306421551082], [-86.5727040278559, 36.0305318679895], [-86.5727639846492, 36.0304041850447], [-86.5728986118958, 36.0303134049257], [-86.5730807836578, 36.0302498697753], [-86.573180312452, 36.0302164308253], [-86.5733168601707, 36.0301575764306], [-86.5734027496562, 36.0301087496138], [-86.5736729145226, 36.0300537229179], [-86.5739498254679, 36.0299962597427], [-86.5740594360541, 36.0299540155709], [-86.5743034793012, 36.0298529258548], [-86.5744753326829, 36.0298828400469], [-86.5746116944089, 36.0298569505723], [-86.5747197711429, 36.0298365184242], [-86.5749184755147, 36.0297795977334], [-86.5750435116816, 36.0297075757509], [-86.5751662910869, 36.0296158194398], [-86.575291048455, 36.0295053387576], [-86.5753795136675, 36.0294037877284], [-86.5754964225499, 36.0292603787875], [-86.5755904312442, 36.0291654972375], [-86.575720634351, 36.0290482939554], [-86.5758269975249, 36.0289665737259], [-86.5759117762725, 36.0288815226672], [-86.5759961246431, 36.0287954434313], [-86.5761049825223, 36.0287080450728], [-86.5762088321068, 36.0286295987282], [-86.5763673090317, 36.0285057350746], [-86.5764614988084, 36.0284360911846], [-86.5765622914551, 36.0283442669079], [-86.5766817977801, 36.0282097724989], [-86.5767413627902, 36.0280292071398], [-86.5767813392216, 36.0279455717685], [-86.576857772595, 36.0278176360963], [-86.5769744768031, 36.0277049601178], [-86.5771616486265, 36.0275744335293], [-86.5772505406535, 36.0275322856571], [-86.5775351140196, 36.0274255008336], [-86.5777674435851, 36.0273430032499], [-86.578015126314, 36.0272209415893], [-86.5783302670682, 36.027016141768], [-86.5786115010545, 36.0267994852613], [-86.5787245480327, 36.0267076002672], [-86.5787937521045, 36.0265743754741], [-86.5789083955249, 36.0265276385608], [-86.5793907716897, 36.0264166364739], [-86.5796406844575, 36.0263692482669], [-86.5799052793503, 36.0263063362694], [-86.5801405491923, 36.0262799643613], [-86.5807867896496, 36.0264373861665], [-86.581136549054, 36.0265169116055], [-86.5815101555174, 36.0265623252088], [-86.581868968474, 36.0266079807983], [-86.5821692918406, 36.0266327994057], [-86.5824678566387, 36.0265906644895], [-86.5827665543656, 36.0265090382027], [-86.5830162085509, 36.0264266183356], [-86.5833470228698, 36.0263436333107], [-86.5835834464038, 36.026301796484], [-86.5838470446772, 36.0262763102836], [-86.5840777554556, 36.0262049685222], [-86.5845598032478, 36.0261080263206], [-86.5849421873118, 36.0260249583652], [-86.5851569532186, 36.025970003024], [-86.5853899226239, 36.0258612181147], [-86.5857719074043, 36.0257242370166], [-86.5861189246418, 36.0256609105597], [-86.5864193290614, 36.0256397037354], [-86.5867680203305, 36.0256314815646], [-86.5869344240353, 36.0256109260074], [-86.5871936294817, 36.025563476819], [-86.5873193382416, 36.0255276664525], [-86.5877509050261, 36.0253507756234], [-86.5879624008942, 36.0252542808497], [-86.5881945176694, 36.025145322936], [-86.5883060407879, 36.0250778170822], [-86.5884159656382, 36.0250228527159], [-86.5885221591284, 36.0249206901545], [-86.588747632755, 36.0247140687441], [-86.588981991848, 36.0245657800069], [-86.5891268257065, 36.0245441249809], [-86.5893457403758, 36.0245365298571], [-86.5894898343792, 36.0244721257738], [-86.5896541913144, 36.0243470137454], [-86.5898062919592, 36.024279307871], [-86.5898924004042, 36.0242052288067], [-86.5900402718915, 36.0240803686516], [-86.5901644973361, 36.0240160610544], [-86.5903790852217, 36.0239952646654], [-86.5905891464153, 36.0240479758739], [-86.59072252158, 36.0241342000348], [-86.5908478180414, 36.0242709422229], [-86.5909515545613, 36.0243506153468], [-86.5910838134971, 36.0243434420877], [-86.5913548213057, 36.0242354890846], [-86.5915566896334, 36.0240959395575], [-86.5917386533256, 36.024008339578], [-86.5918651105847, 36.0239033273554], [-86.5919181941923, 36.0237657099247], [-86.5919307389857, 36.0234634636817], [-86.5919398143069, 36.0233765410129], [-86.5919359234855, 36.0232513938835], [-86.5918489471967, 36.023151722539], [-86.5917313577811, 36.0230281640817], [-86.5916242163297, 36.0229452461106], [-86.5914850941719, 36.0228250553724], [-86.5914164481739, 36.0226890658943], [-86.5914267511925, 36.0225966429578], [-86.5914540501439, 36.0224591522699], [-86.5915420870222, 36.0223038503771], [-86.591630908037, 36.0222539658145], [-86.5917698661925, 36.0221818578501], [-86.5918933450207, 36.0220746281244], [-86.5920271845542, 36.0218828729877], [-86.592073780892, 36.0217825453021], [-86.5921664928791, 36.0216876568922], [-86.5922445817795, 36.0216158475445], [-86.5925572448253, 36.0214834778106], [-86.5928122694965, 36.0213877904249], [-86.5930289964967, 36.0212581235388], [-86.5934140031023, 36.0210210043035], [-86.5936157135148, 36.0208618786104], [-86.5937787897115, 36.0207369387919], [-86.5939805961588, 36.0205908608885], [-86.5942885736709, 36.0203980727254], [-86.5944161666476, 36.020276569281], [-86.5945840326947, 36.0201141749903], [-86.5948261684106, 36.0199351026502], [-86.5950279053656, 36.0197802667949], [-86.5952078045359, 36.0195881087642], [-86.5953135333773, 36.0194260204067], [-86.5955031917562, 36.019126160288], [-86.5956626196431, 36.0189100652873], [-86.5958219064184, 36.0186752558915], [-86.5964710572701, 36.0175907017174], [-86.596659340975, 36.017277797516], [-86.5967304603342, 36.0171795784691], [-86.5969341038675, 36.0169423156974], [-86.5969863843211, 36.0168683989912], [-86.5970466218655, 36.0167846561451], [-86.5971482235948, 36.0166368372721], [-86.5973418731865, 36.0163074224846], [-86.5976449992378, 36.0159223498007], [-86.5984850685651, 36.0148830227995], [-86.599226256534, 36.0139617934466], [-86.5993290202029, 36.0138009179081], [-86.5996493404494, 36.0134004733541], [-86.5998302255076, 36.0131743072488], [-86.5999396650842, 36.013002237648], [-86.6002239050541, 36.0126381990771], [-86.6003190741877, 36.0125355655212], [-86.600388428092, 36.0124285964538], [-86.6004417135855, 36.012320677262], [-86.6005484993989, 36.0121333393177], [-86.6006262471169, 36.0120186019172], [-86.6006662318787, 36.0119404524], [-86.600883250173, 36.0116866330066], [-86.6010745467694, 36.0115527856149], [-86.6013627671689, 36.0114369972786], [-86.6014736717534, 36.0114034778474], [-86.6017811852019, 36.0113239917946], [-86.6019405511242, 36.01127151491], [-86.6021790059925, 36.0111702240797], [-86.6024195345274, 36.0111195728365], [-86.6025772012658, 36.0110660734227], [-86.6029363958143, 36.0109466639889], [-86.6031751909711, 36.01089052562], [-86.6034679918976, 36.0108220974754], [-86.6037844127077, 36.0108029987908], [-86.6040442498353, 36.0107907075005], [-86.6042711213535, 36.0107785810279], [-86.6044092055377, 36.0107624355625], [-86.6045358537246, 36.0107430851014], [-86.6046627991458, 36.0107072501574], [-86.6050013478072, 36.0105968663847], [-86.605112224861, 36.0105600814896], [-86.6052630925625, 36.0105021485866], [-86.6054776351513, 36.0104251805284], [-86.6056710925525, 36.010409957134], [-86.6058010161603, 36.0104323111054], [-86.6059335096575, 36.0104591161173], [-86.6063080312307, 36.0105770756726], [-86.6065500541395, 36.0106120851622], [-86.6068248422583, 36.0106206595493], [-86.6070140643624, 36.0106042534609], [-86.6073949785638, 36.0105628431131], [-86.6076503269119, 36.0105163990741], [-86.6080540899995, 36.0104231907314], [-86.608486134357, 36.0103253740581], [-86.6085942283967, 36.0103117790302], [-86.6088096604905, 36.010296267865], [-86.6089692393026, 36.0102724538743], [-86.609138115924, 36.0102485926528], [-86.6093315287771, 36.0102276976141], [-86.609446459657, 36.0102238539352], [-86.609569470547, 36.0102264937243], [-86.6097183383505, 36.0102389609046], [-86.6099810970489, 36.0102772924729], [-86.610293886069, 36.0103361452732], [-86.6105321313527, 36.0103744281421], [-86.610640325316, 36.010373879705], [-86.6107607255117, 36.0103667448126], [-86.6108726717151, 36.0103594809771], [-86.6110567627183, 36.0103355399051], [-86.611222544485, 36.0102940067178], [-86.6114765637441, 36.0102400066466], [-86.6117802154168, 36.0101548485924], [-86.612055466903, 36.0100590171975], [-86.612440194877, 36.0099646889502], [-86.6127651882239, 36.0098521201334], [-86.6129812489129, 36.0075609316072], [-86.6177406445549, 36.0118483443223], [-86.6191659733258, 36.0131288235172], [-86.6267438777439, 36.0200147449991], [-86.6268251726123, 36.0200892228354], [-86.6334926196475, 36.0260494240554], [-86.6358557540768, 36.0282205999309], [-86.6420943564072, 36.0337580345392], [-86.644920414021, 36.0362342655005], [-86.6472641323892, 36.0382745241824], [-86.6477002705419, 36.0386375974565], [-86.6535923630601, 36.0421917275377], [-86.657910834533, 36.0446856009429], [-86.6613052867894, 36.0466736266086], [-86.6697214301913, 36.0515903053781], [-86.6716971699937, 36.0527398163855], [-86.6729429768351, 36.0535391260754], [-86.6762405193163, 36.0566311276231], [-86.6795949956131, 36.0598533910586], [-86.6829556509964, 36.0631687351436], [-86.6889021605543, 36.0688291128933], [-86.6897084204553, 36.0697491264127], [-86.6900170814464, 36.0701013288731], [-86.6909005604138, 36.0712918361963], [-86.6926963329256, 36.0740651736925], [-86.6948341681281, 36.0775629715025], [-86.6953710701673, 36.0784460134315], [-86.6959226188699, 36.0793510711447], [-86.7004511691075, 36.086498267442], [-86.7019646745191, 36.0885859261955], [-86.7050626359279, 36.0923419938502], [-86.7068404825797, 36.0945391369184], [-86.7088966450821, 36.0970727358725], [-86.7119567200083, 36.1008348338143], [-86.7122304300263, 36.1011713129556], [-86.7127283816593, 36.101681221154], [-86.713669641684, 36.1026453824362], [-86.7176877562679, 36.1054489938263], [-86.7188058767533, 36.1063056119069], [-86.7199004784826, 36.107365988929], [-86.7206022420315, 36.108221984304], [-86.7207603470863, 36.1083906730738], [-86.7208660685023, 36.1085225888725], [-86.7216818844154, 36.109633033114], [-86.7187629283454, 36.1105372622987], [-86.7173582716327, 36.1108067712543], [-86.7166109546231, 36.110810183664], [-86.7156152224945, 36.1106722164812], [-86.7151055683587, 36.1106568681369], [-86.7146208997499, 36.1106904739932], [-86.7142219089092, 36.1107927631124], [-86.7120155559809, 36.1113277571185], [-86.7096893128303, 36.1119939031321], [-86.7090487148454, 36.1122912667448], [-86.7083255987994, 36.1127795196467], [-86.707810905992, 36.1132447400886], [-86.7056177199812, 36.1151786683208], [-86.7043777192538, 36.116037858425], [-86.7026272983779, 36.1170414850566], [-86.7002792060291, 36.1182812013698], [-86.7023209078852, 36.1198669355759], [-86.7049524930925, 36.1219069228923], [-86.7069774614028, 36.1234937058555], [-86.7081516130797, 36.1244003972685], [-86.7095690783903, 36.1255338262079], [-86.7109505852601, 36.1265911682992], [-86.7107287887878, 36.1267201163507], [-86.7104289337696, 36.1268067149392], [-86.7101810259814, 36.1268558938302], [-86.7089278888116, 36.1270435307218], [-86.7083454640452, 36.1271044531236], [-86.7072229215345, 36.1271330686232], [-86.7072646183194, 36.1286467589303], [-86.707273901411, 36.1288810651722], [-86.7072543886009, 36.1292564999931], [-86.7066617847336, 36.1302545888223], [-86.7065339115649, 36.1306306580593], [-86.7060697054076, 36.1330267712906], [-86.7053429028513, 36.1341715763911], [-86.7047466658746, 36.1349579785986], [-86.7054493657289, 36.1352910758467], [-86.7064805973695, 36.1354373328526], [-86.7072670646773, 36.1359060811308], [-86.7082248272338, 36.1369263252076], [-86.7088773466112, 36.1381310360946], [-86.7094552180756, 36.1397915102506], [-86.7100345725867, 36.1416150799868], [-86.7102579068116, 36.1423503252542], [-86.7085441340779, 36.1426251941346], [-86.7069279505669, 36.1428994325205], [-86.704561998585, 36.143274456471], [-86.7034160205835, 36.1434549935272], [-86.7019050918184, 36.1436965244286], [-86.6999199443926, 36.1440230972467], [-86.6983212749449, 36.1441618158682], [-86.6973008279114, 36.1442904771232], [-86.6956161064414, 36.1443695649158], [-86.6941710797971, 36.1443117854893], [-86.6927681251606, 36.1441749406281], [-86.6921926633293, 36.1440859050307], [-86.6918748888678, 36.144040812192], [-86.6902794777066, 36.1438141412734], [-86.6879690034785, 36.1434598911765], [-86.6857611100727, 36.1431337299947], [-86.6805627687986, 36.1423734738743], [-86.6787977525981, 36.1421691449685], [-86.6774881939045, 36.1420671008524], [-86.6763945051618, 36.141989506239], [-86.6727635198489, 36.141742800614], [-86.6685651424041, 36.1414577602634], [-86.6676658500076, 36.1413938778035], [-86.6643387760444, 36.1411595238478], [-86.6595504124363, 36.14089016814], [-86.6566161104104, 36.1411345222966], [-86.6540181651091, 36.1416130581576], [-86.6526409966241, 36.1419717961017], [-86.6504762523867, 36.1428316418361], [-86.6487931152796, 36.1436237885917], [-86.6468747863053, 36.1448111539349], [-86.6459910775837, 36.1453608365621], [-86.6443187980998, 36.1464090754374], [-86.6444688369506, 36.1458035775484], [-86.6446857741035, 36.1444172131978], [-86.6448195412651, 36.1434771749654], [-86.6449908808264, 36.1423681628182]]], [[[-86.5215885573937, 36.1381639110382], [-86.5217412151036, 36.1373017087919], [-86.5220610313892, 36.1373332899143], [-86.5224626056953, 36.1373734440761], [-86.5228798417906, 36.1374133573381], [-86.5233000561977, 36.1374554882158], [-86.5234572054793, 36.1374700869558], [-86.5232966341241, 36.1381565148233], [-86.5231541791345, 36.138765946528], [-86.5228828116319, 36.1399208816473], [-86.5225612071416, 36.1412913328813], [-86.5219296005086, 36.1412303696215], [-86.5210620550883, 36.1411484458537], [-86.5211771635234, 36.1404974144873], [-86.5212739126973, 36.1399518800285], [-86.5213754957143, 36.1393690677306], [-86.5215191631481, 36.1385553215739], [-86.5215428357506, 36.1384213007985], [-86.5215885573937, 36.1381639110382]]]]}}, {"id": "9", "type": "Feature", "properties": {"OBJECTID": 10, "CommunityNumber": 8, "CommunityName": "North Nashville", "GlobalID": "30ab97d4-af57-4749-b47a-11858e6e8aa6"}, "geometry": {"type": "Polygon", "coordinates": [[[-86.8226409035787, 36.1530272978609], [-86.8226423615458, 36.1530748217819], [-86.8227891040687, 36.1545684111567], [-86.8228101861548, 36.1547003155266], [-86.8228875559301, 36.1549161053971], [-86.822970584176, 36.1551646660464], [-86.8232142437646, 36.1555094810092], [-86.8235110039773, 36.1557890330936], [-86.823779969322, 36.1559606074798], [-86.8241161685037, 36.1561640004614], [-86.8245852937278, 36.1563233893275], [-86.8248729811489, 36.1563631698743], [-86.8250791954672, 36.1563617601697], [-86.8252351537929, 36.1563516535685], [-86.8254467520492, 36.1563321282711], [-86.8256471093487, 36.1563036370014], [-86.8257862546644, 36.1562846044959], [-86.825930971893, 36.1562655336952], [-86.8260812638527, 36.1562464245598], [-86.8262593742256, 36.1562226058088], [-86.8264762171763, 36.1561713985899], [-86.8266644864335, 36.1561331790044], [-86.8269220103373, 36.1560593035076], [-86.8270507685314, 36.1560220221906], [-86.8271795248151, 36.1559845690549], [-86.8273082773981, 36.1559467724197], [-86.8274366046678, 36.1559088068687], [-86.8275649300246, 36.1558706694999], [-86.8276932516772, 36.1558321886323], [-86.8278211480145, 36.1557935388515], [-86.8279490424362, 36.1557547172537], [-86.8280773583413, 36.1557157209336], [-86.8282048237382, 36.1556763869264], [-86.8283327106162, 36.1556368781969], [-86.8284601703837, 36.1555970288763], [-86.8304949446747, 36.1550492483998], [-86.8322014107829, 36.1546104911258], [-86.8327920595052, 36.1544463982556], [-86.8329204898288, 36.1544187277152], [-86.8331782312351, 36.1543666423152], [-86.8333176785038, 36.1543397537522], [-86.8334685554591, 36.1543126143933], [-86.8336333988327, 36.1542848632849], [-86.8338388263675, 36.1542509939552], [-86.8341233413246, 36.1542083363559], [-86.8343702788415, 36.1541758961235], [-86.8346887168844, 36.1541379817413], [-86.8350309168904, 36.1541048812039], [-86.8352301713673, 36.1540880498618], [-86.8355352318498, 36.1540665367056], [-86.8356621948032, 36.1540605067669], [-86.8358280716988, 36.1540506016109], [-86.8361751741364, 36.1540408141755], [-86.836355938338, 36.1540373294873], [-86.8365227107359, 36.1540320528923], [-86.8366140445431, 36.154023389056], [-86.8372198341307, 36.1549073350333], [-86.8380087892374, 36.156064894048], [-86.8382376095378, 36.1563752305351], [-86.8384319173364, 36.1567188287152], [-86.8385678557003, 36.1570905892586], [-86.8386607164274, 36.1575498783606], [-86.8387185695468, 36.158397973178], [-86.8388277661449, 36.1588347985916], [-86.8389917329013, 36.1591907144], [-86.8391472400614, 36.1594496660768], [-86.839357721606, 36.1597495377334], [-86.8397878282682, 36.1603408033139], [-86.8403085595801, 36.1610428057112], [-86.840631978181, 36.1613842511063], [-86.8409550627029, 36.1617304046328], [-86.8412395025726, 36.1619948649205], [-86.8415829209249, 36.1622874624152], [-86.8420401485323, 36.1625884333523], [-86.8424882929876, 36.1628235495334], [-86.8430299399745, 36.1630427737701], [-86.8434622327514, 36.1631846921505], [-86.8438463588764, 36.1632581334506], [-86.8421844022408, 36.1636757528922], [-86.8384973716981, 36.1645800536213], [-86.8344890211366, 36.1655900945358], [-86.8352023882651, 36.1678324982397], [-86.8360360788742, 36.1674973851863], [-86.83623592803, 36.167583376337], [-86.8362556215507, 36.1678789773426], [-86.8364360295144, 36.1680653050733], [-86.8366157899137, 36.1682327096048], [-86.8369080245626, 36.1684323219416], [-86.8377418661508, 36.1688970259132], [-86.8371639998118, 36.1696166737118], [-86.8363872819379, 36.1706737244107], [-86.8353397250346, 36.1723015169054], [-86.8340141110504, 36.1745866809398], [-86.8336669445617, 36.1753291033618], [-86.8334241439472, 36.1760823829905], [-86.8328075699938, 36.1782288276857], [-86.8324360375225, 36.1799822551187], [-86.8321882522266, 36.1811430985615], [-86.8318595433344, 36.1822153378959], [-86.8313715469357, 36.1836581611205], [-86.8309406547666, 36.1853695085662], [-86.8308410381805, 36.1857677914398], [-86.8305969810754, 36.1867308789272], [-86.830193139171, 36.1877657969457], [-86.8297761766751, 36.1885603365428], [-86.8291844652387, 36.18935066535], [-86.8285135115786, 36.1902144900447], [-86.8277038243256, 36.1912008493064], [-86.826696328495, 36.1923993075393], [-86.8258075288788, 36.1934753576567], [-86.8250851221735, 36.1942889311559], [-86.8242673461379, 36.1951007154286], [-86.8234120619521, 36.195842404301], [-86.8221912658299, 36.1968347022741], [-86.820702847297, 36.1978629847589], [-86.819114928432, 36.1988627587785], [-86.8179094807115, 36.1994949930244], [-86.8166954635564, 36.2000868294215], [-86.8154312607725, 36.2006627778202], [-86.8141663740855, 36.2011738731511], [-86.8131594907527, 36.2014886783517], [-86.811952587547, 36.2018048202252], [-86.8110046127231, 36.2020138341943], [-86.8100963027133, 36.2021901547729], [-86.8084776189323, 36.2023388001629], [-86.8065581696059, 36.2024164828967], [-86.8047577356882, 36.2023960734416], [-86.8031410020669, 36.2022616444198], [-86.8017018706266, 36.2021542864887], [-86.7993620393408, 36.2019290197364], [-86.7980003298412, 36.2017438215091], [-86.796697295111, 36.2015533562719], [-86.7950853082132, 36.2012767039429], [-86.793509176038, 36.2009309534534], [-86.7922474534867, 36.2005065848577], [-86.79124292651, 36.2000779724175], [-86.7900877268189, 36.199566765498], [-86.7891530266443, 36.1991027431736], [-86.7878246381285, 36.1983390020759], [-86.7868582734444, 36.1976343621094], [-86.7858318515463, 36.196749431688], [-86.7853939909747, 36.1962010663956], [-86.7847359024974, 36.1953866596846], [-86.7841369461463, 36.1944827028008], [-86.7837082742327, 36.1936507367025], [-86.7833721137589, 36.192998306809], [-86.7830186149757, 36.192072278706], [-86.7825757712336, 36.1902097277757], [-86.7823965916701, 36.1886213735382], [-86.7823769972114, 36.1866345192833], [-86.782026501098, 36.1842523426705], [-86.7818412424424, 36.182001639308], [-86.7814907828802, 36.1796194581211], [-86.7808138150542, 36.1772395586303], [-86.7803037540963, 36.1760320350338], [-86.7822526311419, 36.1755930787474], [-86.7834970662293, 36.1753292009136], [-86.7854005979262, 36.1748661213207], [-86.7861349382188, 36.1746786220635], [-86.7875427883204, 36.1742309188896], [-86.7885464492183, 36.1739320164338], [-86.7914339289776, 36.1732669825773], [-86.7920688970548, 36.1731049869291], [-86.7932770994709, 36.1728011015094], [-86.7951497189922, 36.1723421862734], [-86.7956651760848, 36.1722140243949], [-86.7967546577729, 36.1719459139184], [-86.7970674233405, 36.1718685562818], [-86.7982192011703, 36.1715837034914], [-86.7986252156208, 36.1714872441549], [-86.798001715534, 36.1706361695204], [-86.7974028174899, 36.1694504726884], [-86.7968051320049, 36.1683837473262], [-86.7959132313412, 36.1671998048956], [-86.7954680670465, 36.1667274954683], [-86.7950197436033, 36.1658970550551], [-86.7945722042344, 36.1651862772476], [-86.7935286803319, 36.1635275551688], [-86.793223342394, 36.1623397339201], [-86.7932126414278, 36.1612691300331], [-86.7930883355666, 36.1610232591911], [-86.7954283225785, 36.1599740641144], [-86.796188942297, 36.1596464381145], [-86.7966063703943, 36.1594683853393], [-86.7968222517211, 36.1593763064594], [-86.7976217281905, 36.1590398301077], [-86.7981534816507, 36.1588198100133], [-86.7986262026828, 36.1586249019562], [-86.7990440986673, 36.1584523316996], [-86.7999709773495, 36.158070355862], [-86.8001088640423, 36.1580129548556], [-86.8002551287693, 36.1579465701114], [-86.8005052045917, 36.1578449863892], [-86.8007436442405, 36.157765284331], [-86.800986863956, 36.157697740257], [-86.8012348690375, 36.1576428691827], [-86.8013993089128, 36.1576153366234], [-86.8015117437221, 36.1575955320347], [-86.8027069868397, 36.1573319372512], [-86.802859068543, 36.1572967587162], [-86.8036072744302, 36.1571286705827], [-86.8038354053156, 36.1570768452504], [-86.8040038831525, 36.1573645102651], [-86.804806232663, 36.1574415747162], [-86.8052504241741, 36.1574837668559], [-86.8059027319428, 36.1575463727425], [-86.806770780102, 36.1576295097317], [-86.8077666408128, 36.1577059474992], [-86.8123362747105, 36.1581482886385], [-86.8123735843373, 36.1581520230584], [-86.8154009195778, 36.1565469809295], [-86.8168405895227, 36.1558163148311], [-86.8184852260841, 36.1549165840297], [-86.8199852948197, 36.1540345768918], [-86.8203963100582, 36.1537970627043], [-86.8206016448262, 36.1536615398326], [-86.8207661537168, 36.1535765912477], [-86.8208882766439, 36.1533913368425], [-86.8226409035787, 36.1530272978609]]]}}, {"id": "10", "type": "Feature", "properties": {"OBJECTID": 11, "CommunityNumber": 11, "CommunityName": "South Nashville", "GlobalID": "d58ec291-d909-4635-8ade-72e23b456f58"}, "geometry": {"type": "Polygon", "coordinates": [[[-86.7254021612349, 36.1643557770901], [-86.7252994891273, 36.1640123176433], [-86.7252551758236, 36.163858645389], [-86.7250730293635, 36.1632331758584], [-86.7250107612219, 36.1630006218263], [-86.7249873299102, 36.1629190877971], [-86.724758924129, 36.162129584465], [-86.7246921052413, 36.161903020958], [-86.724499321961, 36.1612422914826], [-86.7244740805077, 36.1611615076065], [-86.7241889379334, 36.1602078583341], [-86.7241560187082, 36.1601085273881], [-86.7237877768282, 36.1590045730522], [-86.7236888314999, 36.1587878047912], [-86.7235692944062, 36.1584903411993], [-86.7234986682574, 36.1583204510638], [-86.7233300394117, 36.1579282444306], [-86.7229863568271, 36.1571364655085], [-86.7228627516524, 36.1568631996849], [-86.722533898922, 36.1561142740197], [-86.7223308685015, 36.1555796394056], [-86.722210309972, 36.1551272663075], [-86.7221238714433, 36.1547018161844], [-86.7220581804635, 36.1541831848373], [-86.72204888448, 36.1538008598029], [-86.7220364734117, 36.153153367235], [-86.7220222019747, 36.1525284826333], [-86.7220148136264, 36.1520793464063], [-86.7220036630263, 36.1515880444869], [-86.7220013141773, 36.151329833817], [-86.7220073311063, 36.1511534701527], [-86.7220212485089, 36.1509612635452], [-86.7220725467302, 36.1506428113202], [-86.7218831585708, 36.1506286638472], [-86.7220542847762, 36.1492602846025], [-86.7221033740239, 36.1488803499052], [-86.7221134653791, 36.1487966434189], [-86.7221825456646, 36.1482137404944], [-86.7222011596589, 36.1481190267306], [-86.7225198029488, 36.1451968753542], [-86.7225509563545, 36.1446721345761], [-86.7225840546572, 36.1443610909117], [-86.7225846577833, 36.1439700202985], [-86.7225858148973, 36.1438645942858], [-86.722549813118, 36.1436768067854], [-86.7224694218275, 36.1434494524414], [-86.7223977727992, 36.1432987921709], [-86.7223120133751, 36.1431792926397], [-86.7222143775287, 36.143063819925], [-86.721858964762, 36.1426612610012], [-86.7217695766486, 36.142514998773], [-86.7217059450058, 36.1423611996454], [-86.721649924565, 36.1421597961672], [-86.7216373634393, 36.1419888656753], [-86.7216915832405, 36.141666274746], [-86.721744464292, 36.1415224235784], [-86.7218172930315, 36.1413841188973], [-86.7222777480364, 36.1405971707326], [-86.722373794661, 36.1404313291402], [-86.7214293595966, 36.1405296937979], [-86.7206067339072, 36.1406465050883], [-86.7201331602128, 36.1407103726415], [-86.7188571015845, 36.1409188827802], [-86.7171635716416, 36.1412147667982], [-86.7132537811816, 36.141808991285], [-86.7114367749307, 36.1421381002149], [-86.7102579068116, 36.1423503252542], [-86.7100345725867, 36.1416150799868], [-86.7094552180756, 36.1397915102506], [-86.7088773466112, 36.1381310360946], [-86.7082248272338, 36.1369263252076], [-86.7072670646773, 36.1359060811308], [-86.7064805973695, 36.1354373328526], [-86.7054493657289, 36.1352910758467], [-86.7047466658746, 36.1349579785986], [-86.7053429028513, 36.1341715763911], [-86.7060697054076, 36.1330267712906], [-86.7065339115649, 36.1306306580593], [-86.7066617847336, 36.1302545888223], [-86.7072543886009, 36.1292564999931], [-86.707273901411, 36.1288810651722], [-86.7072646183194, 36.1286467589303], [-86.7072229215345, 36.1271330686232], [-86.7083454640452, 36.1271044531236], [-86.7089278888116, 36.1270435307218], [-86.7101810259814, 36.1268558938302], [-86.7104289337696, 36.1268067149392], [-86.7107287887878, 36.1267201163507], [-86.7109505852601, 36.1265911682992], [-86.7095690783903, 36.1255338262079], [-86.7081516130797, 36.1244003972685], [-86.7069774614028, 36.1234937058555], [-86.7049524930925, 36.1219069228923], [-86.7023209078852, 36.1198669355759], [-86.7002792060291, 36.1182812013698], [-86.7026272983779, 36.1170414850566], [-86.7043777192538, 36.116037858425], [-86.7056177199812, 36.1151786683208], [-86.707810905992, 36.1132447400886], [-86.7083255987994, 36.1127795196467], [-86.7090487148454, 36.1122912667448], [-86.7096893128303, 36.1119939031321], [-86.7120155559809, 36.1113277571185], [-86.7142219089092, 36.1107927631124], [-86.7146208997499, 36.1106904739932], [-86.7151055683587, 36.1106568681369], [-86.7156152224945, 36.1106722164812], [-86.7166109546231, 36.110810183664], [-86.7173582716327, 36.1108067712543], [-86.7187629283454, 36.1105372622987], [-86.7216818844154, 36.109633033114], [-86.7208660685023, 36.1085225888725], [-86.7207603470863, 36.1083906730738], [-86.7206022420315, 36.108221984304], [-86.7199004784826, 36.107365988929], [-86.7188058767533, 36.1063056119069], [-86.7176877562679, 36.1054489938263], [-86.713669641684, 36.1026453824362], [-86.7127283816593, 36.101681221154], [-86.7122304300263, 36.1011713129556], [-86.711956722829, 36.1008348337976], [-86.7127569479042, 36.1003851054909], [-86.7136686469257, 36.0998035080405], [-86.7137693475996, 36.0993793425971], [-86.7136880964341, 36.0988130610553], [-86.7138214557852, 36.0982094534244], [-86.7144617811349, 36.0974259978794], [-86.7158406754489, 36.0974686418299], [-86.7171550003134, 36.0973421917888], [-86.7190173323264, 36.0969439311848], [-86.7205079366153, 36.0962884331317], [-86.7215674550927, 36.095688721995], [-86.7257140911999, 36.0923757158093], [-86.7276687745192, 36.0914996248487], [-86.7287976476629, 36.09116636281], [-86.7294835493999, 36.0910576828387], [-86.7299014633097, 36.0909854640518], [-86.7302660389815, 36.0909484117299], [-86.7305662193031, 36.0909117484827], [-86.7309844521076, 36.0908743688713], [-86.7315104095784, 36.0908798898444], [-86.731993354987, 36.0908769589978], [-86.7326694824476, 36.0908728525388], [-86.7335818761963, 36.0908847286916], [-86.7344726460058, 36.0908793060748], [-86.7351381195966, 36.0908839613169], [-86.7358574987705, 36.0909144181645], [-86.7363406085361, 36.0909288902031], [-86.7367811098051, 36.0909784678476], [-86.7375008948418, 36.0910524679596], [-86.7377909069888, 36.0910768257437], [-86.7382205164774, 36.0911090411919], [-86.7389081874692, 36.0911919401754], [-86.7396281386523, 36.0912833501827], [-86.7402297105275, 36.0913406355001], [-86.74078851646, 36.0914156041576], [-86.741637501045, 36.0915323413471], [-86.7421641932795, 36.0916162118094], [-86.7425725912818, 36.0916746765772], [-86.7428197592801, 36.0917079990703], [-86.7430131820303, 36.0917329393073], [-86.7433892203709, 36.0917741771171], [-86.743765011605, 36.091789283322], [-86.7443126842347, 36.0918207487971], [-86.7446883153433, 36.0918184295192], [-86.7453857500033, 36.0917966966129], [-86.7457182061541, 36.0917685090499], [-86.7462543265424, 36.0917129237403], [-86.7464365304327, 36.0916856639957], [-86.7471005367478, 36.0915334613908], [-86.7475822586469, 36.0913998090006], [-86.7484597572338, 36.0911243189701], [-86.7492939921068, 36.0908142487192], [-86.749411551503, 36.0907612495947], [-86.74990259833, 36.0904794395286], [-86.7504362411326, 36.0901625196811], [-86.7506496465202, 36.0900305222447], [-86.7509798698811, 36.0897671324007], [-86.7517364000923, 36.0891874823457], [-86.7531836335741, 36.0878804882564], [-86.7538755752425, 36.0872838041216], [-86.7563019911833, 36.0851256616536], [-86.756546489898, 36.0848802150585], [-86.7569775426384, 36.0844405654695], [-86.7572192666218, 36.0841914628723], [-86.7575459599616, 36.0838472217626], [-86.7578152277502, 36.08355896999], [-86.7581421108875, 36.0832351577413], [-86.7585073740916, 36.0829437252449], [-86.7588147523926, 36.0826600388392], [-86.7592621917755, 36.0822475565313], [-86.7596274096683, 36.081908046065], [-86.7600509394766, 36.0815176883707], [-86.7611843642604, 36.0819718836257], [-86.7614472731848, 36.0820814821516], [-86.7616811893332, 36.0821673975987], [-86.7617949280986, 36.082205482172], [-86.7620325186864, 36.0822774663861], [-86.7621419486081, 36.0823073364826], [-86.7623387099746, 36.082356570989], [-86.7625269240181, 36.0823967593719], [-86.7627146641414, 36.0824316278991], [-86.7628311868113, 36.0824511507709], [-86.7629328530188, 36.0824654449817], [-86.7630967679417, 36.0824862129506], [-86.7634363301826, 36.082515998635], [-86.7636517537732, 36.0825261379476], [-86.7638307294269, 36.0825396006028], [-86.7635233420182, 36.084408198017], [-86.7633357941746, 36.0853920694091], [-86.7631748696323, 36.086362212376], [-86.7629243643943, 36.0878764907362], [-86.7627605091259, 36.0889025801956], [-86.7625927044443, 36.0906802565917], [-86.7625840358429, 36.0922448821731], [-86.762650693178, 36.0936389107356], [-86.7627805364593, 36.0948385031779], [-86.7629298030182, 36.0957498727151], [-86.7630833949997, 36.0964640057224], [-86.7634000474407, 36.0977395832964], [-86.7638040525459, 36.0990261100065], [-86.7647276620835, 36.1012063638808], [-86.7651875612675, 36.1021183964299], [-86.7657193345848, 36.1030862202157], [-86.7665927970873, 36.1043653363671], [-86.7670050748627, 36.1049791994565], [-86.7679501250258, 36.1063356529565], [-86.7685851767618, 36.1072932366956], [-86.7687303470708, 36.1074710706604], [-86.7698030533479, 36.1090187597586], [-86.7711154616645, 36.110871010371], [-86.7717090492623, 36.1118215394042], [-86.7723257502061, 36.112901249012], [-86.7726538256518, 36.1136504822039], [-86.7730545459944, 36.1147839355967], [-86.7731848488598, 36.1152512602954], [-86.7733547674026, 36.1159884218724], [-86.7735347281085, 36.1170476765236], [-86.773600098579, 36.1175776183072], [-86.7736290854524, 36.1180724152004], [-86.7736442890655, 36.1185822263739], [-86.7736402447156, 36.1190498051442], [-86.773578065313, 36.1200135519511], [-86.7735242211149, 36.120383426346], [-86.7734679572751, 36.1207885340727], [-86.7734128485432, 36.1211465924528], [-86.7729967909215, 36.123479105096], [-86.7728566629289, 36.1242607202265], [-86.7727454466219, 36.1248260330685], [-86.7726436984422, 36.1253576926065], [-86.7726060559136, 36.1259092264697], [-86.7725690918767, 36.1265305413966], [-86.7725737091153, 36.1270050435917], [-86.7726105214656, 36.1273813024234], [-86.7726867723842, 36.1280161860812], [-86.7728223828689, 36.1286922208942], [-86.7729561613998, 36.129179852873], [-86.7731240781903, 36.1296393507833], [-86.7733523827643, 36.1301627777457], [-86.7735460671558, 36.1305717486308], [-86.7736877916846, 36.1308844942333], [-86.7738968696727, 36.1312603594071], [-86.7742805904925, 36.1317952340216], [-86.774796066578, 36.1326083960409], [-86.7750357601907, 36.1330039926954], [-86.7753139412046, 36.1336657846304], [-86.7754255085937, 36.1340436631589], [-86.7755137161344, 36.1344383391116], [-86.7755926708769, 36.1348991672638], [-86.7756329447396, 36.1354990478191], [-86.7757355356976, 36.1371941349645], [-86.7758469595407, 36.138303074644], [-86.7759954341132, 36.1391394312295], [-86.77620940494, 36.1400449522428], [-86.7766201504826, 36.1414382754089], [-86.7767368352248, 36.141932989508], [-86.7769349098359, 36.1428319241351], [-86.7770530426295, 36.1436240763923], [-86.777191766992, 36.144761512354], [-86.7772399441893, 36.1459586644731], [-86.7773924912501, 36.1475764713509], [-86.7775182039931, 36.148314835834], [-86.7775391825098, 36.1485955855853], [-86.7769746623958, 36.1486509654819], [-86.776724486548, 36.148682111844], [-86.775828281011, 36.1487802480352], [-86.7746842114712, 36.1490770724107], [-86.7736989415082, 36.1494209417517], [-86.772350927775, 36.1499570860941], [-86.7714148980778, 36.1503259357676], [-86.7706657274011, 36.1506210435622], [-86.7697121536229, 36.1510167049912], [-86.7689302124956, 36.1513400425787], [-86.7680620498292, 36.1517148822067], [-86.7658322197583, 36.1525308582486], [-86.7645295549312, 36.1531199539798], [-86.76351385359, 36.1536112440919], [-86.7625205684883, 36.1541453069686], [-86.7615435387705, 36.1549427517363], [-86.7613585328728, 36.1550983254365], [-86.7608794661501, 36.1556543678607], [-86.7605263052852, 36.1560938942707], [-86.7603284336275, 36.1565223114477], [-86.7601684102351, 36.157188970334], [-86.7601731618508, 36.1578981344978], [-86.7602163500691, 36.1590147863357], [-86.7594272260968, 36.1590295410952], [-86.7587195308444, 36.1591057596429], [-86.7569511050377, 36.1594042770324], [-86.7553171778023, 36.1595985680971], [-86.7534131055537, 36.1599291302783], [-86.7512545828099, 36.1602212422592], [-86.7502287898433, 36.1603799141001], [-86.747665692945, 36.1609704728118], [-86.7457141672189, 36.1615753988218], [-86.7442004264373, 36.1619949142312], [-86.7424546683661, 36.1625109552783], [-86.7398029437912, 36.1631017193818], [-86.7382106881684, 36.1633269420582], [-86.7360233454232, 36.1636321769797], [-86.7337865417703, 36.1638568061342], [-86.7321680144293, 36.164083653799], [-86.7291844359564, 36.164243705453], [-86.7277671533772, 36.1642522599253], [-86.7269023810556, 36.1642938699521], [-86.7260669979447, 36.1643078263493], [-86.7254021612349, 36.1643557770901]]]}}, {"id": "11", "type": "Feature", "properties": {"OBJECTID": 12, "CommunityNumber": 12, "CommunityName": "Southeast", "GlobalID": "b01406e6-8be0-475c-8d01-840515b0127a"}, "geometry": {"type": "Polygon", "coordinates": [[[-86.7638307294269, 36.0825396006028], [-86.7636517537732, 36.0825261379476], [-86.7634363301826, 36.082515998635], [-86.7630967679417, 36.0824862129506], [-86.7629328530188, 36.0824654449817], [-86.7628311868113, 36.0824511507709], [-86.7627146641414, 36.0824316278991], [-86.7625269240181, 36.0823967593719], [-86.7623387099746, 36.082356570989], [-86.7621419486081, 36.0823073364826], [-86.7620325186864, 36.0822774663861], [-86.7617949280986, 36.082205482172], [-86.7616811893332, 36.0821673975987], [-86.7614472731848, 36.0820814821516], [-86.7611843642604, 36.0819718836257], [-86.7600509394766, 36.0815176883707], [-86.7596274096683, 36.081908046065], [-86.7592621917755, 36.0822475565313], [-86.7588147523926, 36.0826600388392], [-86.7585073740916, 36.0829437252449], [-86.7581421108875, 36.0832351577413], [-86.7578152277502, 36.08355896999], [-86.7575459599616, 36.0838472217626], [-86.7572192666218, 36.0841914628723], [-86.7569775426384, 36.0844405654695], [-86.756546489898, 36.0848802150585], [-86.7563019911833, 36.0851256616536], [-86.7538755752425, 36.0872838041216], [-86.7531836335741, 36.0878804882564], [-86.7517364000923, 36.0891874823457], [-86.7509798698811, 36.0897671324007], [-86.7506496465202, 36.0900305222447], [-86.7504362411326, 36.0901625196811], [-86.74990259833, 36.0904794395286], [-86.749411551503, 36.0907612495947], [-86.7492939921068, 36.0908142487192], [-86.7484597572338, 36.0911243189701], [-86.7475822586469, 36.0913998090006], [-86.7471005367478, 36.0915334613908], [-86.7464365304327, 36.0916856639957], [-86.7462543265424, 36.0917129237403], [-86.7457182061541, 36.0917685090499], [-86.7453857500033, 36.0917966966129], [-86.7446883153433, 36.0918184295192], [-86.7443126842347, 36.0918207487971], [-86.743765011605, 36.091789283322], [-86.7433892203709, 36.0917741771171], [-86.7430131820303, 36.0917329393073], [-86.7428197592801, 36.0917079990703], [-86.7425725912818, 36.0916746765772], [-86.7421641932795, 36.0916162118094], [-86.741637501045, 36.0915323413471], [-86.74078851646, 36.0914156041576], [-86.7402297105275, 36.0913406355001], [-86.7396281386523, 36.0912833501827], [-86.7389081874692, 36.0911919401754], [-86.7382205164774, 36.0911090411919], [-86.7377909069888, 36.0910768257437], [-86.7375008948418, 36.0910524679596], [-86.7367811098051, 36.0909784678476], [-86.7363406085361, 36.0909288902031], [-86.7358574987705, 36.0909144181645], [-86.7351381195966, 36.0908839613169], [-86.7344726460058, 36.0908793060748], [-86.7335818761963, 36.0908847286916], [-86.7326694824476, 36.0908728525388], [-86.731993354987, 36.0908769589978], [-86.7315104095784, 36.0908798898444], [-86.7309844521076, 36.0908743688713], [-86.7305662193031, 36.0909117484827], [-86.7302660389815, 36.0909484117299], [-86.7299014633097, 36.0909854640518], [-86.7294835493999, 36.0910576828387], [-86.7287976476629, 36.09116636281], [-86.7276687745192, 36.0914996248487], [-86.7257140911999, 36.0923757158093], [-86.7215674550927, 36.095688721995], [-86.7205079366153, 36.0962884331317], [-86.7190173323264, 36.0969439311848], [-86.7171550003134, 36.0973421917888], [-86.7158406754489, 36.0974686418299], [-86.7144617811349, 36.0974259978794], [-86.7138214557852, 36.0982094534244], [-86.7136880964341, 36.0988130610553], [-86.7137693475996, 36.0993793425971], [-86.7136686469257, 36.0998035080405], [-86.7127569479042, 36.1003851054909], [-86.711956722829, 36.1008348337976], [-86.7088966450821, 36.0970727358725], [-86.7068404825797, 36.0945391369184], [-86.7050626359279, 36.0923419938502], [-86.7019646745191, 36.0885859261955], [-86.7004511691075, 36.086498267442], [-86.6959226188499, 36.0793510688556], [-86.6953710701673, 36.0784460134315], [-86.6948341681281, 36.0775629715025], [-86.6926963329056, 36.0740651714034], [-86.6909005604138, 36.0712918361963], [-86.6900170814464, 36.0701013288731], [-86.6897084204553, 36.0697491264127], [-86.6889021605543, 36.0688291128933], [-86.6829556538159, 36.0631687351276], [-86.6795949956131, 36.0598533910586], [-86.6762405193163, 36.0566311276231], [-86.6729429768157, 36.0535391237862], [-86.6716971699937, 36.0527398163855], [-86.6697214301913, 36.0515903053781], [-86.6613052867894, 36.0466736266086], [-86.657910834533, 36.0446856009429], [-86.6535923630601, 36.0421917275377], [-86.6477002705606, 36.0386375997457], [-86.6472641295706, 36.0382745241976], [-86.644920414021, 36.0362342655005], [-86.6420943564072, 36.0337580345392], [-86.6358557568949, 36.028220599916], [-86.6334926196475, 36.0260494240554], [-86.6268251726123, 36.0200892228354], [-86.6267438777439, 36.0200147449991], [-86.619165973308, 36.013128821228], [-86.6177406417551, 36.0118483466259], [-86.6129812489129, 36.0075609316072], [-86.6141746268655, 36.0000462082964], [-86.6148542284725, 35.9962291783974], [-86.6155914750405, 35.9917338141008], [-86.6132955503561, 35.9915422389719], [-86.609602226118, 35.9912897098824], [-86.6095765055636, 35.9879338452206], [-86.6097474711965, 35.9857635833313], [-86.6073048033855, 35.9854198269718], [-86.6077980650194, 35.9817394066928], [-86.6080137393701, 35.9799416744151], [-86.6097239993525, 35.9800008466566], [-86.6105034361888, 35.9755901037186], [-86.6144270229707, 35.9759937234421], [-86.6142121830191, 35.9751983133664], [-86.6138980375724, 35.9723184814691], [-86.6145715228368, 35.9677386060304], [-86.6192465515906, 35.9682910404841], [-86.6188952904486, 35.9714115708602], [-86.6210239219019, 35.9716208982847], [-86.627826513238, 35.9723144752679], [-86.627527551737, 35.9740448617284], [-86.6357267633932, 35.974595064518], [-86.6487258249305, 35.9756275133201], [-86.648607966195, 35.9765094751755], [-86.6537535302695, 35.9784477622533], [-86.6610339561596, 35.9812724535228], [-86.6679383079579, 35.9839801490087], [-86.675784105487, 35.9869872775378], [-86.6817267013375, 35.9892758271053], [-86.685811173946, 35.9937104324005], [-86.6878748430213, 35.9955033802671], [-86.6894446635197, 35.9951580472261], [-86.6903204297304, 35.9952297794406], [-86.6908630885792, 35.9950441526574], [-86.6916271077631, 35.9945111090946], [-86.6927069319087, 35.9949181800405], [-86.6931177365826, 35.9959441159292], [-86.6986469851651, 35.999343036488], [-86.7066218799923, 36.0042573799074], [-86.7126564249591, 36.0080256201631], [-86.7183864906897, 36.0085777578848], [-86.7325096789403, 36.0099246587629], [-86.7348112418856, 36.0112303111272], [-86.7421053698276, 36.0152958722203], [-86.7496533318963, 36.0191700305241], [-86.7573937786583, 36.0232924992003], [-86.7623286873236, 36.0259426066359], [-86.7695117670642, 36.0297795435991], [-86.7747211356299, 36.032571617564], [-86.7870923134191, 36.0362035894252], [-86.7866351539433, 36.0370528796622], [-86.7865576705209, 36.0374375235392], [-86.7863869117748, 36.0381048776192], [-86.7861992948923, 36.0385622658675], [-86.7859157249332, 36.0390322847253], [-86.7856528392136, 36.0393521134598], [-86.7846525335408, 36.0405830705918], [-86.7837323589438, 36.0416994585718], [-86.7821520163387, 36.0436311235016], [-86.7819289444602, 36.0439379726826], [-86.7815778161338, 36.0443063802353], [-86.7811313215641, 36.0447474330839], [-86.7804417659965, 36.0452740872284], [-86.7797659790877, 36.0456986119754], [-86.7791708342779, 36.0460565881609], [-86.7784805489322, 36.0465112119464], [-86.7777911366938, 36.0470558548798], [-86.7772201971793, 36.0476237398503], [-86.7768478578118, 36.048094308304], [-86.7765135807694, 36.0486786691946], [-86.7762820629274, 36.0491903436919], [-86.7761538958369, 36.0496893470373], [-86.7760640870628, 36.0503321546761], [-86.7760103399449, 36.0523972346224], [-86.7759824690847, 36.0533277457477], [-86.7759188888479, 36.0541615167605], [-86.7757671140408, 36.0547396332602], [-86.77564527203, 36.055130556128], [-86.7754650006152, 36.0555938804457], [-86.7752620276088, 36.0560033300764], [-86.7751312672909, 36.0562382556102], [-86.7748481568176, 36.0567682633104], [-86.7746243475801, 36.0573158944005], [-86.7745246689734, 36.0577066733914], [-86.7744201737829, 36.0583615778628], [-86.773443558033, 36.0582718132451], [-86.772413726795, 36.0602772268043], [-86.7722690578516, 36.060638178588], [-86.7721545818302, 36.0610290500208], [-86.7717218690277, 36.0629044827487], [-86.7709330411758, 36.0661746826599], [-86.7700763297016, 36.0698166937585], [-86.7692419584665, 36.0732379621312], [-86.7691055043603, 36.0736529772005], [-86.7688523854254, 36.0742367967481], [-86.768511010509, 36.0748691936445], [-86.7681981571214, 36.0753933697868], [-86.7678475222048, 36.07583375772], [-86.7674978983835, 36.0762402591027], [-86.7670793552947, 36.0766789410735], [-86.7657921483554, 36.0781396317468], [-86.7652367858866, 36.078821395138], [-86.7649016007206, 36.079333698774], [-86.7646322583981, 36.0797735609201], [-86.7643856726582, 36.0802732983321], [-86.7641691769069, 36.0808268621673], [-86.7640122902137, 36.0814280653201], [-86.7639290452705, 36.081806899954], [-86.7638307294269, 36.0825396006028]]]}}, {"id": "12", "type": "Feature", "properties": {"OBJECTID": 13, "CommunityNumber": 7, "CommunityName": "West Nashville", "GlobalID": "1b77e110-f786-47e3-98eb-3199ed459993"}, "geometry": {"type": "Polygon", "coordinates": [[[-86.8852450556538, 36.078931817624], [-86.8854227273869, 36.0790177855544], [-86.885417190565, 36.0795457958989], [-86.8854405803948, 36.0806195915045], [-86.8855183280413, 36.0825849552732], [-86.8864711613305, 36.0825597532403], [-86.8868193871859, 36.0826032072303], [-86.8871463334949, 36.0826511275474], [-86.8875386344086, 36.0827613704888], [-86.8880664786297, 36.0829459386096], [-86.889072002484, 36.0833605484974], [-86.8895598163476, 36.0834997154844], [-86.8921421346618, 36.0840516935358], [-86.8926643665057, 36.0841572336725], [-86.8931290488541, 36.0842947238074], [-86.8936572394914, 36.084460366831], [-86.8947502490107, 36.0849015008434], [-86.8959118962231, 36.0844833762083], [-86.8964930685221, 36.0843243568504], [-86.8972632719955, 36.0849830964558], [-86.8975667594484, 36.0850718371572], [-86.8979519239189, 36.0853874678877], [-86.8983872737037, 36.0862124929942], [-86.8997078210635, 36.0859660471094], [-86.9008945507673, 36.0858206862525], [-86.9016785478088, 36.085714726057], [-86.902492651562, 36.0853171647798], [-86.9022783249754, 36.087193876595], [-86.9030744296081, 36.0881890839088], [-86.9050216316671, 36.0888025529475], [-86.9055987686976, 36.0892532176426], [-86.9066176968776, 36.0901193283547], [-86.9068247193469, 36.0903164253883], [-86.9072283793209, 36.0905790046673], [-86.907834751591, 36.0909200674862], [-86.9083233317908, 36.0911715301728], [-86.9086912426546, 36.0919697260836], [-86.9090694288165, 36.0921493896803], [-86.9094688683317, 36.09230056174], [-86.9107453202937, 36.0931100951736], [-86.9120220346191, 36.0929821459299], [-86.913272443811, 36.0934369513974], [-86.9135886601035, 36.0936347550487], [-86.9143233647147, 36.0941298556514], [-86.9145310595112, 36.0941255334518], [-86.9155840533108, 36.0935650206006], [-86.9162437326682, 36.0933871105439], [-86.9165350137975, 36.0933666969461], [-86.916816132394, 36.0934555594423], [-86.9170422503414, 36.0935812394315], [-86.9172010987817, 36.0937438305437], [-86.9174191578085, 36.0941973413809], [-86.9179415054718, 36.094730263698], [-86.9172782790462, 36.0955908783851], [-86.916679370569, 36.0961598016785], [-86.9163221743661, 36.0962990158394], [-86.9153947570595, 36.0965974298561], [-86.9149972748507, 36.0967292194844], [-86.9146138143181, 36.096976453646], [-86.9142581120756, 36.0973931129016], [-86.9140052330797, 36.0977001357341], [-86.9139407892542, 36.0979463227806], [-86.9142840637544, 36.0985080890565], [-86.9143334756215, 36.0987189705396], [-86.9135562170933, 36.0996059420938], [-86.9126791411054, 36.1003862501574], [-86.9124636205945, 36.1006684339947], [-86.9123693809286, 36.100752591762], [-86.912042296139, 36.1013055264453], [-86.9118724558524, 36.1014390174773], [-86.9111584154231, 36.1017538124878], [-86.9110136953735, 36.1018641050893], [-86.910702045607, 36.1020668293027], [-86.9107819963431, 36.1021754247364], [-86.9110746680753, 36.1022733132918], [-86.912522959183, 36.1024079619571], [-86.9153134248557, 36.1026175295606], [-86.9158654991146, 36.1026717104585], [-86.9156002956103, 36.1046242859521], [-86.9139510185305, 36.1046817464737], [-86.9130617382691, 36.1053620491928], [-86.912575901212, 36.1060210931122], [-86.9122779562557, 36.1064601438122], [-86.912094622679, 36.1080725606677], [-86.9120435717528, 36.1085281145868], [-86.9119736514054, 36.1092568087442], [-86.9118809840165, 36.1099947746249], [-86.9117570794355, 36.1109240746879], [-86.9116418813874, 36.1116167107916], [-86.9114866267762, 36.1127648167113], [-86.9113103994494, 36.1140403075643], [-86.9111952973971, 36.1147420418162], [-86.9110592206565, 36.1156077325516], [-86.9109973649173, 36.1160815665031], [-86.910857902263, 36.1176117467519], [-86.9107278777433, 36.118968956899], [-86.9105669138944, 36.1205811969918], [-86.9107978189114, 36.1213397239874], [-86.9105238922418, 36.1216276659616], [-86.9099527581239, 36.1221669806101], [-86.9097900779133, 36.1223385301476], [-86.9092735464502, 36.1229158894694], [-86.9088181959231, 36.1232922446394], [-86.9084551178534, 36.123595104071], [-86.9077715939511, 36.1241172261965], [-86.9072354522628, 36.1244253330753], [-86.9068418305281, 36.1246120073942], [-86.9060811686913, 36.1250526289154], [-86.9050143629935, 36.1255578682908], [-86.9044813763348, 36.1258103095617], [-86.9037961675429, 36.1261883684304], [-86.9035018666646, 36.1263262126646], [-86.9024068754624, 36.1269241836421], [-86.9018489356132, 36.1273299911795], [-86.9013078393594, 36.1278384380582], [-86.9006272661835, 36.1286279982004], [-86.9002125018802, 36.1290811080823], [-86.8995471848763, 36.1297620363061], [-86.899079675062, 36.1303056754939], [-86.8980350898845, 36.1315130920301], [-86.8969252619516, 36.1326811506605], [-86.8961096668381, 36.1334735715191], [-86.8955233101983, 36.1339990251742], [-86.895049925132, 36.1343666190475], [-86.8944344682483, 36.1348137725774], [-86.8932260640989, 36.1357003852992], [-86.8923933777633, 36.136302501147], [-86.8916124030208, 36.1368738388853], [-86.8879029575622, 36.1396556974859], [-86.8875167255983, 36.1399589823625], [-86.8875579711797, 36.1401894597551], [-86.8876117080095, 36.1403762118416], [-86.8875447280493, 36.1404438372618], [-86.8877271390068, 36.1406662136798], [-86.8877809042344, 36.1407418789012], [-86.8879019860976, 36.1409313974945], [-86.8879633714128, 36.1410070065553], [-86.8881258695823, 36.1412278119545], [-86.8883062608916, 36.1413828979724], [-86.888437490528, 36.1414954220222], [-86.8885755917022, 36.1416166517589], [-86.8888234890855, 36.1419777886881], [-86.8888848195754, 36.1421239642394], [-86.8889300527393, 36.1422314553288], [-86.889122499906, 36.1422908172925], [-86.8892562031237, 36.1423593683495], [-86.8893626617195, 36.1424145561932], [-86.8894465589946, 36.1424965229534], [-86.8895930107553, 36.142569272029], [-86.8897058082339, 36.142623382666], [-86.8898196699271, 36.1426591140068], [-86.889985706633, 36.1426283579063], [-86.8900936280055, 36.1425873852318], [-86.8902200620612, 36.1425361458791], [-86.8904087484399, 36.1425242802024], [-86.8905257503919, 36.1425380107698], [-86.890665010038, 36.1425733821653], [-86.8907690353798, 36.1426002570927], [-86.890866931095, 36.1426845232546], [-86.890935391919, 36.1427489183956], [-86.8911363669208, 36.1428511378909], [-86.8913136726316, 36.142956794104], [-86.8914691884742, 36.1430447547921], [-86.8917085462095, 36.1431717571851], [-86.8918387411205, 36.1432291711578], [-86.8919545265227, 36.1432992939105], [-86.8918075446654, 36.1435597722773], [-86.8916231370844, 36.1440474937481], [-86.8914579861882, 36.1444702246315], [-86.8913133668846, 36.1449414389547], [-86.8907339615799, 36.1466789706461], [-86.8904014593323, 36.1473961733171], [-86.8900484001831, 36.1482196474907], [-86.8896169170146, 36.1493024422078], [-86.8894603300721, 36.1499240683103], [-86.8892879405869, 36.1506294577844], [-86.8892072307008, 36.1511678475248], [-86.8885674409962, 36.1544659869422], [-86.8881101282797, 36.1568227357207], [-86.8879698872602, 36.1578545595526], [-86.8878796427919, 36.1587225600843], [-86.8878473687223, 36.1594118010382], [-86.8879435055169, 36.1600846332264], [-86.8882194165657, 36.16120342099], [-86.8887646881795, 36.1628540207769], [-86.8894394568213, 36.1643436446559], [-86.8900801552126, 36.1653706933593], [-86.8918765064687, 36.1672765609395], [-86.8936817999087, 36.1693500249825], [-86.8943141725476, 36.1700071422115], [-86.8949705208096, 36.1705859027872], [-86.8957173972455, 36.1712126230753], [-86.8970497714484, 36.1723375587403], [-86.8979283838491, 36.1731172998688], [-86.8992190896105, 36.1740885055022], [-86.9007706689418, 36.175138813066], [-86.9019478787692, 36.1757947075095], [-86.9024435937019, 36.1760882267532], [-86.9030871500513, 36.1766292043235], [-86.9035116480388, 36.177031322689], [-86.9047073165839, 36.178424690491], [-86.9067056838071, 36.1809876726644], [-86.9081153541725, 36.1826709130922], [-86.9096734456857, 36.184264150032], [-86.9112126547916, 36.185958501362], [-86.9116808465177, 36.1865955537042], [-86.9123537912298, 36.1878714722149], [-86.9125566994567, 36.1883503358392], [-86.9128330559048, 36.1894690587295], [-86.912948994922, 36.1899865049073], [-86.9130459822341, 36.1905937133835], [-86.9130494844825, 36.1911220272946], [-86.9130425885133, 36.1920365868531], [-86.912987911121, 36.1924990350237], [-86.9128754332012, 36.1931517231452], [-86.9124299056258, 36.1944893156342], [-86.9120318153066, 36.1954486954132], [-86.9115308371755, 36.1964710877889], [-86.9108843735812, 36.1975433795246], [-86.9103849950914, 36.1983468165239], [-86.9098147586312, 36.1992022287888], [-86.9093237682806, 36.1999921964958], [-86.9088028590373, 36.2007904933167], [-86.9081914712555, 36.2015489396339], [-86.9075597946667, 36.2022832166013], [-86.9068686567338, 36.203066571304], [-86.9062568624638, 36.2037925854785], [-86.9057228447444, 36.2043234720029], [-86.9048402693961, 36.2049866623219], [-86.9039668491701, 36.2055768243077], [-86.9028835778859, 36.2061847613127], [-86.9018077765282, 36.2065689476638], [-86.9010003018943, 36.2068067662253], [-86.8999924936327, 36.2070169284306], [-86.8986598072838, 36.2071568585918], [-86.8975636085498, 36.2071565938838], [-86.8963024630002, 36.2070767957843], [-86.8955015531158, 36.2070097870144], [-86.8947001845856, 36.2069022456099], [-86.8938687254046, 36.2067868154958], [-86.8931367323498, 36.2066220071724], [-86.8922239051769, 36.2063855799484], [-86.8912603452434, 36.2060846757185], [-86.890306159862, 36.2057269516952], [-86.8895829125783, 36.2054485759707], [-86.8854812847877, 36.2035738516689], [-86.8847668968937, 36.2031900069036], [-86.8824709779222, 36.2017882869228], [-86.8810909293393, 36.2009136408922], [-86.8804268388981, 36.2004380908129], [-86.8791104153969, 36.1994727787106], [-86.8780456145273, 36.1986430587306], [-86.8771671865575, 36.1978874925502], [-86.8758842158455, 36.1967214596791], [-86.874551910998, 36.1956125089403], [-86.8737122077531, 36.1947350514734], [-86.8732458928378, 36.1941629083963], [-86.8724354163578, 36.1932122773692], [-86.8717656731204, 36.1923561359425], [-86.8715492476151, 36.1920546090349], [-86.8708295995838, 36.1910704356339], [-86.8703128253165, 36.190244643338], [-86.8696667543249, 36.189259250131], [-86.8686662164738, 36.1876722714935], [-86.8683198649241, 36.1871180287528], [-86.8680548647444, 36.1867766297631], [-86.8673748191432, 36.1858480922132], [-86.8668730314633, 36.1850949675791], [-86.8663784196589, 36.1843394496772], [-86.8659500869265, 36.1835724659267], [-86.8654369272657, 36.1827305371087], [-86.8646109088045, 36.1816361926926], [-86.8630929014584, 36.1792282495531], [-86.8617917321419, 36.1775732916266], [-86.8613503486614, 36.1771044631537], [-86.8609298260514, 36.1766741838158], [-86.8595207245998, 36.175261258593], [-86.8577525202035, 36.1734456830765], [-86.8575283995591, 36.1732422261279], [-86.8563080508184, 36.1721714312971], [-86.8549970370696, 36.1711188545423], [-86.8540587158334, 36.1703230138308], [-86.8532032635559, 36.1697940754178], [-86.8524093474823, 36.1693354064199], [-86.8513423589521, 36.1687291323361], [-86.8505781221093, 36.1683130141293], [-86.8497442672786, 36.1679298037559], [-86.8491891345553, 36.1677200537144], [-86.8485585438262, 36.1674817857815], [-86.8478480596666, 36.1672946680261], [-86.8453829698021, 36.1667445482734], [-86.8444930948661, 36.166648574816], [-86.8435619638871, 36.1665951700024], [-86.8423986389868, 36.1666085718169], [-86.8416927610739, 36.1666134964781], [-86.8410937159372, 36.1666853493463], [-86.8406345870107, 36.1667533953055], [-86.8401758301482, 36.1668825206846], [-86.8395695529188, 36.1671904207874], [-86.8391013831127, 36.1675722455722], [-86.8380247965519, 36.1685872624139], [-86.8377418661508, 36.1688970259132], [-86.8369080245626, 36.1684323219416], [-86.8366157899137, 36.1682327096048], [-86.8364360295144, 36.1680653050733], [-86.8362556215507, 36.1678789773426], [-86.83623592803, 36.167583376337], [-86.8360360788742, 36.1674973851863], [-86.8352023882651, 36.1678324982397], [-86.8344890211366, 36.1655900945358], [-86.8384973716981, 36.1645800536213], [-86.8421844022408, 36.1636757528922], [-86.8438463588764, 36.1632581334506], [-86.8434622327514, 36.1631846921505], [-86.8430299399745, 36.1630427737701], [-86.8424882929876, 36.1628235495334], [-86.8420401485323, 36.1625884333523], [-86.8415829209249, 36.1622874624152], [-86.8412395025726, 36.1619948649205], [-86.8409550627029, 36.1617304046328], [-86.840631978181, 36.1613842511063], [-86.8403085595801, 36.1610428057112], [-86.8397878282682, 36.1603408033139], [-86.839357721606, 36.1597495377334], [-86.8391472400614, 36.1594496660768], [-86.8389917329013, 36.1591907144], [-86.8388277661449, 36.1588347985916], [-86.8387185695468, 36.158397973178], [-86.8386607164274, 36.1575498783606], [-86.8385678557003, 36.1570905892586], [-86.8384319173364, 36.1567188287152], [-86.8382376095378, 36.1563752305351], [-86.8380087892374, 36.156064894048], [-86.8372198341307, 36.1549073350333], [-86.8366140445431, 36.154023389056], [-86.8365227107359, 36.1540320528923], [-86.836355938338, 36.1540373294873], [-86.8361751741364, 36.1540408141755], [-86.8358280716988, 36.1540506016109], [-86.8356621948032, 36.1540605067669], [-86.8355352318498, 36.1540665367056], [-86.8352301713673, 36.1540880498618], [-86.8350309168904, 36.1541048812039], [-86.8346887168844, 36.1541379817413], [-86.8343702788415, 36.1541758961235], [-86.8341233413246, 36.1542083363559], [-86.8338388263675, 36.1542509939552], [-86.8336333988327, 36.1542848632849], [-86.8334685554591, 36.1543126143933], [-86.8333176785038, 36.1543397537522], [-86.8331782312351, 36.1543666423152], [-86.8329204898288, 36.1544187277152], [-86.8327920595052, 36.1544463982556], [-86.8322014107829, 36.1546104911258], [-86.8304949446747, 36.1550492483998], [-86.8284601703837, 36.1555970288763], [-86.8283327106162, 36.1556368781969], [-86.8282048237382, 36.1556763869264], [-86.8280773583413, 36.1557157209336], [-86.8279490424362, 36.1557547172537], [-86.8278211480145, 36.1557935388515], [-86.8276932516772, 36.1558321886323], [-86.8275649300246, 36.1558706694999], [-86.8274366046678, 36.1559088068687], [-86.8273082773981, 36.1559467724197], [-86.8271795248151, 36.1559845690549], [-86.8270507685314, 36.1560220221906], [-86.8269220103373, 36.1560593035076], [-86.8266644864335, 36.1561331790044], [-86.8264762171763, 36.1561713985899], [-86.8262593742256, 36.1562226058088], [-86.8260812638527, 36.1562464245598], [-86.825930971893, 36.1562655336952], [-86.8257862546644, 36.1562846044959], [-86.8256471093487, 36.1563036370014], [-86.8254467520492, 36.1563321282711], [-86.8252351537929, 36.1563516535685], [-86.8250791954672, 36.1563617601697], [-86.8248729811489, 36.1563631698743], [-86.8245852937278, 36.1563233893275], [-86.8241161685037, 36.1561640004614], [-86.823779969322, 36.1559606074798], [-86.8235110039773, 36.1557890330936], [-86.8232142437646, 36.1555094810092], [-86.822970584176, 36.1551646660464], [-86.8228875559301, 36.1549161053971], [-86.8228101861548, 36.1547003155266], [-86.8227891040687, 36.1545684111567], [-86.8226423615458, 36.1530748217819], [-86.8226409035787, 36.1530272978609], [-86.8225425718501, 36.1498195090826], [-86.8225296285673, 36.1496327948468], [-86.8225227335818, 36.1495394406109], [-86.8225162601998, 36.149445911805], [-86.8225089418803, 36.1493525604495], [-86.8224951520229, 36.1491658519586], [-86.8224805155024, 36.1489791492285], [-86.8224216727441, 36.1485193659718], [-86.8224012128777, 36.1483385977022], [-86.8223653821133, 36.1481096928801], [-86.8223258983784, 36.1478425733485], [-86.822474241549, 36.1477270175491], [-86.8225813964579, 36.1476454309108], [-86.8226539372503, 36.1475738575405], [-86.8227510810877, 36.1474694923094], [-86.8228574281398, 36.1473544192357], [-86.8230085807392, 36.1471914813535], [-86.8231317223272, 36.1470629013758], [-86.8232187970249, 36.1469675324993], [-86.8234440068077, 36.1467097007977], [-86.8236081224124, 36.1465131773796], [-86.8237639981996, 36.1463234495223], [-86.8239279723319, 36.1461134497994], [-86.8241738955534, 36.1457950848285], [-86.8244760751196, 36.1452944060374], [-86.8251373119859, 36.144171374805], [-86.8259451066296, 36.1427643368924], [-86.8265098497704, 36.1419519062296], [-86.8269693349886, 36.1414029773693], [-86.8273724221838, 36.141022885717], [-86.8277764216707, 36.1407303777675], [-86.8283705505179, 36.1403489718271], [-86.8288913231463, 36.1401028260275], [-86.8295948320055, 36.1398554216139], [-86.8303335743235, 36.13962488504], [-86.8319389697778, 36.1392126434485], [-86.8376138637344, 36.1377583907862], [-86.8419628033363, 36.1366163420899], [-86.842459306308, 36.13643768612], [-86.8429385502392, 36.1361985062246], [-86.8436516625573, 36.1358494805801], [-86.844475078457, 36.1353994090828], [-86.8450242014063, 36.1349858669553], [-86.8457188641985, 36.1344136797109], [-86.8462622251257, 36.1338563676938], [-86.846695755126, 36.1333287396086], [-86.8470406800377, 36.1327833080182], [-86.8474463579327, 36.1320567136947], [-86.8477485261357, 36.131283906209], [-86.8479124637616, 36.1305912801742], [-86.8482484161704, 36.1288249864281], [-86.8484252428509, 36.1280541611661], [-86.8486921100185, 36.1273784779979], [-86.849221778593, 36.1264246826988], [-86.8498115867486, 36.1256591263527], [-86.8503776958974, 36.1250082819712], [-86.8508785843509, 36.1244724428534], [-86.8513052294131, 36.1239842912776], [-86.8502343645668, 36.1232573921057], [-86.8500661791304, 36.1230631747448], [-86.8479638754928, 36.1208523456804], [-86.8477420401121, 36.1208455994746], [-86.8475170595828, 36.1208637890626], [-86.8473945118019, 36.1208895618486], [-86.8472481720363, 36.1209238070876], [-86.8471014187355, 36.1209193023261], [-86.8469201382837, 36.1208762847968], [-86.8467695607443, 36.1208330537571], [-86.8466872137302, 36.120789343623], [-86.8465944241262, 36.1207263303613], [-86.8464669013063, 36.1206054316808], [-86.8464221089548, 36.1205642255478], [-86.8462800278355, 36.1203576201924], [-86.8461521226369, 36.1202007388534], [-86.8460830374719, 36.1201209502709], [-86.8460002492202, 36.1200357223067], [-86.8459276943232, 36.1199504225188], [-86.8458415543235, 36.1198707534008], [-86.8457312661658, 36.1197663417189], [-86.8456383311202, 36.1196894878229], [-86.8455558090622, 36.1196291695022], [-86.8453908831846, 36.1195196027642], [-86.8453256524366, 36.1194813094785], [-86.8453050065811, 36.1194648455227], [-86.845229395461, 36.1194127817235], [-86.845170611857, 36.1193747224678], [-86.8451639614481, 36.1193551111182], [-86.8450850278824, 36.1193113759737], [-86.8449957701372, 36.1192594099262], [-86.8449271581905, 36.1192239055479], [-86.8447830269195, 36.119144641875], [-86.8447107685857, 36.1190870188184], [-86.8446076317039, 36.1190130032962], [-86.8445320214956, 36.1189609413431], [-86.8444700259879, 36.1189060140116], [-86.8444146787996, 36.1188344314631], [-86.8443386568384, 36.1187436195331], [-86.8442553127341, 36.1186058005988], [-86.8442156385172, 36.1185386226935], [-86.8441702327885, 36.1183046796107], [-86.8441444698627, 36.1181277071338], [-86.844126794221, 36.1180697017182], [-86.8440848858671, 36.1179786485878], [-86.8440537135288, 36.1179345785281], [-86.8440288002137, 36.1179057180622], [-86.8439667615835, 36.1178301644535], [-86.8438868049963, 36.1177635040734], [-86.8438178122515, 36.1177113793449], [-86.8436574960159, 36.117540063864], [-86.843540995476, 36.1174239748436], [-86.8434643009628, 36.1173251408721], [-86.843427722726, 36.1172727892456], [-86.8434132119671, 36.1172550138083], [-86.843484491146, 36.1168026319128], [-86.8436723893578, 36.1156993754463], [-86.8434373177254, 36.115674949265], [-86.8428915123954, 36.1156109634021], [-86.8435467717777, 36.1125132132539], [-86.8436634595251, 36.1119773346602], [-86.8438771481421, 36.1109609776812], [-86.8437942613557, 36.1109572217142], [-86.8439410011294, 36.1101798681317], [-86.8435185107304, 36.1100787236091], [-86.8430198684822, 36.1100084931581], [-86.8429604759691, 36.1086081383204], [-86.8429990552456, 36.1079843298644], [-86.8430914021235, 36.1073161318377], [-86.8435476618186, 36.105163563455], [-86.8438006805527, 36.1043035116047], [-86.8438855373583, 36.1037820775878], [-86.8439559781578, 36.103605525507], [-86.8442035298821, 36.1023519952561], [-86.8443159204048, 36.1017791086708], [-86.8459997143873, 36.0968685144488], [-86.8465118113748, 36.095530498217], [-86.8467281990057, 36.0948479128374], [-86.8469904734974, 36.0928613492242], [-86.8480000080623, 36.0929205422609], [-86.8486252294815, 36.0929824299054], [-86.8493368373156, 36.0930359085614], [-86.8496725441984, 36.0920821236547], [-86.8503547113785, 36.0902836549901], [-86.8510317523394, 36.0884579224666], [-86.8516146507954, 36.0869008181473], [-86.8520080739996, 36.0858736118308], [-86.8521585671259, 36.0855723057399], [-86.8523288138454, 36.0853215492315], [-86.8528269003798, 36.0847331365475], [-86.8530310132276, 36.0845047553081], [-86.8531713167727, 36.084329073718], [-86.8532254177693, 36.0843567667221], [-86.8532798845145, 36.0844187689907], [-86.8533850806185, 36.0845521608128], [-86.8534590320962, 36.084638980632], [-86.8535094906269, 36.0846854142367], [-86.8536451588066, 36.0847936322738], [-86.8538424462125, 36.0849138927154], [-86.853985434116, 36.0849877466581], [-86.8541052641431, 36.0850524058678], [-86.854190105549, 36.0850798783821], [-86.8542751846583, 36.0851291866873], [-86.8543563529178, 36.0851722843307], [-86.8544144301358, 36.0852124252557], [-86.8544805278495, 36.085283703172], [-86.8544925263651, 36.0853272886264], [-86.854543220836, 36.0853955576595], [-86.8545508242472, 36.0854288243795], [-86.8545744667242, 36.0854421269876], [-86.8547138808686, 36.0855409609442], [-86.8549068607036, 36.0856175774065], [-86.855538600599, 36.0813751999974], [-86.8566336125823, 36.0748200434857], [-86.8573818254489, 36.0701140346594], [-86.8606035411388, 36.0702905436934], [-86.8605371019016, 36.0706122478713], [-86.8605518888464, 36.0709506678101], [-86.8606596604664, 36.0712346047591], [-86.8608079758162, 36.0714949951048], [-86.8611175068256, 36.0718403388375], [-86.861464832287, 36.0720815942932], [-86.8617669505582, 36.072255470511], [-86.86201986707, 36.0725064282267], [-86.8623020514108, 36.0728925857523], [-86.8626010152033, 36.0732876515277], [-86.862913179962, 36.0736365545123], [-86.8635909656288, 36.0743367634628], [-86.8644058951264, 36.0751388731699], [-86.8641830053168, 36.0756053793346], [-86.8639291620729, 36.07629327808], [-86.8656550929946, 36.076727452037], [-86.8689536381404, 36.0772384395396], [-86.8682108055207, 36.0784606808434], [-86.8678588959323, 36.0791675600539], [-86.8672786802687, 36.0804734584903], [-86.8671370488492, 36.0807705082654], [-86.8670684779406, 36.080985725837], [-86.8670312825372, 36.0812459816518], [-86.8669662216224, 36.0818061453559], [-86.8668912881822, 36.0824585125584], [-86.8668518239578, 36.0827417667479], [-86.8668099528757, 36.0829205205132], [-86.8667438553937, 36.0831026465638], [-86.8670018171188, 36.0833019291185], [-86.8670549989711, 36.0844672340755], [-86.8670735640568, 36.084586237644], [-86.8671438528629, 36.0846978593981], [-86.8676481701467, 36.0850236123379], [-86.8685434336474, 36.0855708020494], [-86.8687441414336, 36.0857655827405], [-86.8723382481863, 36.0859849141019], [-86.8731076833071, 36.0860774569119], [-86.8731242552375, 36.0860142645911], [-86.875647397047, 36.0861992007943], [-86.8781534375112, 36.0863982238882], [-86.8802272850615, 36.0865512959851], [-86.882015618835, 36.0866503566078], [-86.8821584158517, 36.086291900351], [-86.8834572885448, 36.0827503198141], [-86.8840777951668, 36.0810988712036], [-86.8842715095946, 36.0806629508859], [-86.8844995991722, 36.0802127606293], [-86.8846683470853, 36.0798611178226], [-86.8848885808118, 36.0794810643834], [-86.8850583403437, 36.0792205184788], [-86.8852450556538, 36.078931817624]]]}}, {"id": "13", "type": "Feature", "properties": {"OBJECTID": 14, "CommunityNumber": 10, "CommunityName": "Green Hills - Midtown", "GlobalID": "a0c6173b-3c71-4927-a834-d2d1746a714f"}, "geometry": {"type": "Polygon", "coordinates": [[[-86.9029789539089, 36.0497060942165], [-86.9010392417915, 36.0515797151707], [-86.9002937559601, 36.0523091183019], [-86.8996987908922, 36.0528956888865], [-86.8991680928918, 36.053403990529], [-86.8986819439111, 36.0538621878112], [-86.8992965615742, 36.0540799828099], [-86.8996607308978, 36.0542309673004], [-86.899960543556, 36.0543889741469], [-86.9002160616294, 36.0545473111119], [-86.9004885382291, 36.0547807363078], [-86.900819102928, 36.0551641599679], [-86.9010035099746, 36.055444026247], [-86.9011195307747, 36.055730944137], [-86.9011954669066, 36.0560345119278], [-86.901337654767, 36.0564978316994], [-86.9015033764343, 36.0569053769332], [-86.9016763378519, 36.0572409237407], [-86.9019202549965, 36.0575577026455], [-86.902184177773, 36.0578580886117], [-86.9024895866774, 36.0582780593399], [-86.9026871165578, 36.0586856874618], [-86.9028021058881, 36.0589796326464], [-86.9031266651331, 36.0597026275352], [-86.9033735403442, 36.0601392955055], [-86.9035935809784, 36.0605589942709], [-86.9036780352031, 36.0606962350101], [-86.903820340528, 36.0609370911899], [-86.9039341322867, 36.0611251062022], [-86.9041902321346, 36.0615539768066], [-86.9046540977288, 36.0623202570465], [-86.9040723587654, 36.0625685687236], [-86.9028470496783, 36.063233125882], [-86.9021466884753, 36.0637570706019], [-86.9013809353474, 36.0644454720456], [-86.9007394851106, 36.0652057396698], [-86.900164946838, 36.0659746039878], [-86.8995474327648, 36.0668711861275], [-86.898818654156, 36.0678415662172], [-86.8983329150273, 36.0685367871877], [-86.8976154228271, 36.0694979752861], [-86.8971063224896, 36.070111464882], [-86.896463553595, 36.0707625179774], [-86.8954093508545, 36.0717261956286], [-86.8942922039483, 36.0727609923021], [-86.8933431364613, 36.0735739605419], [-86.8924190832037, 36.0743096481135], [-86.8909365229036, 36.0752807226259], [-86.8886204478687, 36.0766013227623], [-86.8865100653327, 36.0777942200104], [-86.8860219318554, 36.0781482133696], [-86.8856200388742, 36.0784945613616], [-86.8852450556538, 36.078931817624], [-86.8850583403437, 36.0792205184788], [-86.8848885808118, 36.0794810643834], [-86.8846683470853, 36.0798611178226], [-86.8844995991722, 36.0802127606293], [-86.8842715095946, 36.0806629508859], [-86.8840777951668, 36.0810988712036], [-86.8834572885448, 36.0827503198141], [-86.8821584158517, 36.086291900351], [-86.882015618835, 36.0866503566078], [-86.8802272850615, 36.0865512959851], [-86.8781534375112, 36.0863982238882], [-86.875647397047, 36.0861992007943], [-86.8731242552375, 36.0860142645911], [-86.8731076833071, 36.0860774569119], [-86.8723382481863, 36.0859849141019], [-86.8687441414336, 36.0857655827405], [-86.8685434336474, 36.0855708020494], [-86.8676481701467, 36.0850236123379], [-86.8671438528629, 36.0846978593981], [-86.8670735640568, 36.084586237644], [-86.8670549989711, 36.0844672340755], [-86.8670018171188, 36.0833019291185], [-86.8667438553937, 36.0831026465638], [-86.8668099528757, 36.0829205205132], [-86.8668518239578, 36.0827417667479], [-86.8668912881822, 36.0824585125584], [-86.8669662216224, 36.0818061453559], [-86.8670312825372, 36.0812459816518], [-86.8670684779406, 36.080985725837], [-86.8671370488492, 36.0807705082654], [-86.8672786802687, 36.0804734584903], [-86.8678588959323, 36.0791675600539], [-86.8682108055207, 36.0784606808434], [-86.8689536381404, 36.0772384395396], [-86.8656550929946, 36.076727452037], [-86.8639291620729, 36.07629327808], [-86.8641830053168, 36.0756053793346], [-86.8644058951264, 36.0751388731699], [-86.8635909656288, 36.0743367634628], [-86.862913179962, 36.0736365545123], [-86.8626010152033, 36.0732876515277], [-86.8623020514108, 36.0728925857523], [-86.86201986707, 36.0725064282267], [-86.8617669505582, 36.072255470511], [-86.861464832287, 36.0720815942932], [-86.8611175068256, 36.0718403388375], [-86.8608079758162, 36.0714949951048], [-86.8606596604664, 36.0712346047591], [-86.8605518888464, 36.0709506678101], [-86.8605371019016, 36.0706122478713], [-86.8606035411388, 36.0702905436934], [-86.8573818254489, 36.0701140346594], [-86.8566336125823, 36.0748200434857], [-86.855538600599, 36.0813751999974], [-86.8549068607036, 36.0856175774065], [-86.8547138808686, 36.0855409609442], [-86.8545744667242, 36.0854421269876], [-86.8545508242472, 36.0854288243795], [-86.854543220836, 36.0853955576595], [-86.8544925263651, 36.0853272886264], [-86.8544805278495, 36.085283703172], [-86.8544144301358, 36.0852124252557], [-86.8543563529178, 36.0851722843307], [-86.8542751846583, 36.0851291866873], [-86.854190105549, 36.0850798783821], [-86.8541052641431, 36.0850524058678], [-86.853985434116, 36.0849877466581], [-86.8538424462125, 36.0849138927154], [-86.8536451588066, 36.0847936322738], [-86.8535094906269, 36.0846854142367], [-86.8534590320962, 36.084638980632], [-86.8533850806185, 36.0845521608128], [-86.8532798845145, 36.0844187689907], [-86.8532254177693, 36.0843567667221], [-86.8531713167727, 36.084329073718], [-86.8530310132276, 36.0845047553081], [-86.8528269003798, 36.0847331365475], [-86.8523288138454, 36.0853215492315], [-86.8521585671259, 36.0855723057399], [-86.8520080739996, 36.0858736118308], [-86.8516146507954, 36.0869008181473], [-86.8510317523394, 36.0884579224666], [-86.8503547113785, 36.0902836549901], [-86.8496725441984, 36.0920821236547], [-86.8493368373156, 36.0930359085614], [-86.8486252294815, 36.0929824299054], [-86.8480000080623, 36.0929205422609], [-86.8469904734974, 36.0928613492242], [-86.8467281990057, 36.0948479128374], [-86.8465118113748, 36.095530498217], [-86.8459997143873, 36.0968685144488], [-86.8443159204048, 36.1017791086708], [-86.8442035298821, 36.1023519952561], [-86.8439559781578, 36.103605525507], [-86.8438855373583, 36.1037820775878], [-86.8438006805527, 36.1043035116047], [-86.8435476618186, 36.105163563455], [-86.8430914021235, 36.1073161318377], [-86.8429990552456, 36.1079843298644], [-86.8429604759691, 36.1086081383204], [-86.8430198684822, 36.1100084931581], [-86.8435185107304, 36.1100787236091], [-86.8439410011294, 36.1101798681317], [-86.8437942613557, 36.1109572217142], [-86.8438771481421, 36.1109609776812], [-86.8436634595251, 36.1119773346602], [-86.8435467717777, 36.1125132132539], [-86.8428915123954, 36.1156109634021], [-86.8434373177254, 36.115674949265], [-86.8436723893578, 36.1156993754463], [-86.843484491146, 36.1168026319128], [-86.8434132119671, 36.1172550138083], [-86.843427722726, 36.1172727892456], [-86.8434643009628, 36.1173251408721], [-86.843540995476, 36.1174239748436], [-86.8436574960159, 36.117540063864], [-86.8438178122515, 36.1177113793449], [-86.8438868049963, 36.1177635040734], [-86.8439667615835, 36.1178301644535], [-86.8440288002137, 36.1179057180622], [-86.8440537135288, 36.1179345785281], [-86.8440848858671, 36.1179786485878], [-86.844126794221, 36.1180697017182], [-86.8441444698627, 36.1181277071338], [-86.8441702327885, 36.1183046796107], [-86.8442156385172, 36.1185386226935], [-86.8442553127341, 36.1186058005988], [-86.8443386568384, 36.1187436195331], [-86.8444146787996, 36.1188344314631], [-86.8444700259879, 36.1189060140116], [-86.8445320214956, 36.1189609413431], [-86.8446076317039, 36.1190130032962], [-86.8447107685857, 36.1190870188184], [-86.8447830269195, 36.119144641875], [-86.8449271581905, 36.1192239055479], [-86.8449957701372, 36.1192594099262], [-86.8450850278824, 36.1193113759737], [-86.8451639614481, 36.1193551111182], [-86.845170611857, 36.1193747224678], [-86.845229395461, 36.1194127817235], [-86.8453050065811, 36.1194648455227], [-86.8453256524366, 36.1194813094785], [-86.8453908831846, 36.1195196027642], [-86.8455558090622, 36.1196291695022], [-86.8456383311202, 36.1196894878229], [-86.8457312661658, 36.1197663417189], [-86.8458415543235, 36.1198707534008], [-86.8459276943232, 36.1199504225188], [-86.8460002492202, 36.1200357223067], [-86.8460830374719, 36.1201209502709], [-86.8461521226369, 36.1202007388534], [-86.8462800278355, 36.1203576201924], [-86.8464221089548, 36.1205642255478], [-86.8464669013063, 36.1206054316808], [-86.8465944241262, 36.1207263303613], [-86.8466872137302, 36.120789343623], [-86.8467695607443, 36.1208330537571], [-86.8469201382837, 36.1208762847968], [-86.8471014187355, 36.1209193023261], [-86.8472481720363, 36.1209238070876], [-86.8473945118019, 36.1208895618486], [-86.8475170595828, 36.1208637890626], [-86.8477420401121, 36.1208455994746], [-86.8479638754928, 36.1208523456804], [-86.8500661791304, 36.1230631747448], [-86.8502343645668, 36.1232573921057], [-86.8513052294131, 36.1239842912776], [-86.8508785843509, 36.1244724428534], [-86.8503776958974, 36.1250082819712], [-86.8498115867486, 36.1256591263527], [-86.849221778593, 36.1264246826988], [-86.8486921100185, 36.1273784779979], [-86.8484252428509, 36.1280541611661], [-86.8482484161704, 36.1288249864281], [-86.8479124637616, 36.1305912801742], [-86.8477485261357, 36.131283906209], [-86.8474463579327, 36.1320567136947], [-86.8470406800377, 36.1327833080182], [-86.846695755126, 36.1333287396086], [-86.8462622251257, 36.1338563676938], [-86.8457188641985, 36.1344136797109], [-86.8450242014063, 36.1349858669553], [-86.844475078457, 36.1353994090828], [-86.8436516625573, 36.1358494805801], [-86.8429385502392, 36.1361985062246], [-86.842459306308, 36.13643768612], [-86.8419628033363, 36.1366163420899], [-86.8376138637344, 36.1377583907862], [-86.8319389697778, 36.1392126434485], [-86.8303335743235, 36.13962488504], [-86.8295948320055, 36.1398554216139], [-86.8288913231463, 36.1401028260275], [-86.8283705505179, 36.1403489718271], [-86.8277764216707, 36.1407303777675], [-86.8273724221838, 36.141022885717], [-86.8269693349886, 36.1414029773693], [-86.8265098497704, 36.1419519062296], [-86.8259451066296, 36.1427643368924], [-86.8251373119859, 36.144171374805], [-86.8244760751196, 36.1452944060374], [-86.8241738955534, 36.1457950848285], [-86.8239279723319, 36.1461134497994], [-86.8237639981996, 36.1463234495223], [-86.8236081224124, 36.1465131773796], [-86.8234440068077, 36.1467097007977], [-86.8232187970249, 36.1469675324993], [-86.8231317223272, 36.1470629013758], [-86.8230085807392, 36.1471914813535], [-86.8228574281398, 36.1473544192357], [-86.8227510810877, 36.1474694923094], [-86.8226539372503, 36.1475738575405], [-86.8225813964579, 36.1476454309108], [-86.822474241549, 36.1477270175491], [-86.8223258983784, 36.1478425733485], [-86.8223653821133, 36.1481096928801], [-86.8224012128777, 36.1483385977022], [-86.8224216727441, 36.1485193659718], [-86.8224805155024, 36.1489791492285], [-86.8224951520229, 36.1491658519586], [-86.8225089418803, 36.1493525604495], [-86.8225162601998, 36.149445911805], [-86.8225227335818, 36.1495394406109], [-86.8225296285673, 36.1496327948468], [-86.8225425718501, 36.1498195090826], [-86.8226409035787, 36.1530272978609], [-86.8208882766439, 36.1533913368425], [-86.8207661537168, 36.1535765912477], [-86.8206016448262, 36.1536615398326], [-86.8203963100582, 36.1537970627043], [-86.8199852948197, 36.1540345768918], [-86.8184852260841, 36.1549165840297], [-86.8168405895227, 36.1558163148311], [-86.8154009195778, 36.1565469809295], [-86.8123735843373, 36.1581520230584], [-86.8123362747105, 36.1581482886385], [-86.8077666408128, 36.1577059474992], [-86.806770780102, 36.1576295097317], [-86.8059027319428, 36.1575463727425], [-86.8052504241741, 36.1574837668559], [-86.804806232663, 36.1574415747162], [-86.8040038831525, 36.1573645102651], [-86.8038354053156, 36.1570768452504], [-86.8036072744302, 36.1571286705827], [-86.802859068543, 36.1572967587162], [-86.8027069868397, 36.1573319372512], [-86.8015117437221, 36.1575955320347], [-86.8013993089128, 36.1576153366234], [-86.8012348690375, 36.1576428691827], [-86.800986863956, 36.157697740257], [-86.8007436442405, 36.157765284331], [-86.8005052045917, 36.1578449863892], [-86.8002551287693, 36.1579465701114], [-86.8001088640423, 36.1580129548556], [-86.7999709773495, 36.158070355862], [-86.7990440986673, 36.1584523316996], [-86.7986262026828, 36.1586249019562], [-86.7981534816507, 36.1588198100133], [-86.7976217281905, 36.1590398301077], [-86.7968222517211, 36.1593763064594], [-86.7966063703943, 36.1594683853393], [-86.796188942297, 36.1596464381145], [-86.7954283225785, 36.1599740641144], [-86.7930883355666, 36.1610232591911], [-86.7923711250501, 36.1596046048409], [-86.7911274831166, 36.1582057431466], [-86.7901660115101, 36.1570314837922], [-86.7892962140869, 36.1558531099299], [-86.7887117800564, 36.1550560578431], [-86.7884480853157, 36.154612526831], [-86.7879773395277, 36.1538396053263], [-86.7865977785541, 36.151867957679], [-86.7855885479936, 36.150730542714], [-86.7835730713496, 36.1495211938424], [-86.7813711623129, 36.1488073225607], [-86.7797539410292, 36.1486034699636], [-86.7787780883266, 36.1485358547775], [-86.7781583806246, 36.1485398527364], [-86.7775391825098, 36.1485955855853], [-86.7775182039931, 36.148314835834], [-86.7773924912501, 36.1475764713509], [-86.7772399441893, 36.1459586644731], [-86.777191766992, 36.144761512354], [-86.7770530426295, 36.1436240763923], [-86.7769349098359, 36.1428319241351], [-86.7767368352248, 36.141932989508], [-86.7766201504826, 36.1414382754089], [-86.77620940494, 36.1400449522428], [-86.7759954341132, 36.1391394312295], [-86.7758469595407, 36.138303074644], [-86.7757355356976, 36.1371941349645], [-86.7756329447396, 36.1354990478191], [-86.7755926708769, 36.1348991672638], [-86.7755137161344, 36.1344383391116], [-86.7754255085937, 36.1340436631589], [-86.7753139412046, 36.1336657846304], [-86.7750357601907, 36.1330039926954], [-86.774796066578, 36.1326083960409], [-86.7742805904925, 36.1317952340216], [-86.7738968696727, 36.1312603594071], [-86.7736877916846, 36.1308844942333], [-86.7735460671558, 36.1305717486308], [-86.7733523827643, 36.1301627777457], [-86.7731240781903, 36.1296393507833], [-86.7729561613998, 36.129179852873], [-86.7728223828689, 36.1286922208942], [-86.7726867723842, 36.1280161860812], [-86.7726105214656, 36.1273813024234], [-86.7725737091153, 36.1270050435917], [-86.7725690918767, 36.1265305413966], [-86.7726060559136, 36.1259092264697], [-86.7726436984422, 36.1253576926065], [-86.7727454466219, 36.1248260330685], [-86.7728566629289, 36.1242607202265], [-86.7729967909215, 36.123479105096], [-86.7734128485432, 36.1211465924528], [-86.7734679572751, 36.1207885340727], [-86.7735242211149, 36.120383426346], [-86.773578065313, 36.1200135519511], [-86.7736402447156, 36.1190498051442], [-86.7736442890655, 36.1185822263739], [-86.7736290854524, 36.1180724152004], [-86.773600098579, 36.1175776183072], [-86.7735347281085, 36.1170476765236], [-86.7733547674026, 36.1159884218724], [-86.7731848488598, 36.1152512602954], [-86.7730545459944, 36.1147839355967], [-86.7726538256518, 36.1136504822039], [-86.7723257502061, 36.112901249012], [-86.7717090492623, 36.1118215394042], [-86.7711154616645, 36.110871010371], [-86.7698030533479, 36.1090187597586], [-86.7687303470708, 36.1074710706604], [-86.7685851767618, 36.1072932366956], [-86.7679501250258, 36.1063356529565], [-86.7670050748627, 36.1049791994565], [-86.7665927970873, 36.1043653363671], [-86.7657193345848, 36.1030862202157], [-86.7651875612675, 36.1021183964299], [-86.7647276620835, 36.1012063638808], [-86.7638040525459, 36.0990261100065], [-86.7634000474407, 36.0977395832964], [-86.7630833949997, 36.0964640057224], [-86.7629298030182, 36.0957498727151], [-86.7627805364593, 36.0948385031779], [-86.762650693178, 36.0936389107356], [-86.7625840358429, 36.0922448821731], [-86.7625927044443, 36.0906802565917], [-86.7627605091259, 36.0889025801956], [-86.7629243643943, 36.0878764907362], [-86.7631748696323, 36.086362212376], [-86.7633357941746, 36.0853920694091], [-86.7635233420182, 36.084408198017], [-86.7638307294269, 36.0825396006028], [-86.7639290452705, 36.081806899954], [-86.7640122902137, 36.0814280653201], [-86.7641691769069, 36.0808268621673], [-86.7643856726582, 36.0802732983321], [-86.7646322583981, 36.0797735609201], [-86.7649016007206, 36.079333698774], [-86.7652367858866, 36.078821395138], [-86.7657921483554, 36.0781396317468], [-86.7670793552947, 36.0766789410735], [-86.7674978983835, 36.0762402591027], [-86.7678475222048, 36.07583375772], [-86.7681981571214, 36.0753933697868], [-86.768511010509, 36.0748691936445], [-86.7688523854254, 36.0742367967481], [-86.7691055043603, 36.0736529772005], [-86.7692419584665, 36.0732379621312], [-86.7700763297016, 36.0698166937585], [-86.7709330411758, 36.0661746826599], [-86.7717218690277, 36.0629044827487], [-86.7721545818302, 36.0610290500208], [-86.7722690578516, 36.060638178588], [-86.772413726795, 36.0602772268043], [-86.773443558033, 36.0582718132451], [-86.7744201737829, 36.0583615778628], [-86.7745246689734, 36.0577066733914], [-86.7746243475801, 36.0573158944005], [-86.7748481568176, 36.0567682633104], [-86.7751312672909, 36.0562382556102], [-86.7752620276088, 36.0560033300764], [-86.7754650006152, 36.0555938804457], [-86.77564527203, 36.055130556128], [-86.7757671140408, 36.0547396332602], [-86.7759188888479, 36.0541615167605], [-86.7759824690847, 36.0533277457477], [-86.7760103399449, 36.0523972346224], [-86.7760640870628, 36.0503321546761], [-86.7761538958369, 36.0496893470373], [-86.7762820629274, 36.0491903436919], [-86.7765135807694, 36.0486786691946], [-86.7768478578118, 36.048094308304], [-86.7772201971793, 36.0476237398503], [-86.7777911366938, 36.0470558548798], [-86.7784805489322, 36.0465112119464], [-86.7791708342779, 36.0460565881609], [-86.7797659790877, 36.0456986119754], [-86.7804417659965, 36.0452740872284], [-86.7811313215641, 36.0447474330839], [-86.7815778161338, 36.0443063802353], [-86.7819289444602, 36.0439379726826], [-86.7821520163387, 36.0436311235016], [-86.7837323589438, 36.0416994585718], [-86.7846525335408, 36.0405830705918], [-86.7856528392136, 36.0393521134598], [-86.7859157249332, 36.0390322847253], [-86.7861992948923, 36.0385622658675], [-86.7863869117748, 36.0381048776192], [-86.7865576705209, 36.0374375235392], [-86.7866351539433, 36.0370528796622], [-86.7870923134191, 36.0362035894252], [-86.7874325001766, 36.0362286209136], [-86.7878422247511, 36.0362752198877], [-86.7883429652072, 36.0363334125628], [-86.7887827072014, 36.0363798119488], [-86.7895263620926, 36.036461133764], [-86.7906941187132, 36.0365887743005], [-86.7914419966361, 36.036669198114], [-86.7963787843582, 36.0371993244027], [-86.8013440069245, 36.0377333521488], [-86.8016000559289, 36.0377586056139], [-86.8074723535442, 36.0383430038388], [-86.8117586096439, 36.0387855154627], [-86.8135235986432, 36.0390110705838], [-86.8162407422398, 36.0393168613677], [-86.8192779596543, 36.0396621378483], [-86.8219172756123, 36.0399606036045], [-86.8235203480329, 36.0401419603293], [-86.8261580279057, 36.0404425766431], [-86.8293155302117, 36.0407989664546], [-86.8320770191206, 36.0411283050996], [-86.8422374958499, 36.0423361825325], [-86.8471057444596, 36.0429146778474], [-86.8523982812851, 36.0435432029179], [-86.8727194163168, 36.0458307158495], [-86.8828826193735, 36.0471709676487], [-86.889864788861, 36.0480778633837], [-86.8911877640208, 36.0482530067666], [-86.8931496204957, 36.0484974045972], [-86.8950654079763, 36.0487051974846], [-86.8973008532849, 36.0489845825392], [-86.8989435155129, 36.0491943472217], [-86.9006314292799, 36.0494037513983], [-86.9018174568203, 36.0495428864818], [-86.9029789539089, 36.0497060942165]]]}}]}